Exp ID / Name,Status,Purpose,Input,Target,Model / Change,Losses,Key Params,Dataset / Split,Metrics,Main Finding,Failure Mode,Keep?,Source
exp241 / exp241_n1_pvit_temap_lr1e4_lsh0.1,PASSED,Temporal energy-map input,binaural spec + temporal FOA energy maps,ERP depth,Temporal energy-map input,Depth + λ_sh aux; sometimes λ_energy,from name; FOA_L1=0.0195,test split; source=n1_test,"RMSE=1.0454, AbsRel=0.4516, δ1=0.4923",Excellent RMSE but test-time Ambisonics leakage for final setting,none reported,KEEP,master_ranking
exp201 / exp201_n2_temap_lr1e3_lsh0.1,PASSED,Temporal energy-map input,binaural spec + temporal FOA energy maps,ERP depth,Temporal energy-map input,Depth + λ_sh aux; sometimes λ_energy,from name; FOA_L1=0.0252,test split; source=n2_test,"RMSE=1.0464, AbsRel=0.4380, δ1=0.4958",Excellent RMSE but test-time Ambisonics leakage for final setting,none reported,KEEP,master_ranking
exp179 / exp179_oracle_nc3_lr5e4_lsh0.1,PASSED,FOA oracle nc3,binaural spectrogram + GT FOA energy map,ERP depth,FOA oracle nc3,Depth + λ_sh auxiliary,from name; FOA_L1=0.0298,test split; source=summary_test,"RMSE=1.0477, AbsRel=0.4774, δ1=0.5002",Upper bound; not deployable under final constraint,none reported,KEEP,master_ranking
exp202 / exp202_n2_temap_lr5e4_lsh0.1,PASSED,Temporal energy-map input,binaural spec + temporal FOA energy maps,ERP depth,Temporal energy-map input,Depth + λ_sh aux; sometimes λ_energy,from name; FOA_L1=0.0447,test split; source=n2_test,"RMSE=1.0497, AbsRel=0.4379, δ1=0.4985",Excellent RMSE but test-time Ambisonics leakage for final setting,none reported,KEEP,master_ranking
exp178 / exp178_oracle_nc3_lr1e3_lsh0.1,PASSED,FOA oracle nc3,binaural spectrogram + GT FOA energy map,ERP depth,FOA oracle nc3,Depth + λ_sh auxiliary,from name; FOA_L1=0.0338,test split; source=summary_test,"RMSE=1.0565, AbsRel=0.4216, δ1=0.4979",Upper bound; not deployable under final constraint,none reported,KEEP,master_ranking
exp203 / exp203_n2_temap_lr1e3_lsh0.3,PASSED,Temporal energy-map input,binaural spec + temporal FOA energy maps,ERP depth,Temporal energy-map input,Depth + λ_sh aux; sometimes λ_energy,from name; FOA_L1=0.0222,test split; source=n2_test,"RMSE=1.0568, AbsRel=0.4415, δ1=0.4980",Excellent RMSE but test-time Ambisonics leakage for final setting,none reported,KEEP,master_ranking
exp242 / exp242_n1_pvit_temap_lr5e5_lsh0.1,PASSED,Temporal energy-map input,binaural spec + temporal FOA energy maps,ERP depth,Temporal energy-map input,Depth + λ_sh aux; sometimes λ_energy,from name; FOA_L1=0.0182,test split; source=n1_test,"RMSE=1.0586, AbsRel=0.4556, δ1=0.5038",Excellent RMSE but test-time Ambisonics leakage for final setting,none reported,KEEP,master_ranking
exp219 / exp219_pvit_oracle_nc3_lr1e4_lsh0.1,PASSED,FOA oracle nc3,binaural spectrogram + GT FOA energy map,ERP depth,FOA oracle nc3,Depth + λ_sh auxiliary,from name; FOA_L1=0.0160,test split; source=n3_test,"RMSE=1.0612, AbsRel=0.4400, δ1=0.4947",Upper bound; not deployable under final constraint,none reported,KEEP,master_ranking
exp196 / exp196_n2_dual_lr5e4_lsh0.1,PASSED,N2 dual encoder,binaural spec + FOA spectrogram via dual encoders,ERP depth,N2 dual encoder,Depth + λ_sh,from name; FOA_L1=0.0280,test split; source=n2_test,"RMSE=1.0614, AbsRel=0.4775, δ1=0.5112",See family taxonomy; exact row preserved.,none reported,KEEP,master_ranking
exp243 / exp243_n1_pvit_temap_lr1e4_lsh0.3,PASSED,Temporal energy-map input,binaural spec + temporal FOA energy maps,ERP depth,Temporal energy-map input,Depth + λ_sh aux; sometimes λ_energy,from name; FOA_L1=0.0136,test split; source=n1_test,"RMSE=1.0661, AbsRel=0.4265, δ1=0.4995",Excellent RMSE but test-time Ambisonics leakage for final setting,none reported,KEEP,master_ranking
exp187 / exp187_n2_6ch_lr1e3_lsh0.1,PASSED,N2 direct FOA spectrogram input,binaural spec + 4ch FOA spectrogram,ERP depth,N2 direct FOA spectrogram input,Depth + λ_sh aux,from name; FOA_L1=0.0359,test split; source=n2_test,"RMSE=1.0713, AbsRel=0.4728, δ1=0.5111",Strong metrics but uses FOA at test,none reported,KEEP,master_ranking
exp195 / exp195_n2_dual_lr1e3_lsh0.1,PASSED,N2 dual encoder,binaural spec + FOA spectrogram via dual encoders,ERP depth,N2 dual encoder,Depth + λ_sh,from name; FOA_L1=0.0285,test split; source=n2_test,"RMSE=1.0725, AbsRel=0.4642, δ1=0.5069",See family taxonomy; exact row preserved.,none reported,KEEP,master_ranking
exp230 / exp230_pvit_distill_lkd0.5,PASSED,Distillation from oracle,binaural spec,ERP depth,Distillation from oracle,Depth + λ_sh + λ_kd,from name; FOA_L1=0.0280,test split; source=n3_test,"RMSE=1.0735, AbsRel=0.4834, δ1=0.5029",See family taxonomy; exact row preserved.,none reported,KEEP,master_ranking
exp180 / exp180_oracle_nc3_lr1e3_lsh0.3,PASSED,FOA oracle nc3,binaural spectrogram + GT FOA energy map,ERP depth,FOA oracle nc3,Depth + λ_sh auxiliary,from name; FOA_L1=0.0417,test split; source=summary_test,"RMSE=1.0741, AbsRel=0.4017, δ1=0.4817",Upper bound; not deployable under final constraint,none reported,KEEP,master_ranking
exp172 / exp172_n3eattn_lr1e3_lsh0.1,PASSED,N3 energy attention,binaural spec,ERP depth,N3 energy attention,Depth + λ_sh (+ optional λ_energy),from name; FOA_L1=0.0322,test split; source=summary_test,"RMSE=1.0744, AbsRel=0.4792, δ1=0.5030",See family taxonomy; exact row preserved.,none reported,KEEP,master_ranking
exp213 / exp213_n3mssh_eattn_lr1e3_lsh0.1,PASSED,N3 MSSH + energy attention,binaural spec,ERP depth,N3 MSSH + energy attention,Depth + λ_sh (+ optional λ_energy),from name; FOA_L1=0.0270,test split; source=n3_test,"RMSE=1.0777, AbsRel=0.4645, δ1=0.5017",See family taxonomy; exact row preserved.,none reported,KEEP,master_ranking
exp111 / exp111_foa_lr1e3_dw1.0_fw0.1_hw0.1_freeze15,PASSED,Original FOA UNet,binaural spec,ERP depth,Original FOA UNet,Depth + foa_weight*FOA + hist_weight*SH histogram,from name; FOA_L1=0.0636,test split; source=summary_test,"RMSE=1.0781, AbsRel=0.4535, δ1=0.4998",See family taxonomy; exact row preserved.,none reported,KEEP,master_ranking
exp189 / exp189_n2_6ch_lr1e3_lsh0.3,PASSED,N2 direct FOA spectrogram input,binaural spec + 4ch FOA spectrogram,ERP depth,N2 direct FOA spectrogram input,Depth + λ_sh aux,from name; FOA_L1=0.0302,test split; source=n2_test,"RMSE=1.0781, AbsRel=0.4393, δ1=0.4974",Strong metrics but uses FOA at test,none reported,KEEP,master_ranking
exp100 / exp100_foa_lr1e3_fw0.15_hw0.1,PASSED,Original FOA UNet,binaural spec,ERP depth,Original FOA UNet,Depth + foa_weight*FOA + hist_weight*SH histogram,from name; FOA_L1=0.0313,test split; source=summary_test,"RMSE=1.0793, AbsRel=0.5043, δ1=0.4821",See family taxonomy; exact row preserved.,none reported,KEEP,master_ranking
exp49 / exp49_foa_lr1e3_dw1.0_fw0.1_hw0.05,PASSED,Original FOA UNet,binaural spec,ERP depth,Original FOA UNet,Depth + foa_weight*FOA + hist_weight*SH histogram,from name; FOA_L1=0.0271,test split; source=summary_test,"RMSE=1.0803, AbsRel=0.4631, δ1=0.5023",See family taxonomy; exact row preserved.,none reported,KEEP,master_ranking
exp192 / exp192_n2_tenergy_lr1e3_lsh0.1,PASSED,Temporal energy attention/supervision,binaural spec,ERP depth,Temporal energy attention/supervision,Depth + λ_sh + λ_energy,from name; FOA_L1=0.0337,test split; source=n2_test,"RMSE=1.0805, AbsRel=0.4734, δ1=0.4912",See family taxonomy; exact row preserved.,none reported,KEEP,master_ranking
exp218 / exp218_pvit_film_dw2_lr1e4_lsh0.1,PASSED,N3 FiLM,binaural spec,ERP depth,N3 FiLM,Depth + λ_sh,from name; FOA_L1=0.0310,test split; source=n3_test,"RMSE=1.0805, AbsRel=0.4504, δ1=0.4867",See family taxonomy; exact row preserved.,none reported,KEEP,master_ranking
exp198 / exp198_n2_stft_lr5e4_lsh0.1,PASSED,N2 FOA STFT FiLM,binaural spec + FOA STFT descriptor,ERP depth,N2 FOA STFT FiLM,Depth + λ_sh,from name; FOA_L1=0.0322,test split; source=n2_test,"RMSE=1.0807, AbsRel=0.4719, δ1=0.5108",See family taxonomy; exact row preserved.,none reported,KEEP,master_ranking
exp200 / exp200_n2_trms_film_lr5e4_lsh0.1,PASSED,Temporal RMS FiLM,binaural spec + temporal FOA RMS descriptor for FiLM,ERP depth,Temporal RMS FiLM,Depth + λ_sh aux,from name; FOA_L1=0.0310,test split; source=n2_test,"RMSE=1.0808, AbsRel=0.4649, δ1=0.5016",See family taxonomy; exact row preserved.,none reported,KEEP,master_ranking
exp225 / exp225_n3mssh_freeze10_lr1e3_lsh0.3,PASSED,N3 multi-scale SH,binaural spec,ERP depth,N3 multi-scale SH,Depth + λ_sh,from name; FOA_L1=0.0242,test split; source=n3_test,"RMSE=1.0811, AbsRel=0.4821, δ1=0.4958",See family taxonomy; exact row preserved.,none reported,KEEP,master_ranking
exp208 / exp208_n3eattn_dw2_lr1e3_lsh0.1,PASSED,N3 energy attention,binaural spec,ERP depth,N3 energy attention,Depth + λ_sh (+ optional λ_energy),from name; FOA_L1=0.0398,test split; source=n3_test,"RMSE=1.0813, AbsRel=0.5003, δ1=0.4829",See family taxonomy; exact row preserved.,none reported,KEEP,master_ranking
exp52 / exp52_foa_lr5e4_dw1.0_fw0.2_hw0.2,PASSED,Original FOA UNet,binaural spec,ERP depth,Original FOA UNet,Depth + foa_weight*FOA + hist_weight*SH histogram,from name; FOA_L1=0.0287,test split; source=summary_test,"RMSE=1.0814, AbsRel=0.4921, δ1=0.4933",See family taxonomy; exact row preserved.,none reported,KEEP,master_ranking
exp28 / exp28_msattn_lr1e4_fw0.1,PASSED,FOA multi-scale attention,binaural spec,ERP depth,FOA multi-scale attention,Depth + FOA + hist + KL if configured,from name; FOA_L1=0.0341,test split; source=summary_test,"RMSE=1.0816, AbsRel=0.4917, δ1=0.4995",See family taxonomy; exact row preserved.,none reported,KEEP,master_ranking
exp01 / exp01_baseline_lr1e3_bs32,PASSED,Baseline UNet,binaural spec,ERP depth,Baseline UNet,BerHu + SILog depth unless noted,from name; FOA_L1=NA,test split; source=summary_test,"RMSE=1.0817, AbsRel=0.4553, δ1=0.5031",See family taxonomy; exact row preserved.,none reported,KEEP,master_ranking
exp74 / exp74_batvision_lr1e3_bs16,PASSED,BatVision UNet,binaural spec,ERP depth,BatVision UNet,BerHu + SILog depth unless noted,from name; FOA_L1=NA,test split; source=summary_test,"RMSE=1.0817, AbsRel=0.4652, δ1=0.4944",See family taxonomy; exact row preserved.,none reported,KEEP,master_ranking
exp65 / exp65_vit_lr3e5_bs16,PASSED,ViT from scratch,binaural spec,ERP depth,ViT from scratch,BerHu + SILog depth unless noted,from name; FOA_L1=NA,test split; source=summary_test,"RMSE=1.0818, AbsRel=0.4467, δ1=0.4959",See family taxonomy; exact row preserved.,none reported,KEEP,master_ranking
exp160 / exp160_pvitfoav1_lr1e4_w0.1,PASSED,Pretrained ViT + FOA aux,binaural spec,ERP depth,Pretrained ViT + FOA aux,Depth + λ_sh or FOA hist depending variant,from name; FOA_L1=0.0248,test split; source=summary_test,"RMSE=1.0820, AbsRel=0.4619, δ1=0.4948",See family taxonomy; exact row preserved.,none reported,KEEP,master_ranking
exp107 / exp107_foa_lr5e4_fw0.3_hw0.1,PASSED,Original FOA UNet,binaural spec,ERP depth,Original FOA UNet,Depth + foa_weight*FOA + hist_weight*SH histogram,from name; FOA_L1=0.0329,test split; source=summary_test,"RMSE=1.0824, AbsRel=0.4574, δ1=0.4945",See family taxonomy; exact row preserved.,none reported,KEEP,master_ranking
exp61 / exp61_vit_lr1e4_bs16,PASSED,ViT from scratch,binaural spec,ERP depth,ViT from scratch,BerHu + SILog depth unless noted,from name; FOA_L1=NA,test split; source=summary_test,"RMSE=1.0824, AbsRel=0.4496, δ1=0.4989",See family taxonomy; exact row preserved.,none reported,KEEP,master_ranking
exp174 / exp174_n3eattn_lr1e3_lsh0.3,PASSED,N3 energy attention,binaural spec,ERP depth,N3 energy attention,Depth + λ_sh (+ optional λ_energy),from name; FOA_L1=0.0335,test split; source=summary_test,"RMSE=1.0835, AbsRel=0.4767, δ1=0.4836",See family taxonomy; exact row preserved.,none reported,KEEP,master_ranking
exp71 / exp71_batvision_lr1e3_bs32,PASSED,BatVision UNet,binaural spec,ERP depth,BatVision UNet,BerHu + SILog depth unless noted,from name; FOA_L1=NA,test split; source=summary_test,"RMSE=1.0835, AbsRel=0.4430, δ1=0.4897",See family taxonomy; exact row preserved.,none reported,KEEP,master_ranking
exp226 / exp226_n3mssh_dw2_lr1e3_lsh0.3,PASSED,N3 multi-scale SH,binaural spec,ERP depth,N3 multi-scale SH,Depth + λ_sh,from name; FOA_L1=0.0269,test split; source=n3_test,"RMSE=1.0845, AbsRel=0.4396, δ1=0.4947",See family taxonomy; exact row preserved.,none reported,KEEP,master_ranking
exp20 / exp20_crossattn_lr5e4_fw0.2,PASSED,FOA cross-attention,binaural spec,ERP depth,FOA cross-attention,Depth + FOA + hist + KL if configured,from name; FOA_L1=0.0262,test split; source=summary_test,"RMSE=1.0850, AbsRel=0.4735, δ1=0.4931",See family taxonomy; exact row preserved.,none reported,KEEP,master_ranking
exp125 / exp125_echodiff_wav2vec_lr1e4_bs8,PASSED,EchoDiffusion,binaural spec + raw waveform,ERP depth,EchoDiffusion,BerHu + SILog depth; Wav2Vec/CIDE conditioning,from name; FOA_L1=NA,test split; source=summary_test,"RMSE=1.0852, AbsRel=0.4750, δ1=0.4994",See family taxonomy; exact row preserved.,none reported,KEEP,master_ranking
exp215 / exp215_n3eattn_distill_lkd0.5,PASSED,Distillation from oracle,binaural spec,ERP depth,Distillation from oracle,Depth + λ_sh + λ_kd,from name; FOA_L1=0.0353,test split; source=n3_test,"RMSE=1.0853, AbsRel=0.4288, δ1=0.4943",See family taxonomy; exact row preserved.,none reported,KEEP,master_ranking
exp120 / exp120_foa_lr5e4_fw0.05_hw0.1_freeze5,PASSED,Original FOA UNet,binaural spec,ERP depth,Original FOA UNet,Depth + foa_weight*FOA + hist_weight*SH histogram,from name; FOA_L1=0.0355,test split; source=summary_test,"RMSE=1.0858, AbsRel=0.4568, δ1=0.4884",See family taxonomy; exact row preserved.,none reported,KEEP,master_ranking
exp50 / exp50_foa_lr1e3_dw1.0_fw0.1_hw0.1_freeze5,PASSED,Original FOA UNet,binaural spec,ERP depth,Original FOA UNet,Depth + foa_weight*FOA + hist_weight*SH histogram,from name; FOA_L1=0.0343,test split; source=summary_test,"RMSE=1.0858, AbsRel=0.4691, δ1=0.4860",See family taxonomy; exact row preserved.,none reported,KEEP,master_ranking
exp173 / exp173_n3eattn_lr5e4_lsh0.1,PASSED,N3 energy attention,binaural spec,ERP depth,N3 energy attention,Depth + λ_sh (+ optional λ_energy),from name; FOA_L1=0.0328,test split; source=summary_test,"RMSE=1.0859, AbsRel=0.4511, δ1=0.4866",See family taxonomy; exact row preserved.,none reported,KEEP,master_ranking
exp216 / exp216_pvit_eattn_lr1e4_lsh0.1,PASSED,N3 energy attention,binaural spec,ERP depth,N3 energy attention,Depth + λ_sh (+ optional λ_energy),from name; FOA_L1=0.0249,test split; source=n3_test,"RMSE=1.0863, AbsRel=0.4639, δ1=0.4974",See family taxonomy; exact row preserved.,none reported,KEEP,master_ranking
exp96 / exp96_foa_lr2e4_dw1.0_fw0.1_hw0.1,PASSED,Original FOA UNet,binaural spec,ERP depth,Original FOA UNet,Depth + foa_weight*FOA + hist_weight*SH histogram,from name; FOA_L1=0.0377,test split; source=summary_test,"RMSE=1.0866, AbsRel=0.4752, δ1=0.4929",See family taxonomy; exact row preserved.,none reported,KEEP,master_ranking
exp23 / exp23_featbank_lr1e4_fw0.1,PASSED,FOA feature bank,binaural spec,ERP depth,FOA feature bank,Depth + FOA + hist + KL if configured,from name; FOA_L1=0.0412,test split; source=summary_test,"RMSE=1.0869, AbsRel=0.4913, δ1=0.4977",See family taxonomy; exact row preserved.,none reported,KEEP,master_ranking
exp214 / exp214_n3eattn_sh9_lr1e3_lsh0.1,PASSED,N3 energy attention SH9,binaural spec,ERP depth,N3 energy attention SH9,Depth + λ_sh,from name; FOA_L1=0.0350,test split; source=n3_test,"RMSE=1.0870, AbsRel=0.4373, δ1=0.4954",See family taxonomy; exact row preserved.,none reported,KEEP,master_ranking
exp44 / exp44_foa_lr5e4_dw1.0_fw0.1_hw0.2,PASSED,Original FOA UNet,binaural spec,ERP depth,Original FOA UNet,Depth + foa_weight*FOA + hist_weight*SH histogram,from name; FOA_L1=0.0340,test split; source=summary_test,"RMSE=1.0871, AbsRel=0.4781, δ1=0.4986",See family taxonomy; exact row preserved.,none reported,KEEP,master_ranking
exp109 / exp109_foa_lr1e3_dw1.0_fw0.2_hw0.2_freeze5,PASSED,Original FOA UNet,binaural spec,ERP depth,Original FOA UNet,Depth + foa_weight*FOA + hist_weight*SH histogram,from name; FOA_L1=0.0296,test split; source=summary_test,"RMSE=1.0873, AbsRel=0.4889, δ1=0.4923",See family taxonomy; exact row preserved.,none reported,KEEP,master_ranking
exp188 / exp188_n2_6ch_lr5e4_lsh0.1,PASSED,N2 direct FOA spectrogram input,binaural spec + 4ch FOA spectrogram,ERP depth,N2 direct FOA spectrogram input,Depth + λ_sh aux,from name; FOA_L1=0.0212,test split; source=n2_test,"RMSE=1.0875, AbsRel=0.4444, δ1=0.4983",Strong metrics but uses FOA at test,none reported,KEEP,master_ranking
exp41 / exp41_foa_lr1e3_dw1.0_fw0.2_hw0.1,PASSED,Original FOA UNet,binaural spec,ERP depth,Original FOA UNet,Depth + foa_weight*FOA + hist_weight*SH histogram,from name; FOA_L1=0.0283,test split; source=summary_test,"RMSE=1.0875, AbsRel=0.4568, δ1=0.4900",See family taxonomy; exact row preserved.,none reported,KEEP,master_ranking
exp170 / exp170_n3mssh_lr5e4_lsh0.1,PASSED,N3 multi-scale SH,binaural spec,ERP depth,N3 multi-scale SH,Depth + λ_sh,from name; FOA_L1=0.0249,test split; source=summary_test,"RMSE=1.0878, AbsRel=0.4676, δ1=0.4985",See family taxonomy; exact row preserved.,none reported,KEEP,master_ranking
exp16 / exp16_crossattn_lr1e3_fw0.1,PASSED,FOA cross-attention,binaural spec,ERP depth,FOA cross-attention,Depth + FOA + hist + KL if configured,from name; FOA_L1=0.0288,test split; source=summary_test,"RMSE=1.0880, AbsRel=0.4570, δ1=0.4958",See family taxonomy; exact row preserved.,none reported,KEEP,master_ranking
exp51 / exp51_foa_lr1e3_dw1.0_fw0.1_hw0.1_freeze10,PASSED,Original FOA UNet,binaural spec,ERP depth,Original FOA UNet,Depth + foa_weight*FOA + hist_weight*SH histogram,from name; FOA_L1=0.0335,test split; source=summary_test,"RMSE=1.0881, AbsRel=0.4839, δ1=0.4913",See family taxonomy; exact row preserved.,none reported,KEEP,master_ranking
exp105 / exp105_foa_lr1e3_fw0.3_hw0.1,PASSED,Original FOA UNet,binaural spec,ERP depth,Original FOA UNet,Depth + foa_weight*FOA + hist_weight*SH histogram,from name; FOA_L1=0.0307,test split; source=summary_test,"RMSE=1.0884, AbsRel=0.4638, δ1=0.4940",See family taxonomy; exact row preserved.,none reported,KEEP,master_ranking
exp36 / exp36_foa_lr1e3_dw1.0_fw0.1_hw0.1,PASSED,Original FOA UNet,binaural spec,ERP depth,Original FOA UNet,Depth + foa_weight*FOA + hist_weight*SH histogram,from name; FOA_L1=0.0288,test split; source=summary_test,"RMSE=1.0884, AbsRel=0.4850, δ1=0.4943",See family taxonomy; exact row preserved.,none reported,KEEP,master_ranking
exp186 / exp186_n3eattn_lr1e3_lsh0.5,PASSED,N3 energy attention,binaural spec,ERP depth,N3 energy attention,Depth + λ_sh (+ optional λ_energy),from name; FOA_L1=0.0357,test split; source=summary_test,"RMSE=1.0885, AbsRel=0.4504, δ1=0.4893",See family taxonomy; exact row preserved.,none reported,KEEP,master_ranking
exp48 / exp48_foa_lr1e3_dw1.0_fw0.05_hw0.1,PASSED,Original FOA UNet,binaural spec,ERP depth,Original FOA UNet,Depth + foa_weight*FOA + hist_weight*SH histogram,from name; FOA_L1=0.0342,test split; source=summary_test,"RMSE=1.0886, AbsRel=0.4625, δ1=0.4920",See family taxonomy; exact row preserved.,none reported,KEEP,master_ranking
exp56 / exp56_foav2_lr1e3_dw1.0_fw0.1_hw0.1,PASSED,FOA v2,binaural spec,ERP depth,FOA v2,Depth + FOA + hist/consistency,from name; FOA_L1=0.0289,test split; source=summary_test,"RMSE=1.0886, AbsRel=0.4672, δ1=0.4905",See family taxonomy; exact row preserved.,none reported,KEEP,master_ranking
exp40 / exp40_foa_lr5e4_bs16_dw1.0_fw0.1_hw0.1,PASSED,Original FOA UNet,binaural spec,ERP depth,Original FOA UNet,Depth + foa_weight*FOA + hist_weight*SH histogram,from name; FOA_L1=0.0295,test split; source=summary_test,"RMSE=1.0888, AbsRel=0.4693, δ1=0.4962",See family taxonomy; exact row preserved.,none reported,KEEP,master_ranking
exp99 / exp99_foa_lr1e3_dw1.5_fw0.1_hw0.1,PASSED,Original FOA UNet,binaural spec,ERP depth,Original FOA UNet,Depth + foa_weight*FOA + hist_weight*SH histogram,from name; FOA_L1=0.0292,test split; source=summary_test,"RMSE=1.0888, AbsRel=0.4748, δ1=0.5034",See family taxonomy; exact row preserved.,none reported,KEEP,master_ranking
exp184 / exp184_v1base_lr1e3_lsh0.1,PASSED,UNKNOWN,UNKNOWN,ERP depth,UNKNOWN,BerHu + SILog depth unless noted,from name; FOA_L1=0.0410,test split; source=summary_test,"RMSE=1.0889, AbsRel=0.4836, δ1=0.4939",See family taxonomy; exact row preserved.,none reported,KEEP,master_ranking
exp121 / exp121_echodiff_wav2vec_lr1e4_bs16,PASSED,EchoDiffusion,binaural spec + raw waveform,ERP depth,EchoDiffusion,BerHu + SILog depth; Wav2Vec/CIDE conditioning,from name; FOA_L1=NA,test split; source=summary_test,"RMSE=1.0892, AbsRel=0.4485, δ1=0.4887",See family taxonomy; exact row preserved.,none reported,KEEP,master_ranking
exp72 / exp72_batvision_lr5e4_bs32,PASSED,BatVision UNet,binaural spec,ERP depth,BatVision UNet,BerHu + SILog depth unless noted,from name; FOA_L1=NA,test split; source=summary_test,"RMSE=1.0893, AbsRel=0.4552, δ1=0.4894",See family taxonomy; exact row preserved.,none reported,KEEP,master_ranking
exp03 / exp03_baseline_lr1e4_bs32,PASSED,Baseline UNet,binaural spec,ERP depth,Baseline UNet,BerHu + SILog depth unless noted,from name; FOA_L1=NA,test split; source=summary_test,"RMSE=1.0894, AbsRel=0.4295, δ1=0.4934",See family taxonomy; exact row preserved.,none reported,KEEP,master_ranking
exp227 / exp227_n3mssh_eattn_lr1e3_lsh0.3,PASSED,N3 MSSH + energy attention,binaural spec,ERP depth,N3 MSSH + energy attention,Depth + λ_sh (+ optional λ_energy),from name; FOA_L1=0.0241,test split; source=n3_test,"RMSE=1.0895, AbsRel=0.4331, δ1=0.5008",See family taxonomy; exact row preserved.,none reported,KEEP,master_ranking
exp228 / exp228_n3mssh_eattn_lenergy_lr1e3_lsh0.1,PASSED,N3 MSSH + energy attention,binaural spec,ERP depth,N3 MSSH + energy attention,Depth + λ_sh (+ optional λ_energy),from name; FOA_L1=0.0285,test split; source=n3_test,"RMSE=1.0898, AbsRel=0.4332, δ1=0.4964",See family taxonomy; exact row preserved.,none reported,KEEP,master_ranking
exp117 / exp117_foa_lr2e4_dw1.0_fw0.2_hw0.2,PASSED,Original FOA UNet,binaural spec,ERP depth,Original FOA UNet,Depth + foa_weight*FOA + hist_weight*SH histogram,from name; FOA_L1=0.0447,test split; source=summary_test,"RMSE=1.0899, AbsRel=0.4742, δ1=0.4908",See family taxonomy; exact row preserved.,none reported,KEEP,master_ranking
exp27 / exp27_msattn_lr5e4_fw0.1,PASSED,FOA multi-scale attention,binaural spec,ERP depth,FOA multi-scale attention,Depth + FOA + hist + KL if configured,from name; FOA_L1=0.0361,test split; source=summary_test,"RMSE=1.0901, AbsRel=0.4483, δ1=0.4913",See family taxonomy; exact row preserved.,none reported,KEEP,master_ranking
exp116 / exp116_foa_lr3e4_fw0.2_hw0.1,PASSED,Original FOA UNet,binaural spec,ERP depth,Original FOA UNet,Depth + foa_weight*FOA + hist_weight*SH histogram,from name; FOA_L1=0.0301,test split; source=summary_test,"RMSE=1.0902, AbsRel=0.4452, δ1=0.4944",See family taxonomy; exact row preserved.,none reported,KEEP,master_ranking
exp161 / exp161_pvitfoav1_lr5e5_w0.3,PASSED,Pretrained ViT + FOA aux,binaural spec,ERP depth,Pretrained ViT + FOA aux,Depth + λ_sh or FOA hist depending variant,from name; FOA_L1=0.0222,test split; source=summary_test,"RMSE=1.0903, AbsRel=0.4673, δ1=0.5000",See family taxonomy; exact row preserved.,none reported,KEEP,master_ranking
exp42 / exp42_foa_lr5e4_dw1.0_fw0.2_hw0.1,PASSED,Original FOA UNet,binaural spec,ERP depth,Original FOA UNet,Depth + foa_weight*FOA + hist_weight*SH histogram,from name; FOA_L1=0.0259,test split; source=summary_test,"RMSE=1.0904, AbsRel=0.4572, δ1=0.5018",See family taxonomy; exact row preserved.,none reported,KEEP,master_ranking
exp91 / exp91_channelattn_lr1e3_fw0.1_kl0.02,PASSED,FOA channel attention,binaural spec,ERP depth,FOA channel attention,Depth + FOA + hist + KL if configured,from name; FOA_L1=0.0309,test split; source=summary_test,"RMSE=1.0907, AbsRel=0.4470, δ1=0.4869",See family taxonomy; exact row preserved.,none reported,KEEP,master_ranking
exp14 / exp14_echodiff_lr5e4_bs32,PASSED,EchoDiffusion,binaural spec + raw waveform,ERP depth,EchoDiffusion,BerHu + SILog depth; Wav2Vec/CIDE conditioning,from name; FOA_L1=NA,test split; source=summary_test,"RMSE=1.0908, AbsRel=0.4664, δ1=0.4932",See family taxonomy; exact row preserved.,none reported,KEEP,master_ranking
exp210 / exp210_n3eattn_lenergy0.3_lr1e3_lsh0.1,PASSED,N3 energy attention,binaural spec,ERP depth,N3 energy attention,Depth + λ_sh (+ optional λ_energy),from name; FOA_L1=0.0327,test split; source=n3_test,"RMSE=1.0913, AbsRel=0.4763, δ1=0.4930",See family taxonomy; exact row preserved.,none reported,KEEP,master_ranking
exp80 / exp80_crossattn_lr1e3_fw0.3_kl0.01,PASSED,FOA cross-attention,binaural spec,ERP depth,FOA cross-attention,Depth + FOA + hist + KL if configured,from name; FOA_L1=0.0242,test split; source=summary_test,"RMSE=1.0913, AbsRel=0.4731, δ1=0.5007",See family taxonomy; exact row preserved.,none reported,KEEP,master_ranking
exp53 / exp53_foa_lr5e4_dw0.5_fw0.2_hw0.1,PASSED,Original FOA UNet,binaural spec,ERP depth,Original FOA UNet,Depth + foa_weight*FOA + hist_weight*SH histogram,from name; FOA_L1=0.0320,test split; source=summary_test,"RMSE=1.0917, AbsRel=0.4669, δ1=0.4878",See family taxonomy; exact row preserved.,none reported,KEEP,master_ranking
exp29 / exp29_msattn_lr1e3_fw0.2,PASSED,FOA multi-scale attention,binaural spec,ERP depth,FOA multi-scale attention,Depth + FOA + hist + KL if configured,from name; FOA_L1=0.0289,test split; source=summary_test,"RMSE=1.0922, AbsRel=0.4723, δ1=0.4936",See family taxonomy; exact row preserved.,none reported,KEEP,master_ranking
exp103 / exp103_foa_lr5e4_fw0.15_hw0.1,PASSED,Original FOA UNet,binaural spec,ERP depth,Original FOA UNet,Depth + foa_weight*FOA + hist_weight*SH histogram,from name; FOA_L1=0.0320,test split; source=summary_test,"RMSE=1.0925, AbsRel=0.4662, δ1=0.4871",See family taxonomy; exact row preserved.,none reported,KEEP,master_ranking
exp05 / exp05_baseline_lr5e4_bs16,PASSED,Baseline UNet,binaural spec,ERP depth,Baseline UNet,BerHu + SILog depth unless noted,from name; FOA_L1=NA,test split; source=summary_test,"RMSE=1.0927, AbsRel=0.4688, δ1=0.4863",See family taxonomy; exact row preserved.,none reported,KEEP,master_ranking
exp25 / exp25_featbank_lr5e4_fw0.2,PASSED,FOA feature bank,binaural spec,ERP depth,FOA feature bank,Depth + FOA + hist + KL if configured,from name; FOA_L1=0.0311,test split; source=summary_test,"RMSE=1.0928, AbsRel=0.4558, δ1=0.4913",See family taxonomy; exact row preserved.,none reported,KEEP,master_ranking
exp73 / exp73_batvision_lr1e4_bs32,PASSED,BatVision UNet,binaural spec,ERP depth,BatVision UNet,BerHu + SILog depth unless noted,from name; FOA_L1=NA,test split; source=summary_test,"RMSE=1.0928, AbsRel=0.4551, δ1=0.4998",See family taxonomy; exact row preserved.,none reported,KEEP,master_ranking
exp164 / exp164_pvitfoav3_lr1e4_w0.1,PASSED,Pretrained ViT + FOA aux,binaural spec,ERP depth,Pretrained ViT + FOA aux,Depth + λ_sh or FOA hist depending variant,from name; FOA_L1=0.0253,test split; source=summary_test,"RMSE=1.0929, AbsRel=0.4372, δ1=0.4972",See family taxonomy; exact row preserved.,none reported,KEEP,master_ranking
exp83 / exp83_featbank_lr1e3_fw0.05_kl0.01,PASSED,FOA feature bank,binaural spec,ERP depth,FOA feature bank,Depth + FOA + hist + KL if configured,from name; FOA_L1=0.0348,test split; source=summary_test,"RMSE=1.0930, AbsRel=0.4701, δ1=0.4817",See family taxonomy; exact row preserved.,none reported,KEEP,master_ranking
exp204 / exp204_n2_xattn_lr1e3_lsh0.1,PASSED,N2 temporal-bin cross-attention,binaural spec + temporal FOA energy maps,ERP depth,N2 temporal-bin cross-attention,Depth + λ_sh,from name; FOA_L1=0.0279,test split; source=n2_test,"RMSE=1.0931, AbsRel=0.4510, δ1=0.5010",See family taxonomy; exact row preserved.,none reported,KEEP,master_ranking
exp209 / exp209_n3eattn_freeze15_lr1e3_lsh0.1,PASSED,N3 energy attention,binaural spec,ERP depth,N3 energy attention,Depth + λ_sh (+ optional λ_energy),from name; FOA_L1=0.0340,test split; source=n3_test,"RMSE=1.0931, AbsRel=0.4410, δ1=0.4954",See family taxonomy; exact row preserved.,none reported,KEEP,master_ranking
exp169 / exp169_n3mssh_lr1e3_lsh0.1,PASSED,N3 multi-scale SH,binaural spec,ERP depth,N3 multi-scale SH,Depth + λ_sh,from name; FOA_L1=0.0250,test split; source=summary_test,"RMSE=1.0937, AbsRel=0.4418, δ1=0.4972",See family taxonomy; exact row preserved.,none reported,KEEP,master_ranking
exp199 / exp199_n2_trms_film_lr1e3_lsh0.1,PASSED,Temporal RMS FiLM,binaural spec + temporal FOA RMS descriptor for FiLM,ERP depth,Temporal RMS FiLM,Depth + λ_sh aux,from name; FOA_L1=0.0517,test split; source=n2_test,"RMSE=1.0937, AbsRel=0.4356, δ1=0.4855",See family taxonomy; exact row preserved.,none reported,KEEP,master_ranking
exp32 / exp32_channelattn_lr5e4_fw0.1,PASSED,FOA channel attention,binaural spec,ERP depth,FOA channel attention,Depth + FOA + hist + KL if configured,from name; FOA_L1=0.0316,test split; source=summary_test,"RMSE=1.0938, AbsRel=0.4510, δ1=0.4960",See family taxonomy; exact row preserved.,none reported,KEEP,master_ranking
exp17 / exp17_crossattn_lr5e4_fw0.1,PASSED,FOA cross-attention,binaural spec,ERP depth,FOA cross-attention,Depth + FOA + hist + KL if configured,from name; FOA_L1=0.0312,test split; source=summary_test,"RMSE=1.0939, AbsRel=0.4599, δ1=0.4927",See family taxonomy; exact row preserved.,none reported,KEEP,master_ranking
exp24 / exp24_featbank_lr1e3_fw0.2,PASSED,FOA feature bank,binaural spec,ERP depth,FOA feature bank,Depth + FOA + hist + KL if configured,from name; FOA_L1=0.0293,test split; source=summary_test,"RMSE=1.0939, AbsRel=0.4759, δ1=0.5010",See family taxonomy; exact row preserved.,none reported,KEEP,master_ranking
exp197 / exp197_n2_stft_lr1e3_lsh0.1,PASSED,N2 FOA STFT FiLM,binaural spec + FOA STFT descriptor,ERP depth,N2 FOA STFT FiLM,Depth + λ_sh,from name; FOA_L1=0.0371,test split; source=n2_test,"RMSE=1.0941, AbsRel=0.4578, δ1=0.4821",See family taxonomy; exact row preserved.,none reported,KEEP,master_ranking
exp222 / exp222_n3mssh_lr1e3_lsh0.7,PASSED,N3 multi-scale SH,binaural spec,ERP depth,N3 multi-scale SH,Depth + λ_sh,from name; FOA_L1=0.0221,test split; source=n3_test,"RMSE=1.0941, AbsRel=0.4546, δ1=0.5022",See family taxonomy; exact row preserved.,none reported,KEEP,master_ranking
exp81 / exp81_featbank_lr1e3_fw0.1_kl0.02,PASSED,FOA feature bank,binaural spec,ERP depth,FOA feature bank,Depth + FOA + hist + KL if configured,from name; FOA_L1=0.0332,test split; source=summary_test,"RMSE=1.0943, AbsRel=0.4462, δ1=0.4900",See family taxonomy; exact row preserved.,none reported,KEEP,master_ranking
exp55 / exp55_foa_lr1e4_bs16_dw1.0_fw0.1_hw0.1,PASSED,Original FOA UNet,binaural spec,ERP depth,Original FOA UNet,Depth + foa_weight*FOA + hist_weight*SH histogram,from name; FOA_L1=0.0383,test split; source=summary_test,"RMSE=1.0945, AbsRel=0.4656, δ1=0.4919",See family taxonomy; exact row preserved.,none reported,KEEP,master_ranking
exp92 / exp92_channelattn_lr5e4_fw0.2_kl0.005,PASSED,FOA channel attention,binaural spec,ERP depth,FOA channel attention,Depth + FOA + hist + KL if configured,from name; FOA_L1=0.0276,test split; source=summary_test,"RMSE=1.0945, AbsRel=0.4561, δ1=0.4948",See family taxonomy; exact row preserved.,none reported,KEEP,master_ranking
exp113 / exp113_foa_lr1e3_dw1.0_fw0.05_hw0.05,PASSED,Original FOA UNet,binaural spec,ERP depth,Original FOA UNet,Depth + foa_weight*FOA + hist_weight*SH histogram,from name; FOA_L1=0.0336,test split; source=summary_test,"RMSE=1.0948, AbsRel=0.4440, δ1=0.4862",See family taxonomy; exact row preserved.,none reported,KEEP,master_ranking
exp34 / exp34_channelattn_lr1e3_fw0.2,PASSED,FOA channel attention,binaural spec,ERP depth,FOA channel attention,Depth + FOA + hist + KL if configured,from name; FOA_L1=0.0286,test split; source=summary_test,"RMSE=1.0951, AbsRel=0.4631, δ1=0.4890",See family taxonomy; exact row preserved.,none reported,KEEP,master_ranking
exp119 / exp119_foa_lr1e3_fw0.1_hw0.2_freeze3,PASSED,Original FOA UNet,binaural spec,ERP depth,Original FOA UNet,Depth + foa_weight*FOA + hist_weight*SH histogram,from name; FOA_L1=0.0316,test split; source=summary_test,"RMSE=1.0952, AbsRel=0.4566, δ1=0.4845",See family taxonomy; exact row preserved.,none reported,KEEP,master_ranking
exp58 / exp58_foav2_lr1e4_dw1.0_fw0.1_hw0.1,PASSED,FOA v2,binaural spec,ERP depth,FOA v2,Depth + FOA + hist/consistency,from name; FOA_L1=0.0375,test split; source=summary_test,"RMSE=1.0952, AbsRel=0.4824, δ1=0.4854",See family taxonomy; exact row preserved.,none reported,KEEP,master_ranking
exp19 / exp19_crossattn_lr1e3_fw0.2,PASSED,FOA cross-attention,binaural spec,ERP depth,FOA cross-attention,Depth + FOA + hist + KL if configured,from name; FOA_L1=0.0254,test split; source=summary_test,"RMSE=1.0957, AbsRel=0.4652, δ1=0.4995",See family taxonomy; exact row preserved.,none reported,KEEP,master_ranking
exp122 / exp122_echodiff_wav2vec_lr5e4_bs16,PASSED,EchoDiffusion,binaural spec + raw waveform,ERP depth,EchoDiffusion,BerHu + SILog depth; Wav2Vec/CIDE conditioning,from name; FOA_L1=NA,test split; source=summary_test,"RMSE=1.0958, AbsRel=0.4585, δ1=0.4882",See family taxonomy; exact row preserved.,none reported,KEEP,master_ranking
exp124 / exp124_echodiff_wav2vec_lr5e5_bs16,PASSED,EchoDiffusion,binaural spec + raw waveform,ERP depth,EchoDiffusion,BerHu + SILog depth; Wav2Vec/CIDE conditioning,from name; FOA_L1=NA,test split; source=summary_test,"RMSE=1.0958, AbsRel=0.4901, δ1=0.4721",See family taxonomy; exact row preserved.,none reported,KEEP,master_ranking
exp104 / exp104_foa_lr5e4_fw0.1_hw0.15,PASSED,Original FOA UNet,binaural spec,ERP depth,Original FOA UNet,Depth + foa_weight*FOA + hist_weight*SH histogram,from name; FOA_L1=0.0290,test split; source=summary_test,"RMSE=1.0964, AbsRel=0.4745, δ1=0.4886",See family taxonomy; exact row preserved.,none reported,KEEP,master_ranking
exp62 / exp62_vit_lr5e5_bs16,PASSED,ViT from scratch,binaural spec,ERP depth,ViT from scratch,BerHu + SILog depth unless noted,from name; FOA_L1=NA,test split; source=summary_test,"RMSE=1.0964, AbsRel=0.4449, δ1=0.4869",See family taxonomy; exact row preserved.,none reported,KEEP,master_ranking
exp47 / exp47_foa_lr1e3_dw2.0_fw0.1_hw0.1,PASSED,Original FOA UNet,binaural spec,ERP depth,Original FOA UNet,Depth + foa_weight*FOA + hist_weight*SH histogram,from name; FOA_L1=0.0287,test split; source=summary_test,"RMSE=1.0968, AbsRel=0.4463, δ1=0.4858",See family taxonomy; exact row preserved.,none reported,KEEP,master_ranking
exp45 / exp45_foa_lr1e3_dw1.0_fw0.2_hw0.2,PASSED,Original FOA UNet,binaural spec,ERP depth,Original FOA UNet,Depth + foa_weight*FOA + hist_weight*SH histogram,from name; FOA_L1=0.0280,test split; source=summary_test,"RMSE=1.0969, AbsRel=0.4955, δ1=0.4913",See family taxonomy; exact row preserved.,none reported,KEEP,master_ranking
exp206 / exp206_n2_xattn_lr1e3_lsh0.3,PASSED,N2 temporal-bin cross-attention,binaural spec + temporal FOA energy maps,ERP depth,N2 temporal-bin cross-attention,Depth + λ_sh,from name; FOA_L1=0.0334,test split; source=n2_test,"RMSE=1.0972, AbsRel=0.4604, δ1=0.4844",See family taxonomy; exact row preserved.,none reported,KEEP,master_ranking
exp35 / exp35_channelattn_lr5e4_fw0.2,PASSED,FOA channel attention,binaural spec,ERP depth,FOA channel attention,Depth + FOA + hist + KL if configured,from name; FOA_L1=0.0301,test split; source=summary_test,"RMSE=1.0972, AbsRel=0.4579, δ1=0.4909",See family taxonomy; exact row preserved.,none reported,KEEP,master_ranking
exp43 / exp43_foa_lr1e3_dw1.0_fw0.1_hw0.2,PASSED,Original FOA UNet,binaural spec,ERP depth,Original FOA UNet,Depth + foa_weight*FOA + hist_weight*SH histogram,from name; FOA_L1=0.0305,test split; source=summary_test,"RMSE=1.0972, AbsRel=0.4660, δ1=0.4930",See family taxonomy; exact row preserved.,none reported,KEEP,master_ranking
exp39 / exp39_foa_lr1e3_bs16_dw1.0_fw0.1_hw0.1,PASSED,Original FOA UNet,binaural spec,ERP depth,Original FOA UNet,Depth + foa_weight*FOA + hist_weight*SH histogram,from name; FOA_L1=0.0332,test split; source=summary_test,"RMSE=1.0973, AbsRel=0.4953, δ1=0.4973",See family taxonomy; exact row preserved.,none reported,KEEP,master_ranking
exp88 / exp88_msattn_lr1e3_fw0.05_kl0.01,PASSED,FOA multi-scale attention,binaural spec,ERP depth,FOA multi-scale attention,Depth + FOA + hist + KL if configured,from name; FOA_L1=0.0281,test split; source=summary_test,"RMSE=1.0975, AbsRel=0.4724, δ1=0.4998",See family taxonomy; exact row preserved.,none reported,KEEP,master_ranking
exp30 / exp30_msattn_lr5e4_fw0.2,PASSED,FOA multi-scale attention,binaural spec,ERP depth,FOA multi-scale attention,Depth + FOA + hist + KL if configured,from name; FOA_L1=0.0309,test split; source=summary_test,"RMSE=1.0977, AbsRel=0.4551, δ1=0.4912",See family taxonomy; exact row preserved.,none reported,KEEP,master_ranking
exp46 / exp46_foa_lr1e3_dw0.5_fw0.1_hw0.1,PASSED,Original FOA UNet,binaural spec,ERP depth,Original FOA UNet,Depth + foa_weight*FOA + hist_weight*SH histogram,from name; FOA_L1=0.0287,test split; source=summary_test,"RMSE=1.0977, AbsRel=0.4663, δ1=0.4937",See family taxonomy; exact row preserved.,none reported,KEEP,master_ranking
exp18 / exp18_crossattn_lr1e4_fw0.1,PASSED,FOA cross-attention,binaural spec,ERP depth,FOA cross-attention,Depth + FOA + hist + KL if configured,from name; FOA_L1=0.1768,test split; source=summary_test,"RMSE=1.0978, AbsRel=0.4856, δ1=0.4905",See family taxonomy; exact row preserved.,none reported,KEEP,master_ranking
exp76 / exp76_crossattn_lr1e3_fw0.1_kl0.02,PASSED,FOA cross-attention,binaural spec,ERP depth,FOA cross-attention,Depth + FOA + hist + KL if configured,from name; FOA_L1=0.0321,test split; source=summary_test,"RMSE=1.0981, AbsRel=0.4588, δ1=0.4895",See family taxonomy; exact row preserved.,none reported,KEEP,master_ranking
exp22 / exp22_featbank_lr5e4_fw0.1,PASSED,FOA feature bank,binaural spec,ERP depth,FOA feature bank,Depth + FOA + hist + KL if configured,from name; FOA_L1=0.0324,test split; source=summary_test,"RMSE=1.0983, AbsRel=0.4702, δ1=0.4944",See family taxonomy; exact row preserved.,none reported,KEEP,master_ranking
exp60 / exp60_foav2_lr5e4_dw1.0_fw0.2_hw0.2,PASSED,FOA v2,binaural spec,ERP depth,FOA v2,Depth + FOA + hist/consistency,from name; FOA_L1=0.0281,test split; source=summary_test,"RMSE=1.0988, AbsRel=0.4700, δ1=0.4906",See family taxonomy; exact row preserved.,none reported,KEEP,master_ranking
exp02 / exp02_baseline_lr5e4_bs32,PASSED,Baseline UNet,binaural spec,ERP depth,Baseline UNet,BerHu + SILog depth unless noted,from name; FOA_L1=NA,test split; source=summary_test,"RMSE=1.0989, AbsRel=0.4127, δ1=0.4943",See family taxonomy; exact row preserved.,none reported,KEEP,master_ranking
exp87 / exp87_msattn_lr5e4_fw0.2_kl0.005,PASSED,FOA multi-scale attention,binaural spec,ERP depth,FOA multi-scale attention,Depth + FOA + hist + KL if configured,from name; FOA_L1=0.0375,test split; source=summary_test,"RMSE=1.0990, AbsRel=0.4751, δ1=0.4868",See family taxonomy; exact row preserved.,none reported,KEEP,master_ranking
exp77 / exp77_crossattn_lr5e4_fw0.2_kl0.005,PASSED,FOA cross-attention,binaural spec,ERP depth,FOA cross-attention,Depth + FOA + hist + KL if configured,from name; FOA_L1=0.0263,test split; source=summary_test,"RMSE=1.0992, AbsRel=0.5034, δ1=0.4989",See family taxonomy; exact row preserved.,none reported,KEEP,master_ranking
exp115 / exp115_foa_lr1e3_dw2.0_fw0.2_hw0.1,PASSED,Original FOA UNet,binaural spec,ERP depth,Original FOA UNet,Depth + foa_weight*FOA + hist_weight*SH histogram,from name; FOA_L1=0.0298,test split; source=summary_test,"RMSE=1.0994, AbsRel=0.4513, δ1=0.4943",See family taxonomy; exact row preserved.,none reported,KEEP,master_ranking
exp75 / exp75_batvision_lr2e3_bs32,PASSED,BatVision UNet,binaural spec,ERP depth,BatVision UNet,BerHu + SILog depth unless noted,from name; FOA_L1=NA,test split; source=summary_test,"RMSE=1.0994, AbsRel=0.4659, δ1=0.4938",See family taxonomy; exact row preserved.,none reported,KEEP,master_ranking
exp205 / exp205_n2_xattn_lr5e4_lsh0.1,PASSED,N2 temporal-bin cross-attention,binaural spec + temporal FOA energy maps,ERP depth,N2 temporal-bin cross-attention,Depth + λ_sh,from name; FOA_L1=0.0268,test split; source=n2_test,"RMSE=1.0998, AbsRel=0.4373, δ1=0.4926",See family taxonomy; exact row preserved.,none reported,KEEP,master_ranking
exp89 / exp89_msattn_lr5e4_fw0.1_hw0.2_kl0.01,PASSED,FOA multi-scale attention,binaural spec,ERP depth,FOA multi-scale attention,Depth + FOA + hist + KL if configured,from name; FOA_L1=0.0358,test split; source=summary_test,"RMSE=1.0999, AbsRel=0.4686, δ1=0.4921",See family taxonomy; exact row preserved.,none reported,KEEP,master_ranking
exp162 / exp162_pvitfoav2_lr1e4_w0.1,PASSED,Pretrained ViT + FOA aux,binaural spec,ERP depth,Pretrained ViT + FOA aux,Depth + λ_sh or FOA hist depending variant,from name; FOA_L1=0.0363,test split; source=summary_test,"RMSE=1.1000, AbsRel=0.4782, δ1=0.4833",See family taxonomy; exact row preserved.,none reported,KEEP,master_ranking
exp207 / exp207_n3eattn_bs32_lr1e3_lsh0.1,PASSED,N3 energy attention,binaural spec,ERP depth,N3 energy attention,Depth + λ_sh (+ optional λ_energy),from name; FOA_L1=0.0376,test split; source=n3_test,"RMSE=1.1000, AbsRel=0.4350, δ1=0.4966",See family taxonomy; exact row preserved.,none reported,KEEP,master_ranking
exp97 / exp97_foa_lr3e4_dw1.0_fw0.1_hw0.1,PASSED,Original FOA UNet,binaural spec,ERP depth,Original FOA UNet,Depth + foa_weight*FOA + hist_weight*SH histogram,from name; FOA_L1=0.0299,test split; source=summary_test,"RMSE=1.1010, AbsRel=0.4299, δ1=0.4922",See family taxonomy; exact row preserved.,none reported,KEEP,master_ranking
exp229 / exp229_n3mssh_eattn_sh9_lr1e3_lsh0.3,PASSED,N3 MSSH + energy attention,binaural spec,ERP depth,N3 MSSH + energy attention,Depth + λ_sh (+ optional λ_energy),from name; FOA_L1=0.0264,test split; source=n3_test,"RMSE=1.1013, AbsRel=0.4394, δ1=0.4940",See family taxonomy; exact row preserved.,none reported,KEEP,master_ranking
exp59 / exp59_foav2_lr1e3_dw1.0_fw0.2_hw0.1,PASSED,FOA v2,binaural spec,ERP depth,FOA v2,Depth + FOA + hist/consistency,from name; FOA_L1=0.0314,test split; source=summary_test,"RMSE=1.1021, AbsRel=0.4663, δ1=0.4966",See family taxonomy; exact row preserved.,none reported,KEEP,master_ranking
exp84 / exp84_featbank_lr5e4_fw0.1_hw0.2_kl0.01,PASSED,FOA feature bank,binaural spec,ERP depth,FOA feature bank,Depth + FOA + hist + KL if configured,from name; FOA_L1=0.0340,test split; source=summary_test,"RMSE=1.1022, AbsRel=0.4747, δ1=0.4869",See family taxonomy; exact row preserved.,none reported,KEEP,master_ranking
exp57 / exp57_foav2_lr5e4_dw1.0_fw0.1_hw0.1,PASSED,FOA v2,binaural spec,ERP depth,FOA v2,Depth + FOA + hist/consistency,from name; FOA_L1=0.0330,test split; source=summary_test,"RMSE=1.1023, AbsRel=0.4821, δ1=0.4922",See family taxonomy; exact row preserved.,none reported,KEEP,master_ranking
exp212 / exp212_n3film_eattn_lr1e3_lsh0.1,PASSED,N3 FiLM,binaural spec,ERP depth,N3 FiLM,Depth + λ_sh,from name; FOA_L1=0.0457,test split; source=n3_test,"RMSE=1.1025, AbsRel=0.4307, δ1=0.4828",See family taxonomy; exact row preserved.,none reported,KEEP,master_ranking
exp64 / exp64_vit_lr1e4_bs8,PASSED,ViT from scratch,binaural spec,ERP depth,ViT from scratch,BerHu + SILog depth unless noted,from name; FOA_L1=NA,test split; source=summary_test,"RMSE=1.1028, AbsRel=0.4654, δ1=0.4803",See family taxonomy; exact row preserved.,none reported,KEEP,master_ranking
exp21 / exp21_featbank_lr1e3_fw0.1,PASSED,FOA feature bank,binaural spec,ERP depth,FOA feature bank,Depth + FOA + hist + KL if configured,from name; FOA_L1=0.0291,test split; source=summary_test,"RMSE=1.1032, AbsRel=0.4900, δ1=0.4894",See family taxonomy; exact row preserved.,none reported,KEEP,master_ranking
exp217 / exp217_pvit_mssh_lr1e4_lsh0.1,PASSED,N3 multi-scale SH,binaural spec,ERP depth,N3 multi-scale SH,Depth + λ_sh,from name; FOA_L1=0.0257,test split; source=n3_test,"RMSE=1.1035, AbsRel=0.4656, δ1=0.4860",See family taxonomy; exact row preserved.,none reported,KEEP,master_ranking
exp211 / exp211_n3eattn_dw2_lenergy0.3_lr1e3,PASSED,N3 energy attention,binaural spec,ERP depth,N3 energy attention,Depth + λ_sh (+ optional λ_energy),from name; FOA_L1=0.0350,test split; source=n3_test,"RMSE=1.1036, AbsRel=0.4300, δ1=0.4945",See family taxonomy; exact row preserved.,none reported,KEEP,master_ranking
exp166 / exp166_n3film_lr1e3_lsh0.1,PASSED,N3 FiLM,binaural spec,ERP depth,N3 FiLM,Depth + λ_sh,from name; FOA_L1=0.0374,test split; source=summary_test,"RMSE=1.1045, AbsRel=0.4271, δ1=0.4901",See family taxonomy; exact row preserved.,none reported,KEEP,master_ranking
exp85 / exp85_featbank_lr1e3_fw0.3_kl0.01,PASSED,FOA feature bank,binaural spec,ERP depth,FOA feature bank,Depth + FOA + hist + KL if configured,from name; FOA_L1=0.0288,test split; source=summary_test,"RMSE=1.1045, AbsRel=0.4707, δ1=0.4812",See family taxonomy; exact row preserved.,none reported,KEEP,master_ranking
exp112 / exp112_foa_lr5e4_dw1.0_fw0.1_hw0.1_freeze10,PASSED,Original FOA UNet,binaural spec,ERP depth,Original FOA UNet,Depth + foa_weight*FOA + hist_weight*SH histogram,from name; FOA_L1=0.0308,test split; source=summary_test,"RMSE=1.1047, AbsRel=0.4440, δ1=0.4944",See family taxonomy; exact row preserved.,none reported,KEEP,master_ranking
exp221 / exp221_n3mssh_lr1e3_lsh0.5,PASSED,N3 multi-scale SH,binaural spec,ERP depth,N3 multi-scale SH,Depth + λ_sh,from name; FOA_L1=0.0236,test split; source=n3_test,"RMSE=1.1052, AbsRel=0.4351, δ1=0.4941",See family taxonomy; exact row preserved.,none reported,KEEP,master_ranking
exp08 / exp08_vit_lr1e4_bs16,PASSED,ViT from scratch,binaural spec,ERP depth,ViT from scratch,BerHu + SILog depth unless noted,from name; FOA_L1=NA,test split; source=summary_test,"RMSE=1.1055, AbsRel=0.5163, δ1=0.4805",See family taxonomy; exact row preserved.,none reported,KEEP,master_ranking
exp194 / exp194_n2_tenergy_lr1e3_lsh0.3,PASSED,Temporal energy attention/supervision,binaural spec,ERP depth,Temporal energy attention/supervision,Depth + λ_sh + λ_energy,from name; FOA_L1=0.0289,test split; source=n2_test,"RMSE=1.1056, AbsRel=0.4736, δ1=0.4950",See family taxonomy; exact row preserved.,none reported,KEEP,master_ranking
exp26 / exp26_msattn_lr1e3_fw0.1,PASSED,FOA multi-scale attention,binaural spec,ERP depth,FOA multi-scale attention,Depth + FOA + hist + KL if configured,from name; FOA_L1=0.0310,test split; source=summary_test,"RMSE=1.1056, AbsRel=0.4410, δ1=0.4955",See family taxonomy; exact row preserved.,none reported,KEEP,master_ranking
exp38 / exp38_foa_lr1e4_dw1.0_fw0.1_hw0.1,PASSED,Original FOA UNet,binaural spec,ERP depth,Original FOA UNet,Depth + foa_weight*FOA + hist_weight*SH histogram,from name; FOA_L1=0.0372,test split; source=summary_test,"RMSE=1.1058, AbsRel=0.4441, δ1=0.4878",See family taxonomy; exact row preserved.,none reported,KEEP,master_ranking
exp54 / exp54_foa_lr1e4_dw1.0_fw0.2_hw0.1,PASSED,Original FOA UNet,binaural spec,ERP depth,Original FOA UNet,Depth + foa_weight*FOA + hist_weight*SH histogram,from name; FOA_L1=0.0365,test split; source=summary_test,"RMSE=1.1059, AbsRel=0.4716, δ1=0.4968",See family taxonomy; exact row preserved.,none reported,KEEP,master_ranking
exp11 / exp11_echodiff_lr1e4_bs32,PASSED,EchoDiffusion,binaural spec + raw waveform,ERP depth,EchoDiffusion,BerHu + SILog depth; Wav2Vec/CIDE conditioning,from name; FOA_L1=NA,test split; source=summary_test,"RMSE=1.1060, AbsRel=0.4300, δ1=0.4876",See family taxonomy; exact row preserved.,none reported,KEEP,master_ranking
exp123 / exp123_echodiff_wav2vec_lr1e4_bs32,PASSED,EchoDiffusion,binaural spec + raw waveform,ERP depth,EchoDiffusion,BerHu + SILog depth; Wav2Vec/CIDE conditioning,from name; FOA_L1=NA,test split; source=summary_test,"RMSE=1.1062, AbsRel=0.4214, δ1=0.4884",See family taxonomy; exact row preserved.,none reported,KEEP,master_ranking
exp185 / exp185_v1base_lr5e4_lsh0.1,PASSED,UNKNOWN,UNKNOWN,ERP depth,UNKNOWN,BerHu + SILog depth unless noted,from name; FOA_L1=0.0539,test split; source=summary_test,"RMSE=1.1068, AbsRel=0.4772, δ1=0.4802",See family taxonomy; exact row preserved.,none reported,KEEP,master_ranking
exp108 / exp108_foa_lr5e4_dw2.0_fw0.1_hw0.1,PASSED,Original FOA UNet,binaural spec,ERP depth,Original FOA UNet,Depth + foa_weight*FOA + hist_weight*SH histogram,from name; FOA_L1=0.0293,test split; source=summary_test,"RMSE=1.1069, AbsRel=0.5068, δ1=0.4916",See family taxonomy; exact row preserved.,none reported,KEEP,master_ranking
exp95 / exp95_channelattn_lr1e3_fw0.3_kl0.01,PASSED,FOA channel attention,binaural spec,ERP depth,FOA channel attention,Depth + FOA + hist + KL if configured,from name; FOA_L1=0.0268,test split; source=summary_test,"RMSE=1.1071, AbsRel=0.4590, δ1=0.4904",See family taxonomy; exact row preserved.,none reported,KEEP,master_ranking
exp167 / exp167_n3film_lr5e4_lsh0.1,PASSED,N3 FiLM,binaural spec,ERP depth,N3 FiLM,Depth + λ_sh,from name; FOA_L1=0.0316,test split; source=summary_test,"RMSE=1.1073, AbsRel=0.4612, δ1=0.4983",See family taxonomy; exact row preserved.,none reported,KEEP,master_ranking
exp33 / exp33_channelattn_lr1e4_fw0.1,PASSED,FOA channel attention,binaural spec,ERP depth,FOA channel attention,Depth + FOA + hist + KL if configured,from name; FOA_L1=0.0335,test split; source=summary_test,"RMSE=1.1074, AbsRel=0.4339, δ1=0.4974",See family taxonomy; exact row preserved.,none reported,KEEP,master_ranking
exp04 / exp04_baseline_lr1e3_bs16,PASSED,Baseline UNet,binaural spec,ERP depth,Baseline UNet,BerHu + SILog depth unless noted,from name; FOA_L1=NA,test split; source=summary_test,"RMSE=1.1076, AbsRel=0.4300, δ1=0.4882",See family taxonomy; exact row preserved.,none reported,KEEP,master_ranking
exp79 / exp79_crossattn_lr5e4_fw0.1_hw0.2_kl0.01,PASSED,FOA cross-attention,binaural spec,ERP depth,FOA cross-attention,Depth + FOA + hist + KL if configured,from name; FOA_L1=0.0347,test split; source=summary_test,"RMSE=1.1085, AbsRel=0.4519, δ1=0.4903",See family taxonomy; exact row preserved.,none reported,KEEP,master_ranking
exp93 / exp93_channelattn_lr1e3_fw0.05_kl0.01,PASSED,FOA channel attention,binaural spec,ERP depth,FOA channel attention,Depth + FOA + hist + KL if configured,from name; FOA_L1=0.0275,test split; source=summary_test,"RMSE=1.1097, AbsRel=0.4754, δ1=0.4915",See family taxonomy; exact row preserved.,none reported,KEEP,master_ranking
exp37 / exp37_foa_lr5e4_dw1.0_fw0.1_hw0.1,PASSED,Original FOA UNet,binaural spec,ERP depth,Original FOA UNet,Depth + foa_weight*FOA + hist_weight*SH histogram,from name; FOA_L1=0.0426,test split; source=summary_test,"RMSE=1.1102, AbsRel=0.4520, δ1=0.4753",See family taxonomy; exact row preserved.,none reported,KEEP,master_ranking
exp171 / exp171_n3mssh_lr1e3_lsh0.3,PASSED,N3 multi-scale SH,binaural spec,ERP depth,N3 multi-scale SH,Depth + λ_sh,from name; FOA_L1=0.0256,test split; source=summary_test,"RMSE=1.1104, AbsRel=0.4218, δ1=0.4823",See family taxonomy; exact row preserved.,none reported,KEEP,master_ranking
exp101 / exp101_foa_lr1e3_fw0.1_hw0.15,PASSED,Original FOA UNet,binaural spec,ERP depth,Original FOA UNet,Depth + foa_weight*FOA + hist_weight*SH histogram,from name; FOA_L1=0.0319,test split; source=summary_test,"RMSE=1.1116, AbsRel=0.4414, δ1=0.4831",See family taxonomy; exact row preserved.,none reported,KEEP,master_ranking
exp193 / exp193_n2_tenergy_lr5e4_lsh0.1,PASSED,Temporal energy attention/supervision,binaural spec,ERP depth,Temporal energy attention/supervision,Depth + λ_sh + λ_energy,from name; FOA_L1=0.0352,test split; source=n2_test,"RMSE=1.1121, AbsRel=0.4475, δ1=0.4923",See family taxonomy; exact row preserved.,none reported,KEEP,master_ranking
exp31 / exp31_channelattn_lr1e3_fw0.1,PASSED,FOA channel attention,binaural spec,ERP depth,FOA channel attention,Depth + FOA + hist + KL if configured,from name; FOA_L1=0.0269,test split; source=summary_test,"RMSE=1.1121, AbsRel=0.4547, δ1=0.4804",See family taxonomy; exact row preserved.,none reported,KEEP,master_ranking
exp13 / exp13_echodiff_lr1e4_bs16,PASSED,EchoDiffusion,binaural spec + raw waveform,ERP depth,EchoDiffusion,BerHu + SILog depth; Wav2Vec/CIDE conditioning,from name; FOA_L1=NA,test split; source=summary_test,"RMSE=1.1134, AbsRel=0.4504, δ1=0.4930",See family taxonomy; exact row preserved.,none reported,KEEP,master_ranking
exp191 / exp191_n2_trms_lr5e4_lsh0.1,PASSED,Temporal RMS auxiliary,binaural spec,ERP depth,Temporal RMS auxiliary,Depth + λ_sh temporal RMS aux,from name; FOA_L1=0.0350,test split; source=n2_test,"RMSE=1.1136, AbsRel=0.4408, δ1=0.4984",See family taxonomy; exact row preserved.,none reported,KEEP,master_ranking
exp165 / exp165_pvitfoav3_lr5e5_w0.3,PASSED,Pretrained ViT + FOA aux,binaural spec,ERP depth,Pretrained ViT + FOA aux,Depth + λ_sh or FOA hist depending variant,from name; FOA_L1=0.0241,test split; source=summary_test,"RMSE=1.1140, AbsRel=0.4369, δ1=0.4896",See family taxonomy; exact row preserved.,none reported,KEEP,master_ranking
exp168 / exp168_n3film_lr1e3_lsh0.3,PASSED,N3 FiLM,binaural spec,ERP depth,N3 FiLM,Depth + λ_sh,from name; FOA_L1=0.0343,test split; source=summary_test,"RMSE=1.1142, AbsRel=0.4434, δ1=0.4846",See family taxonomy; exact row preserved.,none reported,KEEP,master_ranking
exp66 / exp66_echonet_lr1e3_bs8,PASSED,Echo-Net,binaural spec; image/material branches fed zeros,ERP depth,Echo-Net,BerHu + SILog depth unless noted,from name; FOA_L1=NA,test split; source=summary_test,"RMSE=1.1156, AbsRel=0.4550, δ1=0.4778",See family taxonomy; exact row preserved.,none reported,KEEP,master_ranking
exp223 / exp223_n3mssh_lr1e3_lsh0.2,PASSED,N3 multi-scale SH,binaural spec,ERP depth,N3 multi-scale SH,Depth + λ_sh,from name; FOA_L1=0.0310,test split; source=n3_test,"RMSE=1.1161, AbsRel=0.4171, δ1=0.4904",See family taxonomy; exact row preserved.,none reported,KEEP,master_ranking
exp63 / exp63_vit_lr5e4_bs16,PASSED,ViT from scratch,binaural spec,ERP depth,ViT from scratch,BerHu + SILog depth unless noted,from name; FOA_L1=NA,test split; source=summary_test,"RMSE=1.1168, AbsRel=0.4578, δ1=0.4733",See family taxonomy; exact row preserved.,none reported,KEEP,master_ranking
exp10 / exp10_vit_lr1e5_bs32,PASSED,ViT from scratch,binaural spec,ERP depth,ViT from scratch,BerHu + SILog depth unless noted,from name; FOA_L1=NA,test split; source=summary_test,"RMSE=1.1170, AbsRel=0.4720, δ1=0.4812",See family taxonomy; exact row preserved.,none reported,KEEP,master_ranking
exp07 / exp07_vit_lr5e5_bs32,PASSED,ViT from scratch,binaural spec,ERP depth,ViT from scratch,BerHu + SILog depth unless noted,from name; FOA_L1=NA,test split; source=summary_test,"RMSE=1.1174, AbsRel=0.4755, δ1=0.4731",See family taxonomy; exact row preserved.,none reported,KEEP,master_ranking
exp12 / exp12_echodiff_lr5e5_bs32,PASSED,EchoDiffusion,binaural spec + raw waveform,ERP depth,EchoDiffusion,BerHu + SILog depth; Wav2Vec/CIDE conditioning,from name; FOA_L1=NA,test split; source=summary_test,"RMSE=1.1208, AbsRel=0.4914, δ1=0.4816",See family taxonomy; exact row preserved.,none reported,KEEP,master_ranking
exp190 / exp190_n2_trms_lr1e3_lsh0.1,PASSED,Temporal RMS auxiliary,binaural spec,ERP depth,Temporal RMS auxiliary,Depth + λ_sh temporal RMS aux,from name; FOA_L1=0.0369,test split; source=n2_test,"RMSE=1.1231, AbsRel=0.4370, δ1=0.4868",See family taxonomy; exact row preserved.,none reported,KEEP,master_ranking
exp06 / exp06_vit_lr1e4_bs32,PASSED,ViT from scratch,binaural spec,ERP depth,ViT from scratch,BerHu + SILog depth unless noted,from name; FOA_L1=NA,test split; source=summary_test,"RMSE=1.1265, AbsRel=0.4770, δ1=0.4705",See family taxonomy; exact row preserved.,none reported,KEEP,master_ranking
exp220 / exp220_pvit_freeze20_lr1e4_lsh0.1,PASSED,ViT from scratch,binaural spec,ERP depth,ViT from scratch,BerHu + SILog depth unless noted,from name; FOA_L1=0.0326,test split; source=n3_test,"RMSE=1.1287, AbsRel=0.4631, δ1=0.4683",See family taxonomy; exact row preserved.,none reported,KEEP,master_ranking
exp15 / exp15_echodiff_lr1e5_bs32,PASSED,EchoDiffusion,binaural spec + raw waveform,ERP depth,EchoDiffusion,BerHu + SILog depth; Wav2Vec/CIDE conditioning,from name; FOA_L1=NA,test split; source=summary_test,"RMSE=1.1300, AbsRel=0.4708, δ1=0.4728",See family taxonomy; exact row preserved.,none reported,KEEP,master_ranking
exp70 / exp70_echonet_lr2e3_bs16,PASSED,Echo-Net,binaural spec; image/material branches fed zeros,ERP depth,Echo-Net,BerHu + SILog depth unless noted,from name; FOA_L1=NA,test split; source=summary_test,"RMSE=1.1398, AbsRel=0.4782, δ1=0.4343",See family taxonomy; exact row preserved.,none reported,KEEP,master_ranking
exp177 / exp177_n3twin_lr1e3_lsh0.3,PASSED,UNKNOWN,UNKNOWN,ERP depth,UNKNOWN,BerHu + SILog depth unless noted,from name; FOA_L1=1.4440,test split; source=summary_test,"RMSE=1.1442, AbsRel=0.5449, δ1=0.4529",See family taxonomy; exact row preserved.,none reported,KEEP,master_ranking
exp59 / exp59_resnet_lr1e4_bs16,PASSED,Pretrained ResNet,binaural spec adapted to pseudo-RGB,ERP depth,Pretrained ResNet,BerHu + SILog depth unless noted,from name; FOA_L1=NA,test split; source=summary_test,"RMSE=1.1444, AbsRel=0.5454, δ1=0.4480",See family taxonomy; exact row preserved.,none reported,KEEP,master_ranking
exp57 / exp57_resnet_lr5e5_bs32,PASSED,Pretrained ResNet,binaural spec adapted to pseudo-RGB,ERP depth,Pretrained ResNet,BerHu + SILog depth unless noted,from name; FOA_L1=NA,test split; source=summary_test,"RMSE=1.1506, AbsRel=0.5341, δ1=0.4697",See family taxonomy; exact row preserved.,none reported,KEEP,master_ranking
exp60 / exp60_resnet_lr3e4_bs32,PASSED,Pretrained ResNet,binaural spec adapted to pseudo-RGB,ERP depth,Pretrained ResNet,BerHu + SILog depth unless noted,from name; FOA_L1=NA,test split; source=summary_test,"RMSE=1.1515, AbsRel=0.4977, δ1=0.4587",See family taxonomy; exact row preserved.,none reported,KEEP,master_ranking
exp56 / exp56_resnet_lr1e4_bs32,PASSED,Pretrained ResNet,binaural spec adapted to pseudo-RGB,ERP depth,Pretrained ResNet,BerHu + SILog depth unless noted,from name; FOA_L1=NA,test split; source=summary_test,"RMSE=1.1810, AbsRel=0.5063, δ1=0.4402",See family taxonomy; exact row preserved.,none reported,KEEP,master_ranking
exp69 / exp69_echonet_lr1e3_bs16,PASSED,Echo-Net,binaural spec; image/material branches fed zeros,ERP depth,Echo-Net,BerHu + SILog depth unless noted,from name; FOA_L1=NA,test split; source=summary_test,"RMSE=1.1852, AbsRel=0.5718, δ1=0.4039",See family taxonomy; exact row preserved.,none reported,KEEP,master_ranking
exp09 / exp09_vit_lr5e4_bs32,PASSED,ViT from scratch,binaural spec,ERP depth,ViT from scratch,BerHu + SILog depth unless noted,from name; FOA_L1=NA,test split; source=summary_test,"RMSE=1.1985, AbsRel=0.5593, δ1=0.4443",See family taxonomy; exact row preserved.,none reported,KEEP,master_ranking
exp58 / exp58_resnet_lr5e4_bs32,PASSED,Pretrained ResNet,binaural spec adapted to pseudo-RGB,ERP depth,Pretrained ResNet,BerHu + SILog depth unless noted,from name; FOA_L1=NA,test split; source=summary_test,"RMSE=1.2014, AbsRel=0.4929, δ1=0.4467",See family taxonomy; exact row preserved.,none reported,KEEP,master_ranking
exp176 / exp176_n3twin_lr5e4_lsh0.1,PASSED,UNKNOWN,UNKNOWN,ERP depth,UNKNOWN,BerHu + SILog depth unless noted,from name; FOA_L1=0.1284,test split; source=summary_test,"RMSE=1.2022, AbsRel=0.5430, δ1=0.4583",See family taxonomy; exact row preserved.,none reported,KEEP,master_ranking
exp163 / exp163_pvitfoav2_lr5e5_w0.3,PASSED,Pretrained ViT + FOA aux,binaural spec,ERP depth,Pretrained ViT + FOA aux,Depth + λ_sh or FOA hist depending variant,from name; FOA_L1=0.0457,test split; source=summary_test,"RMSE=1.2099, AbsRel=0.5089, δ1=0.4388",See family taxonomy; exact row preserved.,none reported,KEEP,master_ranking
exp175 / exp175_n3twin_lr1e3_lsh0.1,PASSED,UNKNOWN,UNKNOWN,ERP depth,UNKNOWN,BerHu + SILog depth unless noted,from name; FOA_L1=0.0608,test split; source=summary_test,"RMSE=1.2325, AbsRel=0.5477, δ1=0.4514",See family taxonomy; exact row preserved.,none reported,KEEP,master_ranking
exp182 / exp182_oracle_nc1_lr5e4_lsh0.1,PASSED,FOA oracle nc1,GT FOA energy map only,ERP depth,FOA oracle nc1,BerHu + SILog depth unless noted,from name; FOA_L1=0.0467,test split; source=summary_test,"RMSE=1.2396, AbsRel=0.5352, δ1=0.4173",Energy-only ceiling; worse than binaural+energy,none reported,KEEP,master_ranking
exp183 / exp183_oracle_nc1_lr1e3_lsh0.3,PASSED,FOA oracle nc1,GT FOA energy map only,ERP depth,FOA oracle nc1,BerHu + SILog depth unless noted,from name; FOA_L1=0.0426,test split; source=summary_test,"RMSE=1.2596, AbsRel=0.5500, δ1=0.4152",Energy-only ceiling; worse than binaural+energy,none reported,KEEP,master_ranking
exp181 / exp181_oracle_nc1_lr1e3_lsh0.1,PASSED,FOA oracle nc1,GT FOA energy map only,ERP depth,FOA oracle nc1,BerHu + SILog depth unless noted,from name; FOA_L1=0.0410,test split; source=summary_test,"RMSE=1.2620, AbsRel=0.5152, δ1=0.4103",Energy-only ceiling; worse than binaural+energy,none reported,KEEP,master_ranking
exp68 / exp68_echonet_lr1e4_bs16,PASSED,Echo-Net,binaural spec; image/material branches fed zeros,ERP depth,Echo-Net,BerHu + SILog depth unless noted,from name; FOA_L1=NA,test split; source=summary_test,"RMSE=1.5988, AbsRel=0.6347, δ1=0.1621",See family taxonomy; exact row preserved.,none reported,KEEP,master_ranking
exp67 / exp67_echonet_lr5e4_bs16,PASSED,Echo-Net,binaural spec; image/material branches fed zeros,ERP depth,Echo-Net,BerHu + SILog depth unless noted,from name; FOA_L1=NA,test split; source=summary_test,"RMSE=1.7018, AbsRel=1.0335, δ1=0.2152",See family taxonomy; exact row preserved.,none reported,KEEP,master_ranking
exp350 / unet_baseline,PASSED,Baseline UNet,binaural spec,ERP depth,unet_baseline,BerHu + SILog depth unless noted,"lr=1e-3, bs=32, best_ep=12",n2_revisit_test; 3192 samples / 9 scenes; cache family e2314b68a4f5 per report_f/g,"RMSE=1.2337, AbsRel=0.4486, δ1=0.4952, δ2=0.7116, δ3=0.8329, Log10=0.1554, MAE=0.7857",Baseline-family HP sweep; use as noise/variance reference.,none reported,KEEP,supplemental_reports
exp351 / unet_baseline,PASSED,Baseline UNet,binaural spec,ERP depth,unet_baseline,BerHu + SILog depth unless noted,"lr=5e-4, bs=32, best_ep=16",n2_revisit_test; 3192 samples / 9 scenes; cache family e2314b68a4f5 per report_f/g,"RMSE=1.2386, AbsRel=0.4573, δ1=0.4992, δ2=0.7108, δ3=0.8310, Log10=0.1577, MAE=0.7940",Baseline-family HP sweep; use as noise/variance reference.,none reported,KEEP,supplemental_reports
exp352 / unet_baseline,PASSED,Baseline UNet,binaural spec,ERP depth,unet_baseline,BerHu + SILog depth unless noted,"lr=1e-4, bs=32, best_ep=12",n2_revisit_test; 3192 samples / 9 scenes; cache family e2314b68a4f5 per report_f/g,"RMSE=1.2326, AbsRel=0.4703, δ1=0.4992, δ2=0.7099, δ3=0.8276, Log10=0.1577, MAE=0.7894",Baseline-family HP sweep; use as noise/variance reference.,none reported,KEEP,supplemental_reports
exp353 / unet_baseline,PASSED,Baseline UNet,binaural spec,ERP depth,unet_baseline,BerHu + SILog depth unless noted,"lr=1e-3, bs=16, best_ep=16",n2_revisit_test; 3192 samples / 9 scenes; cache family e2314b68a4f5 per report_f/g,"RMSE=1.2319, AbsRel=0.4666, δ1=0.4972, δ2=0.7103, δ3=0.8301, Log10=0.1563, MAE=0.7873",Baseline-family HP sweep; use as noise/variance reference.,none reported,KEEP,supplemental_reports
exp354 / unet_baseline,PASSED,Baseline UNet,binaural spec,ERP depth,unet_baseline,BerHu + SILog depth unless noted,"lr=5e-4, bs=16, best_ep=12",n2_revisit_test; 3192 samples / 9 scenes; cache family e2314b68a4f5 per report_f/g,"RMSE=1.2117, AbsRel=0.4676, δ1=0.4988, δ2=0.7125, δ3=0.8329, Log10=0.1547, MAE=0.7808",Baseline-family HP sweep; use as noise/variance reference.,none reported,KEEP,supplemental_reports
exp355 / vit_baseline,PASSED,ViT from scratch,binaural spec,ERP depth,vit_baseline,BerHu + SILog depth unless noted,"lr=1e-4, bs=8, best_ep=40",n2_revisit_test; 3192 samples / 9 scenes; cache family e2314b68a4f5 per report_f/g,"RMSE=1.2621, AbsRel=0.4989, δ1=0.4777, δ2=0.6869, δ3=0.8144, Log10=0.1647, MAE=0.8213",Baseline-family HP sweep; use as noise/variance reference.,none reported,KEEP,supplemental_reports
exp356 / vit_baseline,PASSED,ViT from scratch,binaural spec,ERP depth,vit_baseline,BerHu + SILog depth unless noted,"lr=5e-5, bs=8, best_ep=40",n2_revisit_test; 3192 samples / 9 scenes; cache family e2314b68a4f5 per report_f/g,"RMSE=1.2631, AbsRel=0.5005, δ1=0.4836, δ2=0.6976, δ3=0.8199, Log10=0.1633, MAE=0.8170",Baseline-family HP sweep; use as noise/variance reference.,none reported,KEEP,supplemental_reports
exp357 / vit_baseline,PASSED,ViT from scratch,binaural spec,ERP depth,vit_baseline,BerHu + SILog depth unless noted,"lr=1e-4, bs=4, best_ep=20",n2_revisit_test; 3192 samples / 9 scenes; cache family e2314b68a4f5 per report_f/g,"RMSE=1.3107, AbsRel=0.4703, δ1=0.4574, δ2=0.6762, δ3=0.8077, Log10=0.1691, MAE=0.8403",Baseline-family HP sweep; use as noise/variance reference.,none reported,KEEP,supplemental_reports
exp358 / vit_baseline,PASSED,ViT from scratch,binaural spec,ERP depth,vit_baseline,BerHu + SILog depth unless noted,"lr=5e-4, bs=8, best_ep=36",n2_revisit_test; 3192 samples / 9 scenes; cache family e2314b68a4f5 per report_f/g,"RMSE=1.3783, AbsRel=0.5664, δ1=0.4373, δ2=0.6512, δ3=0.7826, Log10=0.1839, MAE=0.9007",Baseline-family HP sweep; use as noise/variance reference.,none reported,KEEP,supplemental_reports
exp359 / vit_baseline,PASSED,ViT from scratch,binaural spec,ERP depth,vit_baseline,BerHu + SILog depth unless noted,"lr=1e-5, bs=8, best_ep=12",n2_revisit_test; 3192 samples / 9 scenes; cache family e2314b68a4f5 per report_f/g,"RMSE=1.2593, AbsRel=0.5130, δ1=0.4739, δ2=0.6830, δ3=0.8111, Log10=0.1660, MAE=0.8254",Baseline-family HP sweep; use as noise/variance reference.,none reported,KEEP,supplemental_reports
exp360 / echodiffusion,PASSED,EchoDiffusion,binaural spec + raw waveform,ERP depth,echodiffusion,BerHu + SILog depth; Wav2Vec/CIDE conditioning,"lr=1e-4, bs=16, best_ep=8",n2_revisit_test; 3192 samples / 9 scenes; cache family e2314b68a4f5 per report_f/g,"RMSE=1.2204, AbsRel=0.4909, δ1=0.4945, δ2=0.7026, δ3=0.8247, Log10=0.1578, MAE=0.7944",Baseline-family HP sweep; use as noise/variance reference.,none reported,KEEP,supplemental_reports
exp360 / echodiffusion,PASSED,EchoDiffusion,binaural spec + raw waveform,ERP depth,echodiffusion,BerHu + SILog depth; Wav2Vec/CIDE conditioning,"lr=1e-4, bs=48, best_ep=20",n2_revisit_test; 3192 samples / 9 scenes; cache family e2314b68a4f5 per report_f/g,"RMSE=1.2473, AbsRel=0.4774, δ1=0.4972, δ2=0.7081, δ3=0.8250, Log10=0.1591, MAE=0.7992",Baseline-family HP sweep; use as noise/variance reference.,none reported,KEEP,supplemental_reports
exp361 / echodiffusion,PASSED,EchoDiffusion,binaural spec + raw waveform,ERP depth,echodiffusion,BerHu + SILog depth; Wav2Vec/CIDE conditioning,"lr=5e-5, bs=16, best_ep=8",n2_revisit_test; 3192 samples / 9 scenes; cache family e2314b68a4f5 per report_f/g,"RMSE=1.2419, AbsRel=0.4793, δ1=0.4926, δ2=0.7033, δ3=0.8258, Log10=0.1590, MAE=0.8010",Baseline-family HP sweep; use as noise/variance reference.,none reported,KEEP,supplemental_reports
exp361 / echodiffusion,PASSED,EchoDiffusion,binaural spec + raw waveform,ERP depth,echodiffusion,BerHu + SILog depth; Wav2Vec/CIDE conditioning,"lr=5e-5, bs=48, best_ep=8",n2_revisit_test; 3192 samples / 9 scenes; cache family e2314b68a4f5 per report_f/g,"RMSE=1.2396, AbsRel=0.5748, δ1=0.4713, δ2=0.6860, δ3=0.8110, Log10=0.1720, MAE=0.8511",Baseline-family HP sweep; use as noise/variance reference.,none reported,KEEP,supplemental_reports
exp362 / echodiffusion,PASSED,EchoDiffusion,binaural spec + raw waveform,ERP depth,echodiffusion,BerHu + SILog depth; Wav2Vec/CIDE conditioning,"lr=1e-4, bs=32, best_ep=8",n2_revisit_test; 3192 samples / 9 scenes; cache family e2314b68a4f5 per report_f/g,"RMSE=1.2292, AbsRel=0.4557, δ1=0.4923, δ2=0.7098, δ3=0.8314, Log10=0.1569, MAE=0.7907",Baseline-family HP sweep; use as noise/variance reference.,none reported,KEEP,supplemental_reports
exp363 / echodiffusion,PASSED,EchoDiffusion,binaural spec + raw waveform,ERP depth,echodiffusion,BerHu + SILog depth; Wav2Vec/CIDE conditioning,"lr=5e-4, bs=16, best_ep=20",n2_revisit_test; 3192 samples / 9 scenes; cache family e2314b68a4f5 per report_f/g,"RMSE=1.2307, AbsRel=0.5035, δ1=0.4861, δ2=0.6982, δ3=0.8218, Log10=0.1627, MAE=0.8118",Baseline-family HP sweep; use as noise/variance reference.,none reported,KEEP,supplemental_reports
exp363 / echodiffusion,PASSED,EchoDiffusion,binaural spec + raw waveform,ERP depth,echodiffusion,BerHu + SILog depth; Wav2Vec/CIDE conditioning,"lr=5e-4, bs=48, best_ep=28",n2_revisit_test; 3192 samples / 9 scenes; cache family e2314b68a4f5 per report_f/g,"RMSE=1.2198, AbsRel=0.4482, δ1=0.4936, δ2=0.7097, δ3=0.8328, Log10=0.1546, MAE=0.7772",Baseline-family HP sweep; use as noise/variance reference.,none reported,KEEP,supplemental_reports
exp365 / pretrained_resnet,PASSED,Pretrained ResNet,binaural spec adapted to pseudo-RGB,ERP depth,pretrained_resnet,BerHu + SILog depth unless noted,"lr=1e-4, bs=32, best_ep=8",n2_revisit_test; 3192 samples / 9 scenes; cache family e2314b68a4f5 per report_f/g,"RMSE=1.3154, AbsRel=0.5554, δ1=0.4688, δ2=0.6761, δ3=0.8044, Log10=0.1732, MAE=0.8663",Baseline-family HP sweep; use as noise/variance reference.,none reported,KEEP,supplemental_reports
exp366 / pretrained_resnet,PASSED,Pretrained ResNet,binaural spec adapted to pseudo-RGB,ERP depth,pretrained_resnet,BerHu + SILog depth unless noted,"lr=5e-5, bs=32, best_ep=4",n2_revisit_test; 3192 samples / 9 scenes; cache family e2314b68a4f5 per report_f/g,"RMSE=1.3332, AbsRel=0.5022, δ1=0.4482, δ2=0.6641, δ3=0.7982, Log10=0.1751, MAE=0.8658",Baseline-family HP sweep; use as noise/variance reference.,none reported,KEEP,supplemental_reports
exp367 / pretrained_resnet,PASSED,Pretrained ResNet,binaural spec adapted to pseudo-RGB,ERP depth,pretrained_resnet,BerHu + SILog depth unless noted,"lr=5e-4, bs=160, best_ep=16",n2_revisit_test; 3192 samples / 9 scenes; cache family e2314b68a4f5 per report_f/g,"RMSE=1.3413, AbsRel=0.5171, δ1=0.4636, δ2=0.6690, δ3=0.7982, Log10=0.1750, MAE=0.8685",Baseline-family HP sweep; use as noise/variance reference.,none reported,KEEP,supplemental_reports
exp367 / pretrained_resnet,PASSED,Pretrained ResNet,binaural spec adapted to pseudo-RGB,ERP depth,pretrained_resnet,BerHu + SILog depth unless noted,"lr=5e-4, bs=32, best_ep=8",n2_revisit_test; 3192 samples / 9 scenes; cache family e2314b68a4f5 per report_f/g,"RMSE=1.2906, AbsRel=0.5373, δ1=0.4638, δ2=0.6784, δ3=0.8089, Log10=0.1708, MAE=0.8504",Baseline-family HP sweep; use as noise/variance reference.,none reported,KEEP,supplemental_reports
exp368 / pretrained_resnet,PASSED,Pretrained ResNet,binaural spec adapted to pseudo-RGB,ERP depth,pretrained_resnet,BerHu + SILog depth unless noted,"lr=1e-4, bs=16, best_ep=4",n2_revisit_test; 3192 samples / 9 scenes; cache family e2314b68a4f5 per report_f/g,"RMSE=1.2748, AbsRel=0.5274, δ1=0.4722, δ2=0.6849, δ3=0.8108, Log10=0.1667, MAE=0.8298",Baseline-family HP sweep; use as noise/variance reference.,none reported,KEEP,supplemental_reports
exp368 / pretrained_resnet,PASSED,Pretrained ResNet,binaural spec adapted to pseudo-RGB,ERP depth,pretrained_resnet,BerHu + SILog depth unless noted,"lr=1e-4, bs=96, best_ep=12",n2_revisit_test; 3192 samples / 9 scenes; cache family e2314b68a4f5 per report_f/g,"RMSE=1.3213, AbsRel=0.5183, δ1=0.4668, δ2=0.6747, δ3=0.8020, Log10=0.1716, MAE=0.8549",Baseline-family HP sweep; use as noise/variance reference.,none reported,KEEP,supplemental_reports
exp301 / renew_single,PASSED except exp390 viz crash noted separately,Renew dual-ViT sound-field bottleneck,binaural spectrogram; predicted SH/sound-field bottleneck,ERP depth + FOA/SH/energy auxiliary,renew_single,Depth + λ_sh + λ_energy + λ_kl_energy depending config,"lr=1e-4, bs=16, best_ep=12, FOA_L1=0.3331",renew_test or n4/ambisonic cache family 7027059baf06 per report_f/g,"RMSE=1.0994, AbsRel=0.4492, δ1=0.4859, Log10=0.1580, MAE=0.6847, FOA_COS=0.7346, FOA_DIR=-0.1203",Report_f: renew v2 fixed FOA quality; radial parameterization hurts RMSE; n9_0424 FOA head weak/bug-audited.,exp390 visualization KeyboardInterrupt after metrics; older FOA eval bug possible for high FOA_L1 rows,KEEP,supplemental_reports
exp302 / renew_single (v2),PASSED except exp390 viz crash noted separately,Renew dual-ViT sound-field bottleneck,binaural spectrogram; predicted SH/sound-field bottleneck,ERP depth + FOA/SH/energy auxiliary,renew_single (v2),Depth + λ_sh + λ_energy + λ_kl_energy depending config,"lr=1e-4, bs=32, best_ep=16, FOA_L1=0.0231",renew_test or n4/ambisonic cache family 7027059baf06 per report_f/g,"RMSE=1.0921, AbsRel=0.4615, δ1=0.5023, Log10=0.1575, MAE=0.6798, FOA_COS=0.9985, FOA_DIR=0.9963",Report_f: renew v2 fixed FOA quality; radial parameterization hurts RMSE; n9_0424 FOA head weak/bug-audited.,exp390 visualization KeyboardInterrupt after metrics; older FOA eval bug possible for high FOA_L1 rows,KEEP,supplemental_reports
exp303 / renew_dpt_only,PASSED except exp390 viz crash noted separately,Renew DPT-only ablation,binaural spectrogram; predicted SH/sound-field bottleneck,ERP depth + FOA/SH/energy auxiliary,renew_dpt_only,Depth + λ_sh + λ_energy + λ_kl_energy depending config,"lr=1e-4, bs=32, best_ep=12, FOA_L1=0.0240",renew_test or n4/ambisonic cache family 7027059baf06 per report_f/g,"RMSE=1.0999, AbsRel=0.4685, δ1=0.4928, Log10=0.1589, MAE=0.6882, FOA_COS=0.9986, FOA_DIR=0.9964",Report_f: renew v2 fixed FOA quality; radial parameterization hurts RMSE; n9_0424 FOA head weak/bug-audited.,exp390 visualization KeyboardInterrupt after metrics; older FOA eval bug possible for high FOA_L1 rows,KEEP,supplemental_reports
exp304 / renew_dpt_only (no-KL),PASSED except exp390 viz crash noted separately,Renew DPT-only ablation,binaural spectrogram; predicted SH/sound-field bottleneck,ERP depth + FOA/SH/energy auxiliary,renew_dpt_only (no-KL),Depth + λ_sh + λ_energy + λ_kl_energy depending config,"lr=1e-4, bs=32, best_ep=8, FOA_L1=0.0248",renew_test or n4/ambisonic cache family 7027059baf06 per report_f/g,"RMSE=1.0696, AbsRel=0.5011, δ1=0.4916, Log10=0.1586, MAE=0.6845, FOA_COS=0.9985, FOA_DIR=0.9962",Report_f: renew v2 fixed FOA quality; radial parameterization hurts RMSE; n9_0424 FOA head weak/bug-audited.,exp390 visualization KeyboardInterrupt after metrics; older FOA eval bug possible for high FOA_L1 rows,KEEP,supplemental_reports
exp305 / renew_single (radial),PASSED except exp390 viz crash noted separately,Renew dual-ViT sound-field bottleneck,binaural spectrogram; predicted SH/sound-field bottleneck,ERP depth + FOA/SH/energy auxiliary,renew_single (radial),Depth + λ_sh + λ_energy + λ_kl_energy depending config,"lr=1e-4, bs=32, best_ep=28, FOA_L1=0.2923",renew_test or n4/ambisonic cache family 7027059baf06 per report_f/g,"RMSE=1.2510, AbsRel=0.4575, δ1=0.5045, Log10=0.1580, MAE=0.7936, FOA_COS=0.8347, FOA_DIR=0.6250",Report_f: renew v2 fixed FOA quality; radial parameterization hurts RMSE; n9_0424 FOA head weak/bug-audited.,exp390 visualization KeyboardInterrupt after metrics; older FOA eval bug possible for high FOA_L1 rows,KEEP,supplemental_reports
exp306 / renew_single (radial v2),PASSED except exp390 viz crash noted separately,Renew dual-ViT sound-field bottleneck,binaural spectrogram; predicted SH/sound-field bottleneck,ERP depth + FOA/SH/energy auxiliary,renew_single (radial v2),Depth + λ_sh + λ_energy + λ_kl_energy depending config,"lr=1e-4, bs=32, best_ep=18, FOA_L1=0.0238",renew_test or n4/ambisonic cache family 7027059baf06 per report_f/g,"RMSE=1.2233, AbsRel=0.4742, δ1=0.5033, Log10=0.1554, MAE=0.7835, FOA_COS=0.9986, FOA_DIR=0.9965",Report_f: renew v2 fixed FOA quality; radial parameterization hurts RMSE; n9_0424 FOA head weak/bug-audited.,exp390 visualization KeyboardInterrupt after metrics; older FOA eval bug possible for high FOA_L1 rows,KEEP,supplemental_reports
exp307 / renew_dpt_only (radial),PASSED except exp390 viz crash noted separately,Renew DPT-only ablation,binaural spectrogram; predicted SH/sound-field bottleneck,ERP depth + FOA/SH/energy auxiliary,renew_dpt_only (radial),Depth + λ_sh + λ_energy + λ_kl_energy depending config,"lr=1e-4, bs=32, best_ep=6, FOA_L1=0.0275",renew_test or n4/ambisonic cache family 7027059baf06 per report_f/g,"RMSE=1.2540, AbsRel=0.4414, δ1=0.4761, Log10=0.1600, MAE=0.8010, FOA_COS=0.9981, FOA_DIR=0.9956",Report_f: renew v2 fixed FOA quality; radial parameterization hurts RMSE; n9_0424 FOA head weak/bug-audited.,exp390 visualization KeyboardInterrupt after metrics; older FOA eval bug possible for high FOA_L1 rows,KEEP,supplemental_reports
exp308 / renew_dpt_only (radial no-KL),PASSED except exp390 viz crash noted separately,Renew DPT-only ablation,binaural spectrogram; predicted SH/sound-field bottleneck,ERP depth + FOA/SH/energy auxiliary,renew_dpt_only (radial no-KL),Depth + λ_sh + λ_energy + λ_kl_energy depending config,"lr=1e-4, bs=32, best_ep=8, FOA_L1=0.0279",renew_test or n4/ambisonic cache family 7027059baf06 per report_f/g,"RMSE=1.2353, AbsRel=0.4501, δ1=0.4873, Log10=0.1568, MAE=0.7895, FOA_COS=0.9984, FOA_DIR=0.9960",Report_f: renew v2 fixed FOA quality; radial parameterization hurts RMSE; n9_0424 FOA head weak/bug-audited.,exp390 visualization KeyboardInterrupt after metrics; older FOA eval bug possible for high FOA_L1 rows,KEEP,supplemental_reports
exp390 / n9_0424 (A),PASSED except exp390 viz crash noted separately,N9_0424 implicit sound-field projection fusion,binaural spectrogram; predicted rep_gt proxy,ERP depth + FOA/SH/energy auxiliary,n9_0424 (A),Depth + weighted_rep_loss + optional projection energy loss,"lr=1e-4, bs=8, best_ep=12, FOA_L1=0.0644",renew_test or n4/ambisonic cache family 7027059baf06 per report_f/g,"RMSE=1.2274, AbsRel=0.4739, δ1=0.4795, Log10=0.1597, MAE=0.7939, FOA_COS=-0.0755, FOA_DIR=0.0130",Report_f: renew v2 fixed FOA quality; radial parameterization hurts RMSE; n9_0424 FOA head weak/bug-audited.,exp390 visualization KeyboardInterrupt after metrics; older FOA eval bug possible for high FOA_L1 rows,KEEP,supplemental_reports
exp391 / n9_0424 (A),PASSED except exp390 viz crash noted separately,N9_0424 implicit sound-field projection fusion,binaural spectrogram; predicted rep_gt proxy,ERP depth + FOA/SH/energy auxiliary,n9_0424 (A),Depth + weighted_rep_loss + optional projection energy loss,"lr=5e-5, bs=32, best_ep=8, FOA_L1=0.1521",renew_test or n4/ambisonic cache family 7027059baf06 per report_f/g,"RMSE=1.2349, AbsRel=0.4474, δ1=0.4835, Log10=0.1569, MAE=0.7872, FOA_COS=-0.3093, FOA_DIR=-0.0165",Report_f: renew v2 fixed FOA quality; radial parameterization hurts RMSE; n9_0424 FOA head weak/bug-audited.,exp390 visualization KeyboardInterrupt after metrics; older FOA eval bug possible for high FOA_L1 rows,KEEP,supplemental_reports
"exp392 / n9_0424 (B, lsh0.05)",PASSED except exp390 viz crash noted separately,N9_0424 implicit sound-field projection fusion,binaural spectrogram; predicted rep_gt proxy,ERP depth + FOA/SH/energy auxiliary,"n9_0424 (B, lsh0.05)",Depth + weighted_rep_loss + optional projection energy loss,"lr=1e-4, bs=64, best_ep=16, FOA_L1=0.0110",renew_test or n4/ambisonic cache family 7027059baf06 per report_f/g,"RMSE=1.2198, AbsRel=0.4685, δ1=0.4976, Log10=0.1554, MAE=0.7833, FOA_COS=0.2824, FOA_DIR=0.1023",Report_f: renew v2 fixed FOA quality; radial parameterization hurts RMSE; n9_0424 FOA head weak/bug-audited.,exp390 visualization KeyboardInterrupt after metrics; older FOA eval bug possible for high FOA_L1 rows,KEEP,supplemental_reports
"exp396 / n9_0424 (C, lsh0.05)",PASSED except exp390 viz crash noted separately,N9_0424 implicit sound-field projection fusion,binaural spectrogram; predicted rep_gt proxy,ERP depth + FOA/SH/energy auxiliary,"n9_0424 (C, lsh0.05)",Depth + weighted_rep_loss + optional projection energy loss,"lr=1e-4, bs=64, best_ep=20, FOA_L1=0.0123",renew_test or n4/ambisonic cache family 7027059baf06 per report_f/g,"RMSE=1.2379, AbsRel=0.4646, δ1=0.4972, Log10=0.1575, MAE=0.7937, FOA_COS=0.4817, FOA_DIR=0.1158",Report_f: renew v2 fixed FOA quality; radial parameterization hurts RMSE; n9_0424 FOA head weak/bug-audited.,exp390 visualization KeyboardInterrupt after metrics; older FOA eval bug possible for high FOA_L1 rows,KEEP,supplemental_reports
"exp397 / n9_0424 (C, lsh0.1)",PASSED except exp390 viz crash noted separately,N9_0424 implicit sound-field projection fusion,binaural spectrogram; predicted rep_gt proxy,ERP depth + FOA/SH/energy auxiliary,"n9_0424 (C, lsh0.1)",Depth + weighted_rep_loss + optional projection energy loss,"lr=1e-4, bs=64, best_ep=12, FOA_L1=0.0204",renew_test or n4/ambisonic cache family 7027059baf06 per report_f/g,"RMSE=1.2489, AbsRel=0.4859, δ1=0.4765, Log10=0.1629, MAE=0.8102, FOA_COS=0.2982, FOA_DIR=-0.0081",Report_f: renew v2 fixed FOA quality; radial parameterization hurts RMSE; n9_0424 FOA head weak/bug-audited.,exp390 visualization KeyboardInterrupt after metrics; older FOA eval bug possible for high FOA_L1 rows,KEEP,supplemental_reports
"exp398 / n9_0424 (C, lsh0.05)",PASSED except exp390 viz crash noted separately,N9_0424 implicit sound-field projection fusion,binaural spectrogram; predicted rep_gt proxy,ERP depth + FOA/SH/energy auxiliary,"n9_0424 (C, lsh0.05)",Depth + weighted_rep_loss + optional projection energy loss,"lr=5e-5, bs=64, best_ep=12, FOA_L1=0.0171",renew_test or n4/ambisonic cache family 7027059baf06 per report_f/g,"RMSE=1.2228, AbsRel=0.5135, δ1=0.4861, Log10=0.1618, MAE=0.8058, FOA_COS=0.2313, FOA_DIR=-0.0063",Report_f: renew v2 fixed FOA quality; radial parameterization hurts RMSE; n9_0424 FOA head weak/bug-audited.,exp390 visualization KeyboardInterrupt after metrics; older FOA eval bug possible for high FOA_L1 rows,KEEP,supplemental_reports
"exp399 / n9_0424 (C, lsh0.05)",PASSED except exp390 viz crash noted separately,N9_0424 implicit sound-field projection fusion,binaural spectrogram; predicted rep_gt proxy,ERP depth + FOA/SH/energy auxiliary,"n9_0424 (C, lsh0.05)",Depth + weighted_rep_loss + optional projection energy loss,"lr=3e-4, bs=64, best_ep=20, FOA_L1=0.0085",renew_test or n4/ambisonic cache family 7027059baf06 per report_f/g,"RMSE=1.2331, AbsRel=0.5075, δ1=0.4822, Log10=0.1614, MAE=0.8074, FOA_COS=0.4705, FOA_DIR=0.1256",Report_f: renew v2 fixed FOA quality; radial parameterization hurts RMSE; n9_0424 FOA head weak/bug-audited.,exp390 visualization KeyboardInterrupt after metrics; older FOA eval bug possible for high FOA_L1 rows,KEEP,supplemental_reports
"exp400 / n9_0424 (C, lsh0.05)",PASSED except exp390 viz crash noted separately,N9_0424 implicit sound-field projection fusion,binaural spectrogram; predicted rep_gt proxy,ERP depth + FOA/SH/energy auxiliary,"n9_0424 (C, lsh0.05)",Depth + weighted_rep_loss + optional projection energy loss,"lr=1e-4, bs=128, best_ep=20, FOA_L1=0.0104",renew_test or n4/ambisonic cache family 7027059baf06 per report_f/g,"RMSE=1.2413, AbsRel=0.4711, δ1=0.4831, Log10=0.1601, MAE=0.7994, FOA_COS=0.2033, FOA_DIR=-0.0007",Report_f: renew v2 fixed FOA quality; radial parameterization hurts RMSE; n9_0424 FOA head weak/bug-audited.,exp390 visualization KeyboardInterrupt after metrics; older FOA eval bug possible for high FOA_L1 rows,KEEP,supplemental_reports
"exp401 / n9_0424 (C, lsh0.05)",PASSED except exp390 viz crash noted separately,N9_0424 implicit sound-field projection fusion,binaural spectrogram; predicted rep_gt proxy,ERP depth + FOA/SH/energy auxiliary,"n9_0424 (C, lsh0.05)",Depth + weighted_rep_loss + optional projection energy loss,"lr=1e-4, bs=32, best_ep=20, FOA_L1=0.0101",renew_test or n4/ambisonic cache family 7027059baf06 per report_f/g,"RMSE=1.2606, AbsRel=0.4350, δ1=0.4984, Log10=0.1591, MAE=0.8000, FOA_COS=0.3621, FOA_DIR=0.0187",Report_f: renew v2 fixed FOA quality; radial parameterization hurts RMSE; n9_0424 FOA head weak/bug-audited.,exp390 visualization KeyboardInterrupt after metrics; older FOA eval bug possible for high FOA_L1 rows,KEEP,supplemental_reports
"exp400 / n4_0425 λ=0 (no sparsity, ceiling)",PASSED,N4 oracle bin-gated FOA conditioning,binaural spectrogram + oracle per-bin FOA rep_gt,ERP radial depth + optional rep/gate diagnostics,"UNet bottleneck ⊕ MLP(g⊙rep_gt); λ=0 (no sparsity, ceiling)",Depth + λ_sparsity*gate.mean; λ_sh mostly 0 in config,"λ_sp=0.00, lr=1e-4, bs=64, FOA_L1=0.0010",n4_test; ambisonic cache family 7027059baf06; 3192 samples / 9 scenes,"RMSE=1.2230, AbsRel=0.4649, δ1=0.5006, δ2=0.7140, δ3=0.8321, Log10=0.1557, MAE=0.7851, FOA_COS=0.9997, FOA_DIR=0.9937",Oracle FOA helps at most marginally by RMSE vs same-cache baselines; drop-bin analysis shows gauge/equilibrium issues; exp411 best δ1.,exp416 missing/no metrics; exp415/417/419 absent from report_g,KEEP,supplemental_reports
exp401 / n4_0425 λ=0.01,PASSED,N4 oracle bin-gated FOA conditioning,binaural spectrogram + oracle per-bin FOA rep_gt,ERP radial depth + optional rep/gate diagnostics,UNet bottleneck ⊕ MLP(g⊙rep_gt); λ=0.01,Depth + λ_sparsity*gate.mean; λ_sh mostly 0 in config,"λ_sp=0.01, lr=1e-4, bs=64, FOA_L1=0.0011",n4_test; ambisonic cache family 7027059baf06; 3192 samples / 9 scenes,"RMSE=1.2013, AbsRel=0.4568, δ1=0.4985, δ2=0.7149, δ3=0.8329, Log10=0.1551, MAE=0.7825, FOA_COS=0.9997, FOA_DIR=0.9937",Oracle FOA helps at most marginally by RMSE vs same-cache baselines; drop-bin analysis shows gauge/equilibrium issues; exp411 best δ1.,exp416 missing/no metrics; exp415/417/419 absent from report_g,KEEP,supplemental_reports
exp402 / n4_0425 λ=0.05 (best ABS),PASSED,N4 oracle bin-gated FOA conditioning,binaural spectrogram + oracle per-bin FOA rep_gt,ERP radial depth + optional rep/gate diagnostics,UNet bottleneck ⊕ MLP(g⊙rep_gt); λ=0.05 (best ABS),Depth + λ_sparsity*gate.mean; λ_sh mostly 0 in config,"λ_sp=0.05, lr=1e-4, bs=64, FOA_L1=0.0014",n4_test; ambisonic cache family 7027059baf06; 3192 samples / 9 scenes,"RMSE=1.2225, AbsRel=0.4235, δ1=0.4966, δ2=0.7137, δ3=0.8317, Log10=0.1552, MAE=0.7836, FOA_COS=0.9997, FOA_DIR=0.9937",Oracle FOA helps at most marginally by RMSE vs same-cache baselines; drop-bin analysis shows gauge/equilibrium issues; exp411 best δ1.,exp416 missing/no metrics; exp415/417/419 absent from report_g,KEEP,supplemental_reports
exp403 / n4_0425 λ=0.1 (config default),PASSED,N4 oracle bin-gated FOA conditioning,binaural spectrogram + oracle per-bin FOA rep_gt,ERP radial depth + optional rep/gate diagnostics,UNet bottleneck ⊕ MLP(g⊙rep_gt); λ=0.1 (config default),Depth + λ_sparsity*gate.mean; λ_sh mostly 0 in config,"λ_sp=0.10, lr=1e-4, bs=64, FOA_L1=0.0015",n4_test; ambisonic cache family 7027059baf06; 3192 samples / 9 scenes,"RMSE=1.2041, AbsRel=0.4561, δ1=0.4993, δ2=0.7136, δ3=0.8324, Log10=0.1555, MAE=0.7847, FOA_COS=0.9997, FOA_DIR=0.9937",Oracle FOA helps at most marginally by RMSE vs same-cache baselines; drop-bin analysis shows gauge/equilibrium issues; exp411 best δ1.,exp416 missing/no metrics; exp415/417/419 absent from report_g,KEEP,supplemental_reports
exp404 / n4_0425 λ=0.5 (strong sparsity),PASSED,N4 oracle bin-gated FOA conditioning,binaural spectrogram + oracle per-bin FOA rep_gt,ERP radial depth + optional rep/gate diagnostics,UNet bottleneck ⊕ MLP(g⊙rep_gt); λ=0.5 (strong sparsity),Depth + λ_sparsity*gate.mean; λ_sh mostly 0 in config,"λ_sp=0.50, lr=1e-4, bs=64, FOA_L1=0.0013",n4_test; ambisonic cache family 7027059baf06; 3192 samples / 9 scenes,"RMSE=1.2219, AbsRel=0.4402, δ1=0.4897, δ2=0.7081, δ3=0.8298, Log10=0.1565, MAE=0.7895, FOA_COS=0.9997, FOA_DIR=0.9937",Oracle FOA helps at most marginally by RMSE vs same-cache baselines; drop-bin analysis shows gauge/equilibrium issues; exp411 best δ1.,exp416 missing/no metrics; exp415/417/419 absent from report_g,KEEP,supplemental_reports
exp405 / n4_0425 λ=0.05 lr=5e-4,PASSED,N4 oracle bin-gated FOA conditioning,binaural spectrogram + oracle per-bin FOA rep_gt,ERP radial depth + optional rep/gate diagnostics,UNet bottleneck ⊕ MLP(g⊙rep_gt); λ=0.05 lr=5e-4,Depth + λ_sparsity*gate.mean; λ_sh mostly 0 in config,"λ_sp=0.05, lr=5e-4, bs=64, FOA_L1=0.0038",n4_test; ambisonic cache family 7027059baf06; 3192 samples / 9 scenes,"RMSE=1.2032, AbsRel=0.4516, δ1=0.5040, δ2=0.7149, δ3=0.8322, Log10=0.1558, MAE=0.7852, FOA_COS=0.9996, FOA_DIR=0.9937",Oracle FOA helps at most marginally by RMSE vs same-cache baselines; drop-bin analysis shows gauge/equilibrium issues; exp411 best δ1.,exp416 missing/no metrics; exp415/417/419 absent from report_g,KEEP,supplemental_reports
exp406 / n4_0425 λ=0.05 lr=3e-4,PASSED,N4 oracle bin-gated FOA conditioning,binaural spectrogram + oracle per-bin FOA rep_gt,ERP radial depth + optional rep/gate diagnostics,UNet bottleneck ⊕ MLP(g⊙rep_gt); λ=0.05 lr=3e-4,Depth + λ_sparsity*gate.mean; λ_sh mostly 0 in config,"λ_sp=0.05, lr=3e-4, bs=64, FOA_L1=0.0024",n4_test; ambisonic cache family 7027059baf06; 3192 samples / 9 scenes,"RMSE=1.2195, AbsRel=0.4405, δ1=0.4956, δ2=0.7104, δ3=0.8298, Log10=0.1572, MAE=0.7920, FOA_COS=0.9997, FOA_DIR=0.9937",Oracle FOA helps at most marginally by RMSE vs same-cache baselines; drop-bin analysis shows gauge/equilibrium issues; exp411 best δ1.,exp416 missing/no metrics; exp415/417/419 absent from report_g,KEEP,supplemental_reports
exp407 / n4_0425 λ=0.05 lr=1e-3,PASSED,N4 oracle bin-gated FOA conditioning,binaural spectrogram + oracle per-bin FOA rep_gt,ERP radial depth + optional rep/gate diagnostics,UNet bottleneck ⊕ MLP(g⊙rep_gt); λ=0.05 lr=1e-3,Depth + λ_sparsity*gate.mean; λ_sh mostly 0 in config,"λ_sp=0.05, lr=1e-3, bs=64, FOA_L1=0.0082",n4_test; ambisonic cache family 7027059baf06; 3192 samples / 9 scenes,"RMSE=1.2666, AbsRel=0.5211, δ1=0.4514, δ2=0.6736, δ3=0.8053, Log10=0.1701, MAE=0.8431, FOA_COS=0.9970, FOA_DIR=0.9930",Oracle FOA helps at most marginally by RMSE vs same-cache baselines; drop-bin analysis shows gauge/equilibrium issues; exp411 best δ1.,exp416 missing/no metrics; exp415/417/419 absent from report_g,KEEP,supplemental_reports
exp408 / n4_0425 λ=0.05 lr=5e-5,PASSED,N4 oracle bin-gated FOA conditioning,binaural spectrogram + oracle per-bin FOA rep_gt,ERP radial depth + optional rep/gate diagnostics,UNet bottleneck ⊕ MLP(g⊙rep_gt); λ=0.05 lr=5e-5,Depth + λ_sparsity*gate.mean; λ_sh mostly 0 in config,"λ_sp=0.05, lr=5e-5, bs=64, FOA_L1=0.0012",n4_test; ambisonic cache family 7027059baf06; 3192 samples / 9 scenes,"RMSE=1.2346, AbsRel=0.4658, δ1=0.4878, δ2=0.7068, δ3=0.8284, Log10=0.1582, MAE=0.7951, FOA_COS=0.9997, FOA_DIR=0.9937",Oracle FOA helps at most marginally by RMSE vs same-cache baselines; drop-bin analysis shows gauge/equilibrium issues; exp411 best δ1.,exp416 missing/no metrics; exp415/417/419 absent from report_g,KEEP,supplemental_reports
exp409 / n4_0425 λ=0.05 lr=1e-5,PASSED,N4 oracle bin-gated FOA conditioning,binaural spectrogram + oracle per-bin FOA rep_gt,ERP radial depth + optional rep/gate diagnostics,UNet bottleneck ⊕ MLP(g⊙rep_gt); λ=0.05 lr=1e-5,Depth + λ_sparsity*gate.mean; λ_sh mostly 0 in config,"λ_sp=0.05, lr=1e-5, bs=64, FOA_L1=0.0010",n4_test; ambisonic cache family 7027059baf06; 3192 samples / 9 scenes,"RMSE=1.2517, AbsRel=0.4272, δ1=0.4814, δ2=0.7019, δ3=0.8242, Log10=0.1605, MAE=0.8049, FOA_COS=0.9997, FOA_DIR=0.9937",Oracle FOA helps at most marginally by RMSE vs same-cache baselines; drop-bin analysis shows gauge/equilibrium issues; exp411 best δ1.,exp416 missing/no metrics; exp415/417/419 absent from report_g,KEEP,supplemental_reports
exp410 / n4_0425 drop bin 0 (bs128),PASSED,N4 oracle bin-gated FOA conditioning,binaural spectrogram + oracle per-bin FOA rep_gt,ERP radial depth + optional rep/gate diagnostics,UNet bottleneck ⊕ MLP(g⊙rep_gt); drop bin 0 (bs128),Depth + λ_sparsity*gate.mean; λ_sh mostly 0 in config,"λ_sp=0, lr=1e-4, bs=128, FOA_L1=0.0085",n4_test; ambisonic cache family 7027059baf06; 3192 samples / 9 scenes,"RMSE=1.2527, AbsRel=0.4605, δ1=0.5039, δ2=0.7164, δ3=0.8332, Log10=0.1574, MAE=0.7919, FOA_COS=0.4736, FOA_DIR=0.4444",Oracle FOA helps at most marginally by RMSE vs same-cache baselines; drop-bin analysis shows gauge/equilibrium issues; exp411 best δ1.,exp416 missing/no metrics; exp415/417/419 absent from report_g,KEEP,supplemental_reports
exp410 / n4_0425 drop bin 0 (bs64),PASSED,N4 oracle bin-gated FOA conditioning,binaural spectrogram + oracle per-bin FOA rep_gt,ERP radial depth + optional rep/gate diagnostics,UNet bottleneck ⊕ MLP(g⊙rep_gt); drop bin 0 (bs64),Depth + λ_sparsity*gate.mean; λ_sh mostly 0 in config,"λ_sp=0, lr=1e-4, bs=64, FOA_L1=0.0085",n4_test; ambisonic cache family 7027059baf06; 3192 samples / 9 scenes,"RMSE=1.2390, AbsRel=0.4607, δ1=0.4987, δ2=0.7117, δ3=0.8302, Log10=0.1577, MAE=0.7929, FOA_COS=0.4736, FOA_DIR=0.4444",Oracle FOA helps at most marginally by RMSE vs same-cache baselines; drop-bin analysis shows gauge/equilibrium issues; exp411 best δ1.,exp416 missing/no metrics; exp415/417/419 absent from report_g,KEEP,supplemental_reports
exp411 / n4_0425 drop bin 1 (best δ1),PASSED,N4 oracle bin-gated FOA conditioning,binaural spectrogram + oracle per-bin FOA rep_gt,ERP radial depth + optional rep/gate diagnostics,UNet bottleneck ⊕ MLP(g⊙rep_gt); drop bin 1 (best δ1),Depth + λ_sparsity*gate.mean; λ_sh mostly 0 in config,"λ_sp=0, lr=1e-4, bs=64, FOA_L1=0.0000",n4_test; ambisonic cache family 7027059baf06; 3192 samples / 9 scenes,"RMSE=1.2179, AbsRel=0.4490, δ1=0.5075, δ2=0.7187, δ3=0.8345, Log10=0.1542, MAE=0.7773, FOA_COS=0.9997, FOA_DIR=0.9937",Oracle FOA helps at most marginally by RMSE vs same-cache baselines; drop-bin analysis shows gauge/equilibrium issues; exp411 best δ1.,exp416 missing/no metrics; exp415/417/419 absent from report_g,KEEP,supplemental_reports
exp412 / n4_0425 drop bin 2,PASSED,N4 oracle bin-gated FOA conditioning,binaural spectrogram + oracle per-bin FOA rep_gt,ERP radial depth + optional rep/gate diagnostics,UNet bottleneck ⊕ MLP(g⊙rep_gt); drop bin 2,Depth + λ_sparsity*gate.mean; λ_sh mostly 0 in config,"λ_sp=0, lr=1e-4, bs=64, FOA_L1=0.0000",n4_test; ambisonic cache family 7027059baf06; 3192 samples / 9 scenes,"RMSE=1.2419, AbsRel=0.4580, δ1=0.4983, δ2=0.7106, δ3=0.8311, Log10=0.1574, MAE=0.7916, FOA_COS=0.9997, FOA_DIR=0.9937",Oracle FOA helps at most marginally by RMSE vs same-cache baselines; drop-bin analysis shows gauge/equilibrium issues; exp411 best δ1.,exp416 missing/no metrics; exp415/417/419 absent from report_g,KEEP,supplemental_reports
exp413 / n4_0425 drop bin 3,PASSED,N4 oracle bin-gated FOA conditioning,binaural spectrogram + oracle per-bin FOA rep_gt,ERP radial depth + optional rep/gate diagnostics,UNet bottleneck ⊕ MLP(g⊙rep_gt); drop bin 3,Depth + λ_sparsity*gate.mean; λ_sh mostly 0 in config,"λ_sp=0, lr=1e-4, bs=64, FOA_L1=0.0000",n4_test; ambisonic cache family 7027059baf06; 3192 samples / 9 scenes,"RMSE=1.2430, AbsRel=0.4634, δ1=0.4984, δ2=0.7108, δ3=0.8290, Log10=0.1577, MAE=0.7929, FOA_COS=0.9997, FOA_DIR=0.9937",Oracle FOA helps at most marginally by RMSE vs same-cache baselines; drop-bin analysis shows gauge/equilibrium issues; exp411 best δ1.,exp416 missing/no metrics; exp415/417/419 absent from report_g,KEEP,supplemental_reports
exp414 / n4_0425 drop bin 4,PASSED,N4 oracle bin-gated FOA conditioning,binaural spectrogram + oracle per-bin FOA rep_gt,ERP radial depth + optional rep/gate diagnostics,UNet bottleneck ⊕ MLP(g⊙rep_gt); drop bin 4,Depth + λ_sparsity*gate.mean; λ_sh mostly 0 in config,"λ_sp=0, lr=1e-4, bs=64, FOA_L1=0.0000",n4_test; ambisonic cache family 7027059baf06; 3192 samples / 9 scenes,"RMSE=1.2250, AbsRel=0.4438, δ1=0.4989, δ2=0.7128, δ3=0.8312, Log10=0.1554, MAE=0.7843, FOA_COS=0.9997, FOA_DIR=0.9937",Oracle FOA helps at most marginally by RMSE vs same-cache baselines; drop-bin analysis shows gauge/equilibrium issues; exp411 best δ1.,exp416 missing/no metrics; exp415/417/419 absent from report_g,KEEP,supplemental_reports
exp418 / n4_0425 binaural-only floor (gate=0),PASSED,N4 oracle bin-gated FOA conditioning,binaural spectrogram + oracle per-bin FOA rep_gt,ERP radial depth + optional rep/gate diagnostics,UNet bottleneck ⊕ MLP(g⊙rep_gt); binaural-only floor (gate=0),Depth + λ_sparsity*gate.mean; λ_sh mostly 0 in config,"λ_sp=0, lr=1e-4, bs=64, FOA_L1=0.0085",n4_test; ambisonic cache family 7027059baf06; 3192 samples / 9 scenes,"RMSE=1.2902, AbsRel=0.4688, δ1=0.4896, δ2=0.7035, δ3=0.8254, Log10=0.1604, MAE=0.8059, FOA_COS=0.4736, FOA_DIR=0.4444",Oracle FOA helps at most marginally by RMSE vs same-cache baselines; drop-bin analysis shows gauge/equilibrium issues; exp411 best δ1.,exp416 missing/no metrics; exp415/417/419 absent from report_g,KEEP,supplemental_reports
exp700_eda_input_lr5e4_bs32,PLANNED / NOT REPORTED,echodiffusion_ambi,UNKNOWN,ERP depth,config=echodiffusion_ambi; model.name=UNKNOWN,BerHu + SILog depth unless noted,script=scripts/echodiff_ambi_bulk.sh; lr=0.0005; bs_or_arg4=32; extra=--foa-mode input --rep-K 8 --lambda-sparsity 0.05 --lambda-sh 0.0,UNKNOWN,NOT REPORTED,Script/config-defined experiment; no metric in provided docs.,UNKNOWN / not completed in provided snippets,KEEP as planned/unreported,scripts_planned
exp701_eda_input_lr1e4_bs32,PLANNED / NOT REPORTED,echodiffusion_ambi,UNKNOWN,ERP depth,config=echodiffusion_ambi; model.name=UNKNOWN,BerHu + SILog depth unless noted,script=scripts/echodiff_ambi_bulk.sh; lr=0.0001; bs_or_arg4=32; extra=--foa-mode input --rep-K 8 --lambda-sparsity 0.05 --lambda-sh 0.0,UNKNOWN,NOT REPORTED,Script/config-defined experiment; no metric in provided docs.,UNKNOWN / not completed in provided snippets,KEEP as planned/unreported,scripts_planned
exp702_eda_input_lr5e5_bs32,PLANNED / NOT REPORTED,echodiffusion_ambi,UNKNOWN,ERP depth,config=echodiffusion_ambi; model.name=UNKNOWN,BerHu + SILog depth unless noted,script=scripts/echodiff_ambi_bulk.sh; lr=0.00005; bs_or_arg4=32; extra=--foa-mode input --rep-K 8 --lambda-sparsity 0.05 --lambda-sh 0.0,UNKNOWN,NOT REPORTED,Script/config-defined experiment; no metric in provided docs.,UNKNOWN / not completed in provided snippets,KEEP as planned/unreported,scripts_planned
exp703_eda_input_lr1e3_bs32,PLANNED / NOT REPORTED,echodiffusion_ambi,UNKNOWN,ERP depth,config=echodiffusion_ambi; model.name=UNKNOWN,BerHu + SILog depth unless noted,script=scripts/echodiff_ambi_bulk.sh; lr=0.001; bs_or_arg4=32; extra=--foa-mode input --rep-K 8 --lambda-sparsity 0.05 --lambda-sh 0.0,UNKNOWN,NOT REPORTED,Script/config-defined experiment; no metric in provided docs.,UNKNOWN / not completed in provided snippets,KEEP as planned/unreported,scripts_planned
exp704_eda_cond_lr5e4_bs32,PLANNED / NOT REPORTED,echodiffusion_ambi,UNKNOWN,ERP depth,config=echodiffusion_ambi; model.name=UNKNOWN,BerHu + SILog depth unless noted,script=scripts/echodiff_ambi_bulk.sh; lr=0.0005; bs_or_arg4=32; extra=--foa-mode condition --rep-K 8 --lambda-sparsity 0.05 --lambda-sh 0.0,UNKNOWN,NOT REPORTED,Script/config-defined experiment; no metric in provided docs.,UNKNOWN / not completed in provided snippets,KEEP as planned/unreported,scripts_planned
exp705_eda_cond_lr1e4_bs32,PLANNED / NOT REPORTED,echodiffusion_ambi,UNKNOWN,ERP depth,config=echodiffusion_ambi; model.name=UNKNOWN,BerHu + SILog depth unless noted,script=scripts/echodiff_ambi_bulk.sh; lr=0.0001; bs_or_arg4=32; extra=--foa-mode condition --rep-K 8 --lambda-sparsity 0.05 --lambda-sh 0.0,UNKNOWN,NOT REPORTED,Script/config-defined experiment; no metric in provided docs.,UNKNOWN / not completed in provided snippets,KEEP as planned/unreported,scripts_planned
exp706_eda_cond_lr5e5_bs32,PLANNED / NOT REPORTED,echodiffusion_ambi,UNKNOWN,ERP depth,config=echodiffusion_ambi; model.name=UNKNOWN,BerHu + SILog depth unless noted,script=scripts/echodiff_ambi_bulk.sh; lr=0.00005; bs_or_arg4=32; extra=--foa-mode condition --rep-K 8 --lambda-sparsity 0.05 --lambda-sh 0.0,UNKNOWN,NOT REPORTED,Script/config-defined experiment; no metric in provided docs.,UNKNOWN / not completed in provided snippets,KEEP as planned/unreported,scripts_planned
exp707_eda_cond_lr1e3_bs32,PLANNED / NOT REPORTED,echodiffusion_ambi,UNKNOWN,ERP depth,config=echodiffusion_ambi; model.name=UNKNOWN,BerHu + SILog depth unless noted,script=scripts/echodiff_ambi_bulk.sh; lr=0.001; bs_or_arg4=32; extra=--foa-mode condition --rep-K 8 --lambda-sparsity 0.05 --lambda-sh 0.0,UNKNOWN,NOT REPORTED,Script/config-defined experiment; no metric in provided docs.,UNKNOWN / not completed in provided snippets,KEEP as planned/unreported,scripts_planned
exp244_n1_pvit_trms_film_lr1e4,PLANNED / NOT REPORTED,Temporal RMS FiLM,binaural spec + temporal FOA RMS descriptor for FiLM,ERP depth,config=pvit_n1_temap_rms_film; model.name=UNKNOWN,Depth + λ_sh aux,script=scripts/n1_bulk.sh; lr=0.0001; bs_or_arg4=0.1; extra=,UNKNOWN,NOT REPORTED,Script/config-defined experiment; no metric in provided docs.,UNKNOWN / not completed in provided snippets,KEEP as planned/unreported,scripts_planned
exp245_n1_pvit_eattn_lr1e4,PLANNED / NOT REPORTED,N3 energy attention,binaural spec,ERP depth,config=pvit_n1_temap_eattn; model.name=UNKNOWN,Depth + λ_sh (+ optional λ_energy),script=scripts/n1_bulk.sh; lr=0.0001; bs_or_arg4=0.1; extra=--lambda-energy 0.1,UNKNOWN,NOT REPORTED,Script/config-defined experiment; no metric in provided docs.,UNKNOWN / not completed in provided snippets,KEEP as planned/unreported,scripts_planned
exp246_n1_pvit_mssh_lr1e4,PLANNED / NOT REPORTED,N3 multi-scale SH,binaural spec,ERP depth,config=pvit_n1_temap_mssh; model.name=UNKNOWN,Depth + λ_sh,script=scripts/n1_bulk.sh; lr=0.0001; bs_or_arg4=0.1; extra=,UNKNOWN,NOT REPORTED,Script/config-defined experiment; no metric in provided docs.,UNKNOWN / not completed in provided snippets,KEEP as planned/unreported,scripts_planned
exp231_n2_tenergy_ov3_lr1e3_lsh0.1,PLANNED / NOT REPORTED,Temporal energy attention/supervision,binaural spec,ERP depth,config=n2_temporal_energy_overlap3; model.name=UNKNOWN,Depth + λ_sh + λ_energy,script=scripts/n2_bulk.sh; lr=0.001; bs_or_arg4=0.1; extra=,UNKNOWN,NOT REPORTED,Script/config-defined experiment; no metric in provided docs.,UNKNOWN / not completed in provided snippets,KEEP as planned/unreported,scripts_planned
exp232_n2_tenergy_ov3_lr5e4_lsh0.1,PLANNED / NOT REPORTED,Temporal energy attention/supervision,binaural spec,ERP depth,config=n2_temporal_energy_overlap3; model.name=UNKNOWN,Depth + λ_sh + λ_energy,script=scripts/n2_bulk.sh; lr=0.0005; bs_or_arg4=0.1; extra=,UNKNOWN,NOT REPORTED,Script/config-defined experiment; no metric in provided docs.,UNKNOWN / not completed in provided snippets,KEEP as planned/unreported,scripts_planned
exp233_n2_tenergy_ov3_lr1e3_lsh0.3,PLANNED / NOT REPORTED,Temporal energy attention/supervision,binaural spec,ERP depth,config=n2_temporal_energy_overlap3; model.name=UNKNOWN,Depth + λ_sh + λ_energy,script=scripts/n2_bulk.sh; lr=0.001; bs_or_arg4=0.3; extra=,UNKNOWN,NOT REPORTED,Script/config-defined experiment; no metric in provided docs.,UNKNOWN / not completed in provided snippets,KEEP as planned/unreported,scripts_planned
exp234_n2_temap_ov3_lr1e3_lsh0.1,PLANNED / NOT REPORTED,Temporal energy-map input,binaural spec + temporal FOA energy maps,ERP depth,config=n2_temap_input_overlap3; model.name=UNKNOWN,Depth + λ_sh aux; sometimes λ_energy,script=scripts/n2_bulk.sh; lr=0.001; bs_or_arg4=0.1; extra=,UNKNOWN,NOT REPORTED,Script/config-defined experiment; no metric in provided docs.,UNKNOWN / not completed in provided snippets,KEEP as planned/unreported,scripts_planned
exp235_n2_temap_ov3_lr5e4_lsh0.1,PLANNED / NOT REPORTED,Temporal energy-map input,binaural spec + temporal FOA energy maps,ERP depth,config=n2_temap_input_overlap3; model.name=UNKNOWN,Depth + λ_sh aux; sometimes λ_energy,script=scripts/n2_bulk.sh; lr=0.0005; bs_or_arg4=0.1; extra=,UNKNOWN,NOT REPORTED,Script/config-defined experiment; no metric in provided docs.,UNKNOWN / not completed in provided snippets,KEEP as planned/unreported,scripts_planned
exp236_n2_tenergy_ov3_signed_lr1e3,PLANNED / NOT REPORTED,Temporal energy attention/supervision,binaural spec,ERP depth,config=n2_temporal_energy_overlap3_signed; model.name=UNKNOWN,Depth + λ_sh + λ_energy,script=scripts/n2_bulk.sh; lr=0.001; bs_or_arg4=0.1; extra=,UNKNOWN,NOT REPORTED,Script/config-defined experiment; no metric in provided docs.,UNKNOWN / not completed in provided snippets,KEEP as planned/unreported,scripts_planned
exp237_n2_tenergy_ov3_wloss_lr1e3,PLANNED / NOT REPORTED,Temporal energy attention/supervision,binaural spec,ERP depth,config=n2_temporal_energy_overlap3_wloss; model.name=UNKNOWN,Depth + λ_sh + λ_energy,script=scripts/n2_bulk.sh; lr=0.001; bs_or_arg4=0.1; extra=,UNKNOWN,NOT REPORTED,Script/config-defined experiment; no metric in provided docs.,UNKNOWN / not completed in provided snippets,KEEP as planned/unreported,scripts_planned
exp238_n2_tenergy_ov3_deccond_lr1e3,PLANNED / NOT REPORTED,Temporal energy attention/supervision,binaural spec,ERP depth,config=n2_temporal_energy_overlap3_deccond; model.name=UNKNOWN,Depth + λ_sh + λ_energy,script=scripts/n2_bulk.sh; lr=0.001; bs_or_arg4=0.1; extra=,UNKNOWN,NOT REPORTED,Script/config-defined experiment; no metric in provided docs.,UNKNOWN / not completed in provided snippets,KEEP as planned/unreported,scripts_planned
exp239_n2_tenergy_ov4_lr1e3_lsh0.1,PLANNED / NOT REPORTED,Temporal energy attention/supervision,binaural spec,ERP depth,config=n2_temporal_energy_overlap4; model.name=UNKNOWN,Depth + λ_sh + λ_energy,script=scripts/n2_bulk.sh; lr=0.001; bs_or_arg4=0.1; extra=,UNKNOWN,NOT REPORTED,Script/config-defined experiment; no metric in provided docs.,UNKNOWN / not completed in provided snippets,KEEP as planned/unreported,scripts_planned
exp240_n2_tenergy_ov4_lr5e4_lsh0.1,PLANNED / NOT REPORTED,Temporal energy attention/supervision,binaural spec,ERP depth,config=n2_temporal_energy_overlap4; model.name=UNKNOWN,Depth + λ_sh + λ_energy,script=scripts/n2_bulk.sh; lr=0.0005; bs_or_arg4=0.1; extra=,UNKNOWN,NOT REPORTED,Script/config-defined experiment; no metric in provided docs.,UNKNOWN / not completed in provided snippets,KEEP as planned/unreported,scripts_planned
exp730_sideplus_baseline_lr5e4_bs128,PLANNED / NOT REPORTED,Baseline UNet,binaural spec,ERP depth,config=echodiff_sh_side_plus; model.name=UNKNOWN,BerHu + SILog depth unless noted,script=scripts/n2_bulk_0427.sh; lr=0.0005; bs_or_arg4=128; extra=--no-side-fusion --no-oracle-mode --rep-K 8 --lambda-sh 0.0 --lambda-sparsity 0.0 --lambda-energy 0.0,UNKNOWN,NOT REPORTED,Script/config-defined experiment; no metric in provided docs.,UNKNOWN / not completed in provided snippets,KEEP as planned/unreported,scripts_planned
exp731_sideplus_oracleUB_gate-ones_lr5e4_bs128,PLANNED / NOT REPORTED,echodiff_sh_side_plus,UNKNOWN,ERP depth,config=echodiff_sh_side_plus; model.name=UNKNOWN,BerHu + SILog depth unless noted,script=scripts/n2_bulk_0427.sh; lr=0.0005; bs_or_arg4=128; extra=--side-fusion --oracle-mode --oracle-gate-mode ones --rep-K 8 --lambda-sh 0.0 --lambda-sparsity 0.0 --lambda-energy 0.0,UNKNOWN,NOT REPORTED,Script/config-defined experiment; no metric in provided docs.,UNKNOWN / not completed in provided snippets,KEEP as planned/unreported,scripts_planned
exp720_eda_sh5_lr5e4_bs128,PLANNED / NOT REPORTED,echodiffusion_ambi_sh,UNKNOWN,ERP depth,config=echodiffusion_ambi_sh; model.name=UNKNOWN,BerHu + SILog depth unless noted,script=scripts/n2_echodiffambi_sh.sh; lr=0.0005; bs_or_arg4=128; extra=,UNKNOWN,NOT REPORTED,Script/config-defined experiment; no metric in provided docs.,UNKNOWN / not completed in provided snippets,KEEP as planned/unreported,scripts_planned
exp721_eda_sh5_lr1e4_bs128,PLANNED / NOT REPORTED,echodiffusion_ambi_sh,UNKNOWN,ERP depth,config=echodiffusion_ambi_sh; model.name=UNKNOWN,BerHu + SILog depth unless noted,script=scripts/n2_echodiffambi_sh.sh; lr=0.0001; bs_or_arg4=128; extra=,UNKNOWN,NOT REPORTED,Script/config-defined experiment; no metric in provided docs.,UNKNOWN / not completed in provided snippets,KEEP as planned/unreported,scripts_planned
exp722_eda_sh5_lr5e5_bs128,PLANNED / NOT REPORTED,echodiffusion_ambi_sh,UNKNOWN,ERP depth,config=echodiffusion_ambi_sh; model.name=UNKNOWN,BerHu + SILog depth unless noted,script=scripts/n2_echodiffambi_sh.sh; lr=0.00005; bs_or_arg4=128; extra=,UNKNOWN,NOT REPORTED,Script/config-defined experiment; no metric in provided docs.,UNKNOWN / not completed in provided snippets,KEEP as planned/unreported,scripts_planned
exp723_eda_sh5_lr1e3_bs128,PLANNED / NOT REPORTED,echodiffusion_ambi_sh,UNKNOWN,ERP depth,config=echodiffusion_ambi_sh; model.name=UNKNOWN,BerHu + SILog depth unless noted,script=scripts/n2_echodiffambi_sh.sh; lr=0.001; bs_or_arg4=128; extra=,UNKNOWN,NOT REPORTED,Script/config-defined experiment; no metric in provided docs.,UNKNOWN / not completed in provided snippets,KEEP as planned/unreported,scripts_planned
exp360_echodiff_lr1e4_bs48,PLANNED / NOT REPORTED,EchoDiffusion,binaural spec + raw waveform,ERP depth,config=echodiffusion; model.name=UNKNOWN,BerHu + SILog depth; Wav2Vec/CIDE conditioning,script=scripts/n2_revisit.sh; lr=0.0001; bs_or_arg4=48; extra=,UNKNOWN,NOT REPORTED,Script/config-defined experiment; no metric in provided docs.,UNKNOWN / not completed in provided snippets,KEEP as planned/unreported,scripts_planned
exp361_echodiff_lr5e5_bs48,PLANNED / NOT REPORTED,EchoDiffusion,binaural spec + raw waveform,ERP depth,config=echodiffusion; model.name=UNKNOWN,BerHu + SILog depth; Wav2Vec/CIDE conditioning,script=scripts/n2_revisit.sh; lr=0.00005; bs_or_arg4=48; extra=,UNKNOWN,NOT REPORTED,Script/config-defined experiment; no metric in provided docs.,UNKNOWN / not completed in provided snippets,KEEP as planned/unreported,scripts_planned
exp362_echodiff_lr1e4_bs32,PLANNED / NOT REPORTED,EchoDiffusion,binaural spec + raw waveform,ERP depth,config=echodiffusion; model.name=UNKNOWN,BerHu + SILog depth; Wav2Vec/CIDE conditioning,script=scripts/n2_revisit.sh; lr=0.0001; bs_or_arg4=32; extra=,UNKNOWN,NOT REPORTED,Script/config-defined experiment; no metric in provided docs.,UNKNOWN / not completed in provided snippets,KEEP as planned/unreported,scripts_planned
exp363_echodiff_lr5e4_bs48,PLANNED / NOT REPORTED,EchoDiffusion,binaural spec + raw waveform,ERP depth,config=echodiffusion; model.name=UNKNOWN,BerHu + SILog depth; Wav2Vec/CIDE conditioning,script=scripts/n2_revisit.sh; lr=0.0005; bs_or_arg4=48; extra=,UNKNOWN,NOT REPORTED,Script/config-defined experiment; no metric in provided docs.,UNKNOWN / not completed in provided snippets,KEEP as planned/unreported,scripts_planned
exp364_echodiff_lr1e5_bs48,PLANNED / NOT REPORTED,EchoDiffusion,binaural spec + raw waveform,ERP depth,config=echodiffusion; model.name=UNKNOWN,BerHu + SILog depth; Wav2Vec/CIDE conditioning,script=scripts/n2_revisit.sh; lr=0.00001; bs_or_arg4=48; extra=,UNKNOWN,NOT REPORTED,Script/config-defined experiment; no metric in provided docs.,UNKNOWN / not completed in provided snippets,KEEP as planned/unreported,scripts_planned
exp366_resnet_lr5e5_bs160,PLANNED / NOT REPORTED,Pretrained ResNet,binaural spec adapted to pseudo-RGB,ERP depth,config=pretrain_resnet; model.name=UNKNOWN,BerHu + SILog depth unless noted,script=scripts/n2_revisit.sh; lr=0.00005; bs_or_arg4=160; extra=,UNKNOWN,NOT REPORTED,Script/config-defined experiment; no metric in provided docs.,UNKNOWN / not completed in provided snippets,KEEP as planned/unreported,scripts_planned
exp367_resnet_lr5e4_bs160,PLANNED / NOT REPORTED,Pretrained ResNet,binaural spec adapted to pseudo-RGB,ERP depth,config=pretrain_resnet; model.name=UNKNOWN,BerHu + SILog depth unless noted,script=scripts/n2_revisit.sh; lr=0.0005; bs_or_arg4=160; extra=,UNKNOWN,NOT REPORTED,Script/config-defined experiment; no metric in provided docs.,UNKNOWN / not completed in provided snippets,KEEP as planned/unreported,scripts_planned
exp368_resnet_lr1e4_bs96,PLANNED / NOT REPORTED,Pretrained ResNet,binaural spec adapted to pseudo-RGB,ERP depth,config=pretrain_resnet; model.name=UNKNOWN,BerHu + SILog depth unless noted,script=scripts/n2_revisit.sh; lr=0.0001; bs_or_arg4=96; extra=,UNKNOWN,NOT REPORTED,Script/config-defined experiment; no metric in provided docs.,UNKNOWN / not completed in provided snippets,KEEP as planned/unreported,scripts_planned
exp369_resnet_lr3e4_bs160,PLANNED / NOT REPORTED,Pretrained ResNet,binaural spec adapted to pseudo-RGB,ERP depth,config=pretrain_resnet; model.name=UNKNOWN,BerHu + SILog depth unless noted,script=scripts/n2_revisit.sh; lr=0.0003; bs_or_arg4=160; extra=,UNKNOWN,NOT REPORTED,Script/config-defined experiment; no metric in provided docs.,UNKNOWN / not completed in provided snippets,KEEP as planned/unreported,scripts_planned
exp370_previt_lr1e4_bs48,PLANNED / NOT REPORTED,Pretrained ViT,binaural spec,ERP depth,config=pretrain_vit; model.name=UNKNOWN,BerHu + SILog depth unless noted,script=scripts/n2_revisit.sh; lr=0.0001; bs_or_arg4=48; extra=,UNKNOWN,NOT REPORTED,Script/config-defined experiment; no metric in provided docs.,UNKNOWN / not completed in provided snippets,KEEP as planned/unreported,scripts_planned
exp371_previt_lr5e5_bs48,PLANNED / NOT REPORTED,Pretrained ViT,binaural spec,ERP depth,config=pretrain_vit; model.name=UNKNOWN,BerHu + SILog depth unless noted,script=scripts/n2_revisit.sh; lr=0.00005; bs_or_arg4=48; extra=,UNKNOWN,NOT REPORTED,Script/config-defined experiment; no metric in provided docs.,UNKNOWN / not completed in provided snippets,KEEP as planned/unreported,scripts_planned
exp372_previt_lr5e4_bs48,PLANNED / NOT REPORTED,Pretrained ViT,binaural spec,ERP depth,config=pretrain_vit; model.name=UNKNOWN,BerHu + SILog depth unless noted,script=scripts/n2_revisit.sh; lr=0.0005; bs_or_arg4=48; extra=,UNKNOWN,NOT REPORTED,Script/config-defined experiment; no metric in provided docs.,UNKNOWN / not completed in provided snippets,KEEP as planned/unreported,scripts_planned
exp373_previt_lr1e4_bs24,PLANNED / NOT REPORTED,Pretrained ViT,binaural spec,ERP depth,config=pretrain_vit; model.name=UNKNOWN,BerHu + SILog depth unless noted,script=scripts/n2_revisit.sh; lr=0.0001; bs_or_arg4=24; extra=,UNKNOWN,NOT REPORTED,Script/config-defined experiment; no metric in provided docs.,UNKNOWN / not completed in provided snippets,KEEP as planned/unreported,scripts_planned
exp374_previt_lr3e5_bs48,PLANNED / NOT REPORTED,Pretrained ViT,binaural spec,ERP depth,config=pretrain_vit; model.name=UNKNOWN,BerHu + SILog depth unless noted,script=scripts/n2_revisit.sh; lr=0.00003; bs_or_arg4=48; extra=,UNKNOWN,NOT REPORTED,Script/config-defined experiment; no metric in provided docs.,UNKNOWN / not completed in provided snippets,KEEP as planned/unreported,scripts_planned
exp375_echonet_lr1e3_bs24,PLANNED / NOT REPORTED,Echo-Net,binaural spec; image/material branches fed zeros,ERP depth,config=echonet; model.name=UNKNOWN,BerHu + SILog depth unless noted,script=scripts/n2_revisit.sh; lr=0.001; bs_or_arg4=24; extra=,UNKNOWN,NOT REPORTED,Script/config-defined experiment; no metric in provided docs.,UNKNOWN / not completed in provided snippets,KEEP as planned/unreported,scripts_planned
exp376_echonet_lr5e4_bs48,PLANNED / NOT REPORTED,Echo-Net,binaural spec; image/material branches fed zeros,ERP depth,config=echonet; model.name=UNKNOWN,BerHu + SILog depth unless noted,script=scripts/n2_revisit.sh; lr=0.0005; bs_or_arg4=48; extra=,UNKNOWN,NOT REPORTED,Script/config-defined experiment; no metric in provided docs.,UNKNOWN / not completed in provided snippets,KEEP as planned/unreported,scripts_planned
exp377_echonet_lr1e4_bs48,PLANNED / NOT REPORTED,Echo-Net,binaural spec; image/material branches fed zeros,ERP depth,config=echonet; model.name=UNKNOWN,BerHu + SILog depth unless noted,script=scripts/n2_revisit.sh; lr=0.0001; bs_or_arg4=48; extra=,UNKNOWN,NOT REPORTED,Script/config-defined experiment; no metric in provided docs.,UNKNOWN / not completed in provided snippets,KEEP as planned/unreported,scripts_planned
exp378_echonet_lr1e3_bs48,PLANNED / NOT REPORTED,Echo-Net,binaural spec; image/material branches fed zeros,ERP depth,config=echonet; model.name=UNKNOWN,BerHu + SILog depth unless noted,script=scripts/n2_revisit.sh; lr=0.001; bs_or_arg4=48; extra=,UNKNOWN,NOT REPORTED,Script/config-defined experiment; no metric in provided docs.,UNKNOWN / not completed in provided snippets,KEEP as planned/unreported,scripts_planned
exp379_echonet_lr2e3_bs48,PLANNED / NOT REPORTED,Echo-Net,binaural spec; image/material branches fed zeros,ERP depth,config=echonet; model.name=UNKNOWN,BerHu + SILog depth unless noted,script=scripts/n2_revisit.sh; lr=0.002; bs_or_arg4=48; extra=,UNKNOWN,NOT REPORTED,Script/config-defined experiment; no metric in provided docs.,UNKNOWN / not completed in provided snippets,KEEP as planned/unreported,scripts_planned
exp380_batvision_lr1e3_bs96,PLANNED / NOT REPORTED,BatVision UNet,binaural spec,ERP depth,config=batvision; model.name=UNKNOWN,BerHu + SILog depth unless noted,script=scripts/n2_revisit.sh; lr=0.001; bs_or_arg4=96; extra=,UNKNOWN,NOT REPORTED,Script/config-defined experiment; no metric in provided docs.,UNKNOWN / not completed in provided snippets,KEEP as planned/unreported,scripts_planned
exp381_batvision_lr5e4_bs96,PLANNED / NOT REPORTED,BatVision UNet,binaural spec,ERP depth,config=batvision; model.name=UNKNOWN,BerHu + SILog depth unless noted,script=scripts/n2_revisit.sh; lr=0.0005; bs_or_arg4=96; extra=,UNKNOWN,NOT REPORTED,Script/config-defined experiment; no metric in provided docs.,UNKNOWN / not completed in provided snippets,KEEP as planned/unreported,scripts_planned
exp382_batvision_lr1e4_bs96,PLANNED / NOT REPORTED,BatVision UNet,binaural spec,ERP depth,config=batvision; model.name=UNKNOWN,BerHu + SILog depth unless noted,script=scripts/n2_revisit.sh; lr=0.0001; bs_or_arg4=96; extra=,UNKNOWN,NOT REPORTED,Script/config-defined experiment; no metric in provided docs.,UNKNOWN / not completed in provided snippets,KEEP as planned/unreported,scripts_planned
exp383_batvision_lr1e3_bs48,PLANNED / NOT REPORTED,BatVision UNet,binaural spec,ERP depth,config=batvision; model.name=UNKNOWN,BerHu + SILog depth unless noted,script=scripts/n2_revisit.sh; lr=0.001; bs_or_arg4=48; extra=,UNKNOWN,NOT REPORTED,Script/config-defined experiment; no metric in provided docs.,UNKNOWN / not completed in provided snippets,KEEP as planned/unreported,scripts_planned
exp384_batvision_lr2e3_bs96,PLANNED / NOT REPORTED,BatVision UNet,binaural spec,ERP depth,config=batvision; model.name=UNKNOWN,BerHu + SILog depth unless noted,script=scripts/n2_revisit.sh; lr=0.002; bs_or_arg4=96; extra=,UNKNOWN,NOT REPORTED,Script/config-defined experiment; no metric in provided docs.,UNKNOWN / not completed in provided snippets,KEEP as planned/unreported,scripts_planned
exp385_echodiff_wav2vec_lr1e4_bs32,PLANNED / NOT REPORTED,EchoDiffusion,binaural spec + raw waveform,ERP depth,config=echodiffusion; model.name=UNKNOWN,BerHu + SILog depth; Wav2Vec/CIDE conditioning,script=scripts/n2_revisit.sh; lr=0.0001; bs_or_arg4=32; extra=,UNKNOWN,NOT REPORTED,Script/config-defined experiment; no metric in provided docs.,UNKNOWN / not completed in provided snippets,KEEP as planned/unreported,scripts_planned
exp386_echodiff_wav2vec_lr5e4_bs32,PLANNED / NOT REPORTED,EchoDiffusion,binaural spec + raw waveform,ERP depth,config=echodiffusion; model.name=UNKNOWN,BerHu + SILog depth; Wav2Vec/CIDE conditioning,script=scripts/n2_revisit.sh; lr=0.0005; bs_or_arg4=32; extra=,UNKNOWN,NOT REPORTED,Script/config-defined experiment; no metric in provided docs.,UNKNOWN / not completed in provided snippets,KEEP as planned/unreported,scripts_planned
exp387_echodiff_wav2vec_lr1e4_bs48,PLANNED / NOT REPORTED,EchoDiffusion,binaural spec + raw waveform,ERP depth,config=echodiffusion; model.name=UNKNOWN,BerHu + SILog depth; Wav2Vec/CIDE conditioning,script=scripts/n2_revisit.sh; lr=0.0001; bs_or_arg4=48; extra=,UNKNOWN,NOT REPORTED,Script/config-defined experiment; no metric in provided docs.,UNKNOWN / not completed in provided snippets,KEEP as planned/unreported,scripts_planned
exp388_echodiff_wav2vec_lr5e5_bs16,PLANNED / NOT REPORTED,EchoDiffusion,binaural spec + raw waveform,ERP depth,config=echodiffusion; model.name=UNKNOWN,BerHu + SILog depth; Wav2Vec/CIDE conditioning,script=scripts/n2_revisit.sh; lr=0.00005; bs_or_arg4=16; extra=,UNKNOWN,NOT REPORTED,Script/config-defined experiment; no metric in provided docs.,UNKNOWN / not completed in provided snippets,KEEP as planned/unreported,scripts_planned
exp389_echodiff_wav2vec_lr1e4_bs4,PLANNED / NOT REPORTED,EchoDiffusion,binaural spec + raw waveform,ERP depth,config=echodiffusion; model.name=UNKNOWN,BerHu + SILog depth; Wav2Vec/CIDE conditioning,script=scripts/n2_revisit.sh; lr=0.0001; bs_or_arg4=4; extra=,UNKNOWN,NOT REPORTED,Script/config-defined experiment; no metric in provided docs.,UNKNOWN / not completed in provided snippets,KEEP as planned/unreported,scripts_planned
exp247_emap_unet_repeat_lr1e3,PLANNED / NOT REPORTED,n3_emap_unet_repeat,UNKNOWN,ERP depth,config=n3_emap_unet_repeat; model.name=UNKNOWN,BerHu + SILog depth unless noted,script=scripts/n3_bulk.sh; lr=0.001; bs_or_arg4=0.1; extra=,UNKNOWN,NOT REPORTED,Script/config-defined experiment; no metric in provided docs.,UNKNOWN / not completed in provided snippets,KEEP as planned/unreported,scripts_planned
exp248_emap_unet_conv_lr1e3,PLANNED / NOT REPORTED,n3_emap_unet_conv,UNKNOWN,ERP depth,config=n3_emap_unet_conv; model.name=UNKNOWN,BerHu + SILog depth unless noted,script=scripts/n3_bulk.sh; lr=0.001; bs_or_arg4=0.1; extra=,UNKNOWN,NOT REPORTED,Script/config-defined experiment; no metric in provided docs.,UNKNOWN / not completed in provided snippets,KEEP as planned/unreported,scripts_planned
exp249_emap_unet_edge_lr1e3,PLANNED / NOT REPORTED,n3_emap_unet_edge,UNKNOWN,ERP depth,config=n3_emap_unet_edge; model.name=UNKNOWN,BerHu + SILog depth unless noted,script=scripts/n3_bulk.sh; lr=0.001; bs_or_arg4=0.1; extra=,UNKNOWN,NOT REPORTED,Script/config-defined experiment; no metric in provided docs.,UNKNOWN / not completed in provided snippets,KEEP as planned/unreported,scripts_planned
exp250_emap_vit_repeat_lr1e4,PLANNED / NOT REPORTED,ViT from scratch,binaural spec,ERP depth,config=n3_emap_vit_repeat; model.name=UNKNOWN,BerHu + SILog depth unless noted,script=scripts/n3_bulk.sh; lr=0.0001; bs_or_arg4=0.1; extra=,UNKNOWN,NOT REPORTED,Script/config-defined experiment; no metric in provided docs.,UNKNOWN / not completed in provided snippets,KEEP as planned/unreported,scripts_planned
exp251_emap_vit_conv_lr1e4,PLANNED / NOT REPORTED,ViT from scratch,binaural spec,ERP depth,config=n3_emap_vit_conv; model.name=UNKNOWN,BerHu + SILog depth unless noted,script=scripts/n3_bulk.sh; lr=0.0001; bs_or_arg4=0.1; extra=,UNKNOWN,NOT REPORTED,Script/config-defined experiment; no metric in provided docs.,UNKNOWN / not completed in provided snippets,KEEP as planned/unreported,scripts_planned
exp252_emap_vit_edge_lr1e4,PLANNED / NOT REPORTED,ViT from scratch,binaural spec,ERP depth,config=n3_emap_vit_edge; model.name=UNKNOWN,BerHu + SILog depth unless noted,script=scripts/n3_bulk.sh; lr=0.0001; bs_or_arg4=0.1; extra=,UNKNOWN,NOT REPORTED,Script/config-defined experiment; no metric in provided docs.,UNKNOWN / not completed in provided snippets,KEEP as planned/unreported,scripts_planned
exp253_emap_unet_temporal_lr1e3,PLANNED / NOT REPORTED,n3_emap_unet_temporal,UNKNOWN,ERP depth,config=n3_emap_unet_temporal; model.name=UNKNOWN,BerHu + SILog depth unless noted,script=scripts/n3_bulk.sh; lr=0.001; bs_or_arg4=0.1; extra=,UNKNOWN,NOT REPORTED,Script/config-defined experiment; no metric in provided docs.,UNKNOWN / not completed in provided snippets,KEEP as planned/unreported,scripts_planned
exp254_emap_vit_temporal_lr1e4,PLANNED / NOT REPORTED,ViT from scratch,binaural spec,ERP depth,config=n3_emap_vit_temporal; model.name=UNKNOWN,BerHu + SILog depth unless noted,script=scripts/n3_bulk.sh; lr=0.0001; bs_or_arg4=0.1; extra=,UNKNOWN,NOT REPORTED,Script/config-defined experiment; no metric in provided docs.,UNKNOWN / not completed in provided snippets,KEEP as planned/unreported,scripts_planned
exp255_emap_unet_tov_lr1e3,PLANNED / NOT REPORTED,n3_emap_unet_temporal_ov,UNKNOWN,ERP depth,config=n3_emap_unet_temporal_ov; model.name=UNKNOWN,BerHu + SILog depth unless noted,script=scripts/n3_bulk.sh; lr=0.001; bs_or_arg4=0.1; extra=,UNKNOWN,NOT REPORTED,Script/config-defined experiment; no metric in provided docs.,UNKNOWN / not completed in provided snippets,KEEP as planned/unreported,scripts_planned
exp256_emap_vit_tov_lr1e4,PLANNED / NOT REPORTED,ViT from scratch,binaural spec,ERP depth,config=n3_emap_vit_temporal_ov; model.name=UNKNOWN,BerHu + SILog depth unless noted,script=scripts/n3_bulk.sh; lr=0.0001; bs_or_arg4=0.1; extra=,UNKNOWN,NOT REPORTED,Script/config-defined experiment; no metric in provided docs.,UNKNOWN / not completed in provided snippets,KEEP as planned/unreported,scripts_planned
exp500_n3_rms1_lr1e4_bs512,PLANNED / NOT REPORTED,n3_0425,UNKNOWN,ERP depth,config=n3_0425; model.name=UNKNOWN,BerHu + SILog depth unless noted,script=scripts/n3_bulk_0425.sh; lr=0.0001; bs_or_arg4=512; extra=--rep-kind rms --rep-K 1,UNKNOWN,NOT REPORTED,Script/config-defined experiment; no metric in provided docs.,UNKNOWN / not completed in provided snippets,KEEP as planned/unreported,scripts_planned
exp501_n3_rms8_lr1e4_bs512,PLANNED / NOT REPORTED,n3_0425,UNKNOWN,ERP depth,config=n3_0425; model.name=UNKNOWN,BerHu + SILog depth unless noted,script=scripts/n3_bulk_0425.sh; lr=0.0001; bs_or_arg4=512; extra=--rep-kind rms --rep-K 8,UNKNOWN,NOT REPORTED,Script/config-defined experiment; no metric in provided docs.,UNKNOWN / not completed in provided snippets,KEEP as planned/unreported,scripts_planned
exp502_n3_eigen1_lr1e4_bs512,PLANNED / NOT REPORTED,n3_0425,UNKNOWN,ERP depth,config=n3_0425; model.name=UNKNOWN,BerHu + SILog depth unless noted,script=scripts/n3_bulk_0425.sh; lr=0.0001; bs_or_arg4=512; extra=--rep-kind eigen --rep-K 1 --lambda-dir 0.1,UNKNOWN,NOT REPORTED,Script/config-defined experiment; no metric in provided docs.,UNKNOWN / not completed in provided snippets,KEEP as planned/unreported,scripts_planned
exp503_n3_eigen8_lr1e4_bs512,PLANNED / NOT REPORTED,n3_0425,UNKNOWN,ERP depth,config=n3_0425; model.name=UNKNOWN,BerHu + SILog depth unless noted,script=scripts/n3_bulk_0425.sh; lr=0.0001; bs_or_arg4=512; extra=--rep-kind eigen --rep-K 8 --lambda-dir 0.1,UNKNOWN,NOT REPORTED,Script/config-defined experiment; no metric in provided docs.,UNKNOWN / not completed in provided snippets,KEEP as planned/unreported,scripts_planned
exp504_n3_eigen8_ldir0_lr1e4_bs512,PLANNED / NOT REPORTED,n3_0425,UNKNOWN,ERP depth,config=n3_0425; model.name=UNKNOWN,BerHu + SILog depth unless noted,script=scripts/n3_bulk_0425.sh; lr=0.0001; bs_or_arg4=512; extra=--rep-kind eigen --rep-K 8 --lambda-dir 0.0,UNKNOWN,NOT REPORTED,Script/config-defined experiment; no metric in provided docs.,UNKNOWN / not completed in provided snippets,KEEP as planned/unreported,scripts_planned
exp505_n3_eigen8_lr5e4_bs512,PLANNED / NOT REPORTED,n3_0425,UNKNOWN,ERP depth,config=n3_0425; model.name=UNKNOWN,BerHu + SILog depth unless noted,script=scripts/n3_bulk_0425.sh; lr=0.0005; bs_or_arg4=512; extra=--rep-kind eigen --rep-K 8 --lambda-dir 0.1,UNKNOWN,NOT REPORTED,Script/config-defined experiment; no metric in provided docs.,UNKNOWN / not completed in provided snippets,KEEP as planned/unreported,scripts_planned
exp400_n4_lam0.0_lr1e4_bs64,PLANNED / NOT REPORTED,n4_0425,UNKNOWN,ERP depth,config=n4_0425; model.name=UNKNOWN,BerHu + SILog depth unless noted,script=scripts/n4_bulk.sh; lr=0.0001; bs_or_arg4=64; extra=--lambda-sparsity 0.0,UNKNOWN,NOT REPORTED,Script/config-defined experiment; no metric in provided docs.,UNKNOWN / not completed in provided snippets,KEEP as planned/unreported,scripts_planned
exp403_n4_lam0.1_lr1e4_bs64,PLANNED / NOT REPORTED,n4_0425,UNKNOWN,ERP depth,config=n4_0425; model.name=UNKNOWN,BerHu + SILog depth unless noted,script=scripts/n4_bulk.sh; lr=0.0001; bs_or_arg4=64; extra=--lambda-sparsity 0.1,UNKNOWN,NOT REPORTED,Script/config-defined experiment; no metric in provided docs.,UNKNOWN / not completed in provided snippets,KEEP as planned/unreported,scripts_planned
exp407_n4_lam0.05_lr1e3_bs64,PLANNED / NOT REPORTED,n4_0425,UNKNOWN,ERP depth,config=n4_0425; model.name=UNKNOWN,BerHu + SILog depth unless noted,script=scripts/n4_bulk.sh; lr=0.001; bs_or_arg4=64; extra=--lambda-sparsity 0.05,UNKNOWN,NOT REPORTED,Script/config-defined experiment; no metric in provided docs.,UNKNOWN / not completed in provided snippets,KEEP as planned/unreported,scripts_planned
exp410_n4_drop0_lr1e4_bs64,PLANNED / NOT REPORTED,n4_0425,UNKNOWN,ERP depth,config=n4_0425; model.name=UNKNOWN,BerHu + SILog depth unless noted,"script=scripts/n4_bulk.sh; lr=0.0001; bs_or_arg4=64; extra=--gate-mask 0,1,1,1,1,1,1,1 --lambda-sparsity 0",UNKNOWN,NOT REPORTED,Script/config-defined experiment; no metric in provided docs.,UNKNOWN / not completed in provided snippets,KEEP as planned/unreported,scripts_planned
exp418_n4_binaural_lr1e4_bs64,PLANNED / NOT REPORTED,n4_0425,UNKNOWN,ERP depth,config=n4_0425; model.name=UNKNOWN,BerHu + SILog depth unless noted,"script=scripts/n4_bulk.sh; lr=0.0001; bs_or_arg4=64; extra=--gate-mask 0,0,0,0,0,0,0,0 --lambda-sparsity 0",UNKNOWN,NOT REPORTED,Script/config-defined experiment; no metric in provided docs.,UNKNOWN / not completed in provided snippets,KEEP as planned/unreported,scripts_planned
exp401_n4_lam0.01_lr1e4_bs64,PLANNED / NOT REPORTED,n4_0425,UNKNOWN,ERP depth,config=n4_0425; model.name=UNKNOWN,BerHu + SILog depth unless noted,script=scripts/n4_bulk.sh; lr=0.0001; bs_or_arg4=64; extra=--lambda-sparsity 0.01,UNKNOWN,NOT REPORTED,Script/config-defined experiment; no metric in provided docs.,UNKNOWN / not completed in provided snippets,KEEP as planned/unreported,scripts_planned
exp402_n4_lam0.05_lr1e4_bs64,PLANNED / NOT REPORTED,n4_0425,UNKNOWN,ERP depth,config=n4_0425; model.name=UNKNOWN,BerHu + SILog depth unless noted,script=scripts/n4_bulk.sh; lr=0.0001; bs_or_arg4=64; extra=--lambda-sparsity 0.05,UNKNOWN,NOT REPORTED,Script/config-defined experiment; no metric in provided docs.,UNKNOWN / not completed in provided snippets,KEEP as planned/unreported,scripts_planned
exp404_n4_lam0.5_lr1e4_bs64,PLANNED / NOT REPORTED,n4_0425,UNKNOWN,ERP depth,config=n4_0425; model.name=UNKNOWN,BerHu + SILog depth unless noted,script=scripts/n4_bulk.sh; lr=0.0001; bs_or_arg4=64; extra=--lambda-sparsity 0.5,UNKNOWN,NOT REPORTED,Script/config-defined experiment; no metric in provided docs.,UNKNOWN / not completed in provided snippets,KEEP as planned/unreported,scripts_planned
exp405_n4_lam0.05_lr5e4_bs64,PLANNED / NOT REPORTED,n4_0425,UNKNOWN,ERP depth,config=n4_0425; model.name=UNKNOWN,BerHu + SILog depth unless noted,script=scripts/n4_bulk.sh; lr=0.0005; bs_or_arg4=64; extra=--lambda-sparsity 0.05,UNKNOWN,NOT REPORTED,Script/config-defined experiment; no metric in provided docs.,UNKNOWN / not completed in provided snippets,KEEP as planned/unreported,scripts_planned
exp406_n4_lam0.05_lr3e4_bs64,PLANNED / NOT REPORTED,n4_0425,UNKNOWN,ERP depth,config=n4_0425; model.name=UNKNOWN,BerHu + SILog depth unless noted,script=scripts/n4_bulk.sh; lr=0.0003; bs_or_arg4=64; extra=--lambda-sparsity 0.05,UNKNOWN,NOT REPORTED,Script/config-defined experiment; no metric in provided docs.,UNKNOWN / not completed in provided snippets,KEEP as planned/unreported,scripts_planned
exp408_n4_lam0.05_lr5e5_bs64,PLANNED / NOT REPORTED,n4_0425,UNKNOWN,ERP depth,config=n4_0425; model.name=UNKNOWN,BerHu + SILog depth unless noted,script=scripts/n4_bulk.sh; lr=0.00005; bs_or_arg4=64; extra=--lambda-sparsity 0.05,UNKNOWN,NOT REPORTED,Script/config-defined experiment; no metric in provided docs.,UNKNOWN / not completed in provided snippets,KEEP as planned/unreported,scripts_planned
exp409_n4_lam0.05_lr1e5_bs64,PLANNED / NOT REPORTED,n4_0425,UNKNOWN,ERP depth,config=n4_0425; model.name=UNKNOWN,BerHu + SILog depth unless noted,script=scripts/n4_bulk.sh; lr=0.00001; bs_or_arg4=64; extra=--lambda-sparsity 0.05,UNKNOWN,NOT REPORTED,Script/config-defined experiment; no metric in provided docs.,UNKNOWN / not completed in provided snippets,KEEP as planned/unreported,scripts_planned
exp411_n4_drop1_lr1e4_bs64,PLANNED / NOT REPORTED,n4_0425,UNKNOWN,ERP depth,config=n4_0425; model.name=UNKNOWN,BerHu + SILog depth unless noted,"script=scripts/n4_bulk.sh; lr=0.0001; bs_or_arg4=64; extra=--gate-mask 1,0,1,1,1,1,1,1 --lambda-sparsity 0",UNKNOWN,NOT REPORTED,Script/config-defined experiment; no metric in provided docs.,UNKNOWN / not completed in provided snippets,KEEP as planned/unreported,scripts_planned
exp412_n4_drop2_lr1e4_bs64,PLANNED / NOT REPORTED,n4_0425,UNKNOWN,ERP depth,config=n4_0425; model.name=UNKNOWN,BerHu + SILog depth unless noted,"script=scripts/n4_bulk.sh; lr=0.0001; bs_or_arg4=64; extra=--gate-mask 1,1,0,1,1,1,1,1 --lambda-sparsity 0",UNKNOWN,NOT REPORTED,Script/config-defined experiment; no metric in provided docs.,UNKNOWN / not completed in provided snippets,KEEP as planned/unreported,scripts_planned
exp413_n4_drop3_lr1e4_bs64,PLANNED / NOT REPORTED,n4_0425,UNKNOWN,ERP depth,config=n4_0425; model.name=UNKNOWN,BerHu + SILog depth unless noted,"script=scripts/n4_bulk.sh; lr=0.0001; bs_or_arg4=64; extra=--gate-mask 1,1,1,0,1,1,1,1 --lambda-sparsity 0",UNKNOWN,NOT REPORTED,Script/config-defined experiment; no metric in provided docs.,UNKNOWN / not completed in provided snippets,KEEP as planned/unreported,scripts_planned
exp414_n4_drop4_lr1e4_bs64,PLANNED / NOT REPORTED,n4_0425,UNKNOWN,ERP depth,config=n4_0425; model.name=UNKNOWN,BerHu + SILog depth unless noted,"script=scripts/n4_bulk.sh; lr=0.0001; bs_or_arg4=64; extra=--gate-mask 1,1,1,1,0,1,1,1 --lambda-sparsity 0",UNKNOWN,NOT REPORTED,Script/config-defined experiment; no metric in provided docs.,UNKNOWN / not completed in provided snippets,KEEP as planned/unreported,scripts_planned
exp415_n4_drop5_lr1e4_bs64,PLANNED / NOT REPORTED,n4_0425,UNKNOWN,ERP depth,config=n4_0425; model.name=UNKNOWN,BerHu + SILog depth unless noted,"script=scripts/n4_bulk.sh; lr=0.0001; bs_or_arg4=64; extra=--gate-mask 1,1,1,1,1,0,1,1 --lambda-sparsity 0",UNKNOWN,NOT REPORTED,Script/config-defined experiment; no metric in provided docs.,UNKNOWN / not completed in provided snippets,KEEP as planned/unreported,scripts_planned
exp416_n4_drop6_lr1e4_bs64,PLANNED / NOT REPORTED,n4_0425,UNKNOWN,ERP depth,config=n4_0425; model.name=UNKNOWN,BerHu + SILog depth unless noted,"script=scripts/n4_bulk.sh; lr=0.0001; bs_or_arg4=64; extra=--gate-mask 1,1,1,1,1,1,0,1 --lambda-sparsity 0",UNKNOWN,NOT REPORTED,Script/config-defined experiment; no metric in provided docs.,UNKNOWN / not completed in provided snippets,KEEP as planned/unreported,scripts_planned
exp417_n4_drop7_lr1e4_bs64,PLANNED / NOT REPORTED,n4_0425,UNKNOWN,ERP depth,config=n4_0425; model.name=UNKNOWN,BerHu + SILog depth unless noted,"script=scripts/n4_bulk.sh; lr=0.0001; bs_or_arg4=64; extra=--gate-mask 1,1,1,1,1,1,1,0 --lambda-sparsity 0",UNKNOWN,NOT REPORTED,Script/config-defined experiment; no metric in provided docs.,UNKNOWN / not completed in provided snippets,KEEP as planned/unreported,scripts_planned
exp419_n4_alt_K4_lr1e4_bs64,PLANNED / NOT REPORTED,n4_0425,UNKNOWN,ERP depth,config=n4_0425; model.name=UNKNOWN,BerHu + SILog depth unless noted,"script=scripts/n4_bulk.sh; lr=0.0001; bs_or_arg4=64; extra=--gate-mask 1,0,1,0,1,0,1,0 --lambda-sparsity 0",UNKNOWN,NOT REPORTED,Script/config-defined experiment; no metric in provided docs.,UNKNOWN / not completed in provided snippets,KEEP as planned/unreported,scripts_planned
exp700_eda_input_lr5e4_bs128,PLANNED / NOT REPORTED,echodiffusion_ambi,UNKNOWN,ERP depth,config=echodiffusion_ambi; model.name=UNKNOWN,BerHu + SILog depth unless noted,script=scripts/n4_echodiffambi.sh; lr=0.0005; bs_or_arg4=128; extra=--foa-mode input --rep-K 8 --lambda-sparsity 0.05 --lambda-sh 0.0,UNKNOWN,NOT REPORTED,Script/config-defined experiment; no metric in provided docs.,UNKNOWN / not completed in provided snippets,KEEP as planned/unreported,scripts_planned
exp701_eda_input_lr1e4_bs128,PLANNED / NOT REPORTED,echodiffusion_ambi,UNKNOWN,ERP depth,config=echodiffusion_ambi; model.name=UNKNOWN,BerHu + SILog depth unless noted,script=scripts/n4_echodiffambi.sh; lr=0.0001; bs_or_arg4=128; extra=--foa-mode input --rep-K 8 --lambda-sparsity 0.05 --lambda-sh 0.0,UNKNOWN,NOT REPORTED,Script/config-defined experiment; no metric in provided docs.,UNKNOWN / not completed in provided snippets,KEEP as planned/unreported,scripts_planned
exp702_eda_input_lr5e5_bs128,PLANNED / NOT REPORTED,echodiffusion_ambi,UNKNOWN,ERP depth,config=echodiffusion_ambi; model.name=UNKNOWN,BerHu + SILog depth unless noted,script=scripts/n4_echodiffambi.sh; lr=0.00005; bs_or_arg4=128; extra=--foa-mode input --rep-K 8 --lambda-sparsity 0.05 --lambda-sh 0.0,UNKNOWN,NOT REPORTED,Script/config-defined experiment; no metric in provided docs.,UNKNOWN / not completed in provided snippets,KEEP as planned/unreported,scripts_planned
exp703_eda_input_lr1e3_bs128,PLANNED / NOT REPORTED,echodiffusion_ambi,UNKNOWN,ERP depth,config=echodiffusion_ambi; model.name=UNKNOWN,BerHu + SILog depth unless noted,script=scripts/n4_echodiffambi.sh; lr=0.001; bs_or_arg4=128; extra=--foa-mode input --rep-K 8 --lambda-sparsity 0.05 --lambda-sh 0.0,UNKNOWN,NOT REPORTED,Script/config-defined experiment; no metric in provided docs.,UNKNOWN / not completed in provided snippets,KEEP as planned/unreported,scripts_planned
exp704_eda_cond_lr5e4_bs128,PLANNED / NOT REPORTED,echodiffusion_ambi,UNKNOWN,ERP depth,config=echodiffusion_ambi; model.name=UNKNOWN,BerHu + SILog depth unless noted,script=scripts/n4_echodiffambi.sh; lr=0.0005; bs_or_arg4=128; extra=--foa-mode condition --rep-K 8 --lambda-sparsity 0.05 --lambda-sh 0.0,UNKNOWN,NOT REPORTED,Script/config-defined experiment; no metric in provided docs.,UNKNOWN / not completed in provided snippets,KEEP as planned/unreported,scripts_planned
exp705_eda_cond_lr1e4_bs128,PLANNED / NOT REPORTED,echodiffusion_ambi,UNKNOWN,ERP depth,config=echodiffusion_ambi; model.name=UNKNOWN,BerHu + SILog depth unless noted,script=scripts/n4_echodiffambi.sh; lr=0.0001; bs_or_arg4=128; extra=--foa-mode condition --rep-K 8 --lambda-sparsity 0.05 --lambda-sh 0.0,UNKNOWN,NOT REPORTED,Script/config-defined experiment; no metric in provided docs.,UNKNOWN / not completed in provided snippets,KEEP as planned/unreported,scripts_planned
exp706_eda_cond_lr5e5_bs128,PLANNED / NOT REPORTED,echodiffusion_ambi,UNKNOWN,ERP depth,config=echodiffusion_ambi; model.name=UNKNOWN,BerHu + SILog depth unless noted,script=scripts/n4_echodiffambi.sh; lr=0.00005; bs_or_arg4=128; extra=--foa-mode condition --rep-K 8 --lambda-sparsity 0.05 --lambda-sh 0.0,UNKNOWN,NOT REPORTED,Script/config-defined experiment; no metric in provided docs.,UNKNOWN / not completed in provided snippets,KEEP as planned/unreported,scripts_planned
exp707_eda_cond_lr1e3_bs128,PLANNED / NOT REPORTED,echodiffusion_ambi,UNKNOWN,ERP depth,config=echodiffusion_ambi; model.name=UNKNOWN,BerHu + SILog depth unless noted,script=scripts/n4_echodiffambi.sh; lr=0.001; bs_or_arg4=128; extra=--foa-mode condition --rep-K 8 --lambda-sparsity 0.05 --lambda-sh 0.0,UNKNOWN,NOT REPORTED,Script/config-defined experiment; no metric in provided docs.,UNKNOWN / not completed in provided snippets,KEEP as planned/unreported,scripts_planned
exp601_n9_K8_finetune_lr1e4_bs256,PLANNED / NOT REPORTED,n9_0425,UNKNOWN,ERP depth,config=n9_0425; model.name=UNKNOWN,BerHu + SILog depth unless noted,script=scripts/n9_bulk.sh; lr=0.0001; bs_or_arg4=256; extra=--rep-K 8 --n3-checkpoint $N3_CKPT_503 --no-freeze-n3 --lambda-sparsity 0.1 --lambda-sh 0.05,UNKNOWN,NOT REPORTED,Script/config-defined experiment; no metric in provided docs.,UNKNOWN / not completed in provided snippets,KEEP as planned/unreported,scripts_planned
exp602_n9_K1_freeze_lr1e4_bs256,PLANNED / NOT REPORTED,n9_0425,UNKNOWN,ERP depth,config=n9_0425; model.name=UNKNOWN,BerHu + SILog depth unless noted,script=scripts/n9_bulk.sh; lr=0.0001; bs_or_arg4=256; extra=--rep-K 1 --n3-checkpoint $N3_CKPT_502 --freeze-n3 --lambda-sparsity 0.1 --lambda-sh 0.0,UNKNOWN,NOT REPORTED,Script/config-defined experiment; no metric in provided docs.,UNKNOWN / not completed in provided snippets,KEEP as planned/unreported,scripts_planned
exp603_n9_K1_finetune_lr1e4_bs256,PLANNED / NOT REPORTED,n9_0425,UNKNOWN,ERP depth,config=n9_0425; model.name=UNKNOWN,BerHu + SILog depth unless noted,script=scripts/n9_bulk.sh; lr=0.0001; bs_or_arg4=256; extra=--rep-K 1 --n3-checkpoint $N3_CKPT_502 --no-freeze-n3 --lambda-sparsity 0.1 --lambda-sh 0.05,UNKNOWN,NOT REPORTED,Script/config-defined experiment; no metric in provided docs.,UNKNOWN / not completed in provided snippets,KEEP as planned/unreported,scripts_planned
exp604_n9_K8_freeze_lam0_lr1e4_bs256,PLANNED / NOT REPORTED,n9_0425,UNKNOWN,ERP depth,config=n9_0425; model.name=UNKNOWN,BerHu + SILog depth unless noted,script=scripts/n9_bulk.sh; lr=0.0001; bs_or_arg4=256; extra=--rep-K 8 --n3-checkpoint $N3_CKPT_503 --freeze-n3 --lambda-sparsity 0.0 --lambda-sh 0.0,UNKNOWN,NOT REPORTED,Script/config-defined experiment; no metric in provided docs.,UNKNOWN / not completed in provided snippets,KEEP as planned/unreported,scripts_planned
exp605_n9_K8_freeze_lam0.05_lr1e4_bs256,PLANNED / NOT REPORTED,n9_0425,UNKNOWN,ERP depth,config=n9_0425; model.name=UNKNOWN,BerHu + SILog depth unless noted,script=scripts/n9_bulk.sh; lr=0.0001; bs_or_arg4=256; extra=--rep-K 8 --n3-checkpoint $N3_CKPT_503 --freeze-n3 --lambda-sparsity 0.05 --lambda-sh 0.0,UNKNOWN,NOT REPORTED,Script/config-defined experiment; no metric in provided docs.,UNKNOWN / not completed in provided snippets,KEEP as planned/unreported,scripts_planned
exp606_n9_K8_freeze_lam0.5_lr1e4_bs256,PLANNED / NOT REPORTED,n9_0425,UNKNOWN,ERP depth,config=n9_0425; model.name=UNKNOWN,BerHu + SILog depth unless noted,script=scripts/n9_bulk.sh; lr=0.0001; bs_or_arg4=256; extra=--rep-K 8 --n3-checkpoint $N3_CKPT_503 --freeze-n3 --lambda-sparsity 0.5 --lambda-sh 0.0,UNKNOWN,NOT REPORTED,Script/config-defined experiment; no metric in provided docs.,UNKNOWN / not completed in provided snippets,KEEP as planned/unreported,scripts_planned
exp607_n9_K8_finetune_lsh0_lr1e4_bs256,PLANNED / NOT REPORTED,n9_0425,UNKNOWN,ERP depth,config=n9_0425; model.name=UNKNOWN,BerHu + SILog depth unless noted,script=scripts/n9_bulk.sh; lr=0.0001; bs_or_arg4=256; extra=--rep-K 8 --n3-checkpoint $N3_CKPT_503 --no-freeze-n3 --lambda-sparsity 0.1 --lambda-sh 0.0,UNKNOWN,NOT REPORTED,Script/config-defined experiment; no metric in provided docs.,UNKNOWN / not completed in provided snippets,KEEP as planned/unreported,scripts_planned
exp608_n9_K8_finetune_lsh0.01_lr1e4_bs256,PLANNED / NOT REPORTED,n9_0425,UNKNOWN,ERP depth,config=n9_0425; model.name=UNKNOWN,BerHu + SILog depth unless noted,script=scripts/n9_bulk.sh; lr=0.0001; bs_or_arg4=256; extra=--rep-K 8 --n3-checkpoint $N3_CKPT_503 --no-freeze-n3 --lambda-sparsity 0.1 --lambda-sh 0.01,UNKNOWN,NOT REPORTED,Script/config-defined experiment; no metric in provided docs.,UNKNOWN / not completed in provided snippets,KEEP as planned/unreported,scripts_planned
exp609_n9_K8_finetune_lsh0.1_lr1e4_bs256,PLANNED / NOT REPORTED,n9_0425,UNKNOWN,ERP depth,config=n9_0425; model.name=UNKNOWN,BerHu + SILog depth unless noted,script=scripts/n9_bulk.sh; lr=0.0001; bs_or_arg4=256; extra=--rep-K 8 --n3-checkpoint $N3_CKPT_503 --no-freeze-n3 --lambda-sparsity 0.1 --lambda-sh 0.1,UNKNOWN,NOT REPORTED,Script/config-defined experiment; no metric in provided docs.,UNKNOWN / not completed in provided snippets,KEEP as planned/unreported,scripts_planned
exp610_n9_K8_finetune_lr5e5_bs256,PLANNED / NOT REPORTED,n9_0425,UNKNOWN,ERP depth,config=n9_0425; model.name=UNKNOWN,BerHu + SILog depth unless noted,script=scripts/n9_bulk.sh; lr=0.00005; bs_or_arg4=256; extra=--rep-K 8 --n3-checkpoint $N3_CKPT_503 --no-freeze-n3 --lambda-sparsity 0.1 --lambda-sh 0.05,UNKNOWN,NOT REPORTED,Script/config-defined experiment; no metric in provided docs.,UNKNOWN / not completed in provided snippets,KEEP as planned/unreported,scripts_planned
exp611_n9_K8_finetune_lr3e4_bs256,PLANNED / NOT REPORTED,n9_0425,UNKNOWN,ERP depth,config=n9_0425; model.name=UNKNOWN,BerHu + SILog depth unless noted,script=scripts/n9_bulk.sh; lr=0.0003; bs_or_arg4=256; extra=--rep-K 8 --n3-checkpoint $N3_CKPT_503 --no-freeze-n3 --lambda-sparsity 0.1 --lambda-sh 0.05,UNKNOWN,NOT REPORTED,Script/config-defined experiment; no metric in provided docs.,UNKNOWN / not completed in provided snippets,KEEP as planned/unreported,scripts_planned
exp600_n9_0426_vit_freeze_lr1e4_bs64,PLANNED / NOT REPORTED,ViT from scratch,binaural spec,ERP depth,config=n9_0426; model.name=UNKNOWN,BerHu + SILog depth unless noted,script=scripts/n9_bulk_0426.sh; lr=0.0001; bs_or_arg4=64; extra=--backbone vit --freeze-backbone --rep-K 8 --n3-checkpoint $N3_CKPT_503 --freeze-n3 --lambda-sparsity 0.1 --lambda-sh 0.0,UNKNOWN,NOT REPORTED,Script/config-defined experiment; no metric in provided docs.,UNKNOWN / not completed in provided snippets,KEEP as planned/unreported,scripts_planned
exp601_n9_0426_vit_finetune_lr1e4_bs64,PLANNED / NOT REPORTED,ViT from scratch,binaural spec,ERP depth,config=n9_0426; model.name=UNKNOWN,BerHu + SILog depth unless noted,script=scripts/n9_bulk_0426.sh; lr=0.0001; bs_or_arg4=64; extra=--backbone vit --no-freeze-backbone --rep-K 8 --n3-checkpoint $N3_CKPT_503 --freeze-n3 --lambda-sparsity 0.1 --lambda-sh 0.0,UNKNOWN,NOT REPORTED,Script/config-defined experiment; no metric in provided docs.,UNKNOWN / not completed in provided snippets,KEEP as planned/unreported,scripts_planned
exp602_n9_0426_resnet_freeze_lr1e4_bs64,PLANNED / NOT REPORTED,Pretrained ResNet,binaural spec adapted to pseudo-RGB,ERP depth,config=n9_0426; model.name=UNKNOWN,BerHu + SILog depth unless noted,script=scripts/n9_bulk_0426.sh; lr=0.0001; bs_or_arg4=64; extra=--backbone resnet --freeze-backbone --rep-K 8 --n3-checkpoint $N3_CKPT_503 --freeze-n3 --lambda-sparsity 0.1 --lambda-sh 0.0,UNKNOWN,NOT REPORTED,Script/config-defined experiment; no metric in provided docs.,UNKNOWN / not completed in provided snippets,KEEP as planned/unreported,scripts_planned
exp603_n9_0426_resnet_finetune_lr1e4_bs64,PLANNED / NOT REPORTED,Pretrained ResNet,binaural spec adapted to pseudo-RGB,ERP depth,config=n9_0426; model.name=UNKNOWN,BerHu + SILog depth unless noted,script=scripts/n9_bulk_0426.sh; lr=0.0001; bs_or_arg4=64; extra=--backbone resnet --no-freeze-backbone --rep-K 8 --n3-checkpoint $N3_CKPT_503 --freeze-n3 --lambda-sparsity 0.1 --lambda-sh 0.0,UNKNOWN,NOT REPORTED,Script/config-defined experiment; no metric in provided docs.,UNKNOWN / not completed in provided snippets,KEEP as planned/unreported,scripts_planned
exp711_eda_cide_input_lr1e4_bs32,PLANNED / NOT REPORTED,echodiffusion_ambi_cide,UNKNOWN,ERP depth,config=echodiffusion_ambi_cide; model.name=UNKNOWN,BerHu + SILog depth unless noted,script=scripts/n9_echodiffambi_cide.sh; lr=0.0001; bs_or_arg4=12; extra=--foa-mode input --rep-K 8 --lambda-sparsity 0.05 --lambda-sh 0.0,UNKNOWN,NOT REPORTED,Script/config-defined experiment; no metric in provided docs.,UNKNOWN / not completed in provided snippets,KEEP as planned/unreported,scripts_planned
exp712_eda_cide_cond_lr5e4_bs32,PLANNED / NOT REPORTED,echodiffusion_ambi_cide,UNKNOWN,ERP depth,config=echodiffusion_ambi_cide; model.name=UNKNOWN,BerHu + SILog depth unless noted,script=scripts/n9_echodiffambi_cide.sh; lr=0.0005; bs_or_arg4=12; extra=--foa-mode condition --rep-K 8 --lambda-sparsity 0.05 --lambda-sh 0.0,UNKNOWN,NOT REPORTED,Script/config-defined experiment; no metric in provided docs.,UNKNOWN / not completed in provided snippets,KEEP as planned/unreported,scripts_planned
exp713_eda_cide_cond_lr1e4_bs32,PLANNED / NOT REPORTED,echodiffusion_ambi_cide,UNKNOWN,ERP depth,config=echodiffusion_ambi_cide; model.name=UNKNOWN,BerHu + SILog depth unless noted,script=scripts/n9_echodiffambi_cide.sh; lr=0.0001; bs_or_arg4=12; extra=--foa-mode condition --rep-K 8 --lambda-sparsity 0.05 --lambda-sh 0.0,UNKNOWN,NOT REPORTED,Script/config-defined experiment; no metric in provided docs.,UNKNOWN / not completed in provided snippets,KEEP as planned/unreported,scripts_planned
exp720_eda_sh5_lr5e4_bs128,PLANNED / NOT REPORTED,echodiffusion_ambi_sh,UNKNOWN,ERP depth,config=echodiffusion_ambi_sh; model.name=UNKNOWN,BerHu + SILog depth unless noted,script=scripts/n9_echodiffambi_sh.sh; lr=0.0005; bs_or_arg4=128; extra=,UNKNOWN,NOT REPORTED,Script/config-defined experiment; no metric in provided docs.,UNKNOWN / not completed in provided snippets,KEEP as planned/unreported,scripts_planned
exp721_eda_sh5_lr1e4_bs128,PLANNED / NOT REPORTED,echodiffusion_ambi_sh,UNKNOWN,ERP depth,config=echodiffusion_ambi_sh; model.name=UNKNOWN,BerHu + SILog depth unless noted,script=scripts/n9_echodiffambi_sh.sh; lr=0.0001; bs_or_arg4=128; extra=,UNKNOWN,NOT REPORTED,Script/config-defined experiment; no metric in provided docs.,UNKNOWN / not completed in provided snippets,KEEP as planned/unreported,scripts_planned
exp722_eda_sh5_lr5e5_bs128,PLANNED / NOT REPORTED,echodiffusion_ambi_sh,UNKNOWN,ERP depth,config=echodiffusion_ambi_sh; model.name=UNKNOWN,BerHu + SILog depth unless noted,script=scripts/n9_echodiffambi_sh.sh; lr=0.00005; bs_or_arg4=128; extra=,UNKNOWN,NOT REPORTED,Script/config-defined experiment; no metric in provided docs.,UNKNOWN / not completed in provided snippets,KEEP as planned/unreported,scripts_planned
exp723_eda_sh5_lr1e3_bs128,PLANNED / NOT REPORTED,echodiffusion_ambi_sh,UNKNOWN,ERP depth,config=echodiffusion_ambi_sh; model.name=UNKNOWN,BerHu + SILog depth unless noted,script=scripts/n9_echodiffambi_sh.sh; lr=0.001; bs_or_arg4=128; extra=,UNKNOWN,NOT REPORTED,Script/config-defined experiment; no metric in provided docs.,UNKNOWN / not completed in provided snippets,KEEP as planned/unreported,scripts_planned
