Model,ABS_REL,RMSE,MAE,Delta1
DepthAnything (SOTA),1.2079709672927856,1.3249813161790371,0.9326115188002586,0.33967034023611975
U-Net (Ours),0.7919788241386414,2.3321088588237764,1.544602945446968,0.027556801783654956
