path,type,reason,replacement_or_canonical_file,safe_to_delete,notes
checkpoints/pvit_n1_temap_input_soundspaces_BS16_Lr0.0001_AdamW_exp241_n1_pvit_temap_lr1e4_lsh0.1,checkpoint,pre-radial era artifact for exp241,,no,"pre-radial era; user rule: non-radial 실험은 전부 삭제 | metrics=RMSE=1.0454, AbsRel=0.4516, δ1=0.4923"
checkpoints/pvit_n1_temap_input_soundspaces_BS2_Lr0.0001_AdamW_smoke_exp241,checkpoint,pre-radial era artifact for exp241,,no,"pre-radial era; user rule: non-radial 실험은 전부 삭제 | metrics=RMSE=1.0454, AbsRel=0.4516, δ1=0.4923"
results/pvit_n1_temap_input_soundspaces_BS16_Lr0.0001_AdamW_exp241_n1_pvit_temap_lr1e4_lsh0.1,result,pre-radial era artifact for exp241,,no,"pre-radial era; user rule: non-radial 실험은 전부 삭제 | metrics=RMSE=1.0454, AbsRel=0.4516, δ1=0.4923"
results/pvit_n1_temap_input_soundspaces_BS2_Lr0.0001_AdamW_smoke_exp241,result,pre-radial era artifact for exp241,,no,"pre-radial era; user rule: non-radial 실험은 전부 삭제 | metrics=RMSE=1.0454, AbsRel=0.4516, δ1=0.4923"
logs/n1_train/exp241_n1_pvit_temap_lr1e4_lsh0.1.log,log,pre-radial era artifact for exp241,,no,"pre-radial era; user rule: non-radial 실험은 전부 삭제 | metrics=RMSE=1.0454, AbsRel=0.4516, δ1=0.4923"
logs/n1_test/exp241_n1_pvit_temap_lr1e4_lsh0.1_test.log,log,pre-radial era artifact for exp241,,no,"pre-radial era; user rule: non-radial 실험은 전부 삭제 | metrics=RMSE=1.0454, AbsRel=0.4516, δ1=0.4923"
checkpoints/unet_256_soundspaces_BS128_Lr0.001_AdamW_exp201_n2_temap_lr1e3_lsh0.1,checkpoint,pre-radial era artifact for exp201,,no,"pre-radial era; user rule: non-radial 실험은 전부 삭제 | metrics=RMSE=1.0464, AbsRel=0.4380, δ1=0.4958"
results/unet_256_soundspaces_BS128_Lr0.001_AdamW_exp201_n2_temap_lr1e3_lsh0.1,result,pre-radial era artifact for exp201,,no,"pre-radial era; user rule: non-radial 실험은 전부 삭제 | metrics=RMSE=1.0464, AbsRel=0.4380, δ1=0.4958"
logs/n2_train/exp201_n2_temap_lr1e3_lsh0.1.log,log,pre-radial era artifact for exp201,,no,"pre-radial era; user rule: non-radial 실험은 전부 삭제 | metrics=RMSE=1.0464, AbsRel=0.4380, δ1=0.4958"
logs/n2_test/exp201_n2_temap_lr1e3_lsh0.1_test.log,log,pre-radial era artifact for exp201,,no,"pre-radial era; user rule: non-radial 실험은 전부 삭제 | metrics=RMSE=1.0464, AbsRel=0.4380, δ1=0.4958"
results/unet_256_soundspaces_BS128_Lr0.0005_AdamW_exp179_oracle_nc3_lr5e4_lsh0.1,result,pre-radial era artifact for exp179,,no,"pre-radial era; user rule: non-radial 실험은 전부 삭제 | metrics=RMSE=1.0477, AbsRel=0.4774, δ1=0.5002"
results/unet_256_soundspaces_BS32_Lr0.0005_AdamW_exp179_oracle_nc3_lr5e4_lsh0.1,result,pre-radial era artifact for exp179,,no,"pre-radial era; user rule: non-radial 실험은 전부 삭제 | metrics=RMSE=1.0477, AbsRel=0.4774, δ1=0.5002"
logs/summary_train/exp179_oracle_nc3_lr5e4_lsh0.1.log,log,pre-radial era artifact for exp179,,no,"pre-radial era; user rule: non-radial 실험은 전부 삭제 | metrics=RMSE=1.0477, AbsRel=0.4774, δ1=0.5002"
logs/summary_test/exp179_oracle_nc3_lr5e4_lsh0.1_test.log,log,pre-radial era artifact for exp179,,no,"pre-radial era; user rule: non-radial 실험은 전부 삭제 | metrics=RMSE=1.0477, AbsRel=0.4774, δ1=0.5002"
checkpoints/unet_256_soundspaces_BS128_Lr0.0005_AdamW_exp202_n2_temap_lr5e4_lsh0.1,checkpoint,pre-radial era artifact for exp202,,no,"pre-radial era; user rule: non-radial 실험은 전부 삭제 | metrics=RMSE=1.0497, AbsRel=0.4379, δ1=0.4985"
results/unet_256_soundspaces_BS128_Lr0.0005_AdamW_exp202_n2_temap_lr5e4_lsh0.1,result,pre-radial era artifact for exp202,,no,"pre-radial era; user rule: non-radial 실험은 전부 삭제 | metrics=RMSE=1.0497, AbsRel=0.4379, δ1=0.4985"
logs/n2_train/exp202_n2_temap_lr5e4_lsh0.1.log,log,pre-radial era artifact for exp202,,no,"pre-radial era; user rule: non-radial 실험은 전부 삭제 | metrics=RMSE=1.0497, AbsRel=0.4379, δ1=0.4985"
logs/n2_test/exp202_n2_temap_lr5e4_lsh0.1_test.log,log,pre-radial era artifact for exp202,,no,"pre-radial era; user rule: non-radial 실험은 전부 삭제 | metrics=RMSE=1.0497, AbsRel=0.4379, δ1=0.4985"
results/unet_256_soundspaces_BS128_Lr0.001_AdamW_exp178_oracle_nc3_lr1e3_lsh0.1,result,pre-radial era artifact for exp178,,no,"pre-radial era; user rule: non-radial 실험은 전부 삭제 | metrics=RMSE=1.0565, AbsRel=0.4216, δ1=0.4979"
results/unet_256_soundspaces_BS32_Lr0.001_AdamW_exp178_oracle_nc3_lr1e3_lsh0.1,result,pre-radial era artifact for exp178,,no,"pre-radial era; user rule: non-radial 실험은 전부 삭제 | metrics=RMSE=1.0565, AbsRel=0.4216, δ1=0.4979"
logs/summary_train/exp178_oracle_nc3_lr1e3_lsh0.1.log,log,pre-radial era artifact for exp178,,no,"pre-radial era; user rule: non-radial 실험은 전부 삭제 | metrics=RMSE=1.0565, AbsRel=0.4216, δ1=0.4979"
logs/summary_test/exp178_oracle_nc3_lr1e3_lsh0.1_test.log,log,pre-radial era artifact for exp178,,no,"pre-radial era; user rule: non-radial 실험은 전부 삭제 | metrics=RMSE=1.0565, AbsRel=0.4216, δ1=0.4979"
checkpoints/unet_256_soundspaces_BS128_Lr0.001_AdamW_exp203_n2_temap_lr1e3_lsh0.3,checkpoint,pre-radial era artifact for exp203,,no,"pre-radial era; user rule: non-radial 실험은 전부 삭제 | metrics=RMSE=1.0568, AbsRel=0.4415, δ1=0.4980"
results/unet_256_soundspaces_BS128_Lr0.001_AdamW_exp203_n2_temap_lr1e3_lsh0.3,result,pre-radial era artifact for exp203,,no,"pre-radial era; user rule: non-radial 실험은 전부 삭제 | metrics=RMSE=1.0568, AbsRel=0.4415, δ1=0.4980"
logs/n2_train/exp203_n2_temap_lr1e3_lsh0.3.log,log,pre-radial era artifact for exp203,,no,"pre-radial era; user rule: non-radial 실험은 전부 삭제 | metrics=RMSE=1.0568, AbsRel=0.4415, δ1=0.4980"
logs/n2_test/exp203_n2_temap_lr1e3_lsh0.3_test.log,log,pre-radial era artifact for exp203,,no,"pre-radial era; user rule: non-radial 실험은 전부 삭제 | metrics=RMSE=1.0568, AbsRel=0.4415, δ1=0.4980"
checkpoints/pvit_n1_temap_input_soundspaces_BS16_Lr5e-05_AdamW_exp242_n1_pvit_temap_lr5e5_lsh0.1,checkpoint,pre-radial era artifact for exp242,,no,"pre-radial era; user rule: non-radial 실험은 전부 삭제 | metrics=RMSE=1.0586, AbsRel=0.4556, δ1=0.5038"
results/pvit_n1_temap_input_soundspaces_BS16_Lr5e-05_AdamW_exp242_n1_pvit_temap_lr5e5_lsh0.1,result,pre-radial era artifact for exp242,,no,"pre-radial era; user rule: non-radial 실험은 전부 삭제 | metrics=RMSE=1.0586, AbsRel=0.4556, δ1=0.5038"
logs/n1_train/exp242_n1_pvit_temap_lr5e5_lsh0.1.log,log,pre-radial era artifact for exp242,,no,"pre-radial era; user rule: non-radial 실험은 전부 삭제 | metrics=RMSE=1.0586, AbsRel=0.4556, δ1=0.5038"
logs/n1_test/exp242_n1_pvit_temap_lr5e5_lsh0.1_test.log,log,pre-radial era artifact for exp242,,no,"pre-radial era; user rule: non-radial 실험은 전부 삭제 | metrics=RMSE=1.0586, AbsRel=0.4556, δ1=0.5038"
checkpoints/pretrained_vit_foa_v6_oracle_nc3_soundspaces_BS32_Lr0.0001_AdamW_exp219_pvit_oracle_nc3_lr1e4_lsh0.1,checkpoint,pre-radial era artifact for exp219,,no,"pre-radial era; user rule: non-radial 실험은 전부 삭제 | metrics=RMSE=1.0612, AbsRel=0.4400, δ1=0.4947"
results/pretrained_vit_foa_v6_oracle_nc3_soundspaces_BS32_Lr0.0001_AdamW_exp219_pvit_oracle_nc3_lr1e4_lsh0.1,result,pre-radial era artifact for exp219,,no,"pre-radial era; user rule: non-radial 실험은 전부 삭제 | metrics=RMSE=1.0612, AbsRel=0.4400, δ1=0.4947"
logs/n3_train/exp219_pvit_oracle_nc3_lr1e4_lsh0.1.log,log,pre-radial era artifact for exp219,,no,"pre-radial era; user rule: non-radial 실험은 전부 삭제 | metrics=RMSE=1.0612, AbsRel=0.4400, δ1=0.4947"
logs/n3_test/exp219_pvit_oracle_nc3_lr1e4_lsh0.1_test.log,log,pre-radial era artifact for exp219,,no,"pre-radial era; user rule: non-radial 실험은 전부 삭제 | metrics=RMSE=1.0612, AbsRel=0.4400, δ1=0.4947"
results/unet_256_soundspaces_BS128_Lr0.0005_AdamW_exp196_n2_dual_lr5e4_lsh0.1,result,pre-radial era artifact for exp196,,no,"pre-radial era; user rule: non-radial 실험은 전부 삭제 | metrics=RMSE=1.0614, AbsRel=0.4775, δ1=0.5112"
logs/n2_train/exp196_n2_dual_lr5e4_lsh0.1.log,log,pre-radial era artifact for exp196,,no,"pre-radial era; user rule: non-radial 실험은 전부 삭제 | metrics=RMSE=1.0614, AbsRel=0.4775, δ1=0.5112"
logs/n2_test/exp196_n2_dual_lr5e4_lsh0.1_test.log,log,pre-radial era artifact for exp196,,no,"pre-radial era; user rule: non-radial 실험은 전부 삭제 | metrics=RMSE=1.0614, AbsRel=0.4775, δ1=0.5112"
checkpoints/pvit_n1_temap_input_soundspaces_BS16_Lr0.0001_AdamW_exp243_n1_pvit_temap_lr1e4_lsh0.3,checkpoint,pre-radial era artifact for exp243,,no,"pre-radial era; user rule: non-radial 실험은 전부 삭제 | metrics=RMSE=1.0661, AbsRel=0.4265, δ1=0.4995"
results/pvit_n1_temap_input_soundspaces_BS16_Lr0.0001_AdamW_exp243_n1_pvit_temap_lr1e4_lsh0.3,result,pre-radial era artifact for exp243,,no,"pre-radial era; user rule: non-radial 실험은 전부 삭제 | metrics=RMSE=1.0661, AbsRel=0.4265, δ1=0.4995"
logs/n1_train/exp243_n1_pvit_temap_lr1e4_lsh0.3.log,log,pre-radial era artifact for exp243,,no,"pre-radial era; user rule: non-radial 실험은 전부 삭제 | metrics=RMSE=1.0661, AbsRel=0.4265, δ1=0.4995"
logs/n1_test/exp243_n1_pvit_temap_lr1e4_lsh0.3_test.log,log,pre-radial era artifact for exp243,,no,"pre-radial era; user rule: non-radial 실험은 전부 삭제 | metrics=RMSE=1.0661, AbsRel=0.4265, δ1=0.4995"
results/unet_256_soundspaces_BS128_Lr0.001_AdamW_exp187_n2_6ch_lr1e3_lsh0.1,result,pre-radial era artifact for exp187,,no,"pre-radial era; user rule: non-radial 실험은 전부 삭제 | metrics=RMSE=1.0713, AbsRel=0.4728, δ1=0.5111"
logs/n2_train/exp187_n2_6ch_lr1e3_lsh0.1.log,log,pre-radial era artifact for exp187,,no,"pre-radial era; user rule: non-radial 실험은 전부 삭제 | metrics=RMSE=1.0713, AbsRel=0.4728, δ1=0.5111"
logs/n2_test/exp187_n2_6ch_lr1e3_lsh0.1_test.log,log,pre-radial era artifact for exp187,,no,"pre-radial era; user rule: non-radial 실험은 전부 삭제 | metrics=RMSE=1.0713, AbsRel=0.4728, δ1=0.5111"
results/unet_256_soundspaces_BS128_Lr0.001_AdamW_exp195_n2_dual_lr1e3_lsh0.1,result,pre-radial era artifact for exp195,,no,"pre-radial era; user rule: non-radial 실험은 전부 삭제 | metrics=RMSE=1.0725, AbsRel=0.4642, δ1=0.5069"
logs/n2_train/exp195_n2_dual_lr1e3_lsh0.1.log,log,pre-radial era artifact for exp195,,no,"pre-radial era; user rule: non-radial 실험은 전부 삭제 | metrics=RMSE=1.0725, AbsRel=0.4642, δ1=0.5069"
logs/n2_test/exp195_n2_dual_lr1e3_lsh0.1_test.log,log,pre-radial era artifact for exp195,,no,"pre-radial era; user rule: non-radial 실험은 전부 삭제 | metrics=RMSE=1.0725, AbsRel=0.4642, δ1=0.5069"
checkpoints/pretrained_vit_foa_v3_soundspaces_BS32_Lr0.0001_AdamW_exp230_pvit_distill_lkd0.5,checkpoint,pre-radial era artifact for exp230,,no,"pre-radial era; user rule: non-radial 실험은 전부 삭제 | metrics=RMSE=1.0735, AbsRel=0.4834, δ1=0.5029"
results/pretrained_vit_foa_v3_soundspaces_BS32_Lr0.0001_AdamW_exp230_pvit_distill_lkd0.5,result,pre-radial era artifact for exp230,,no,"pre-radial era; user rule: non-radial 실험은 전부 삭제 | metrics=RMSE=1.0735, AbsRel=0.4834, δ1=0.5029"
logs/n3_train/exp230_pvit_distill_lkd0.5.log,log,pre-radial era artifact for exp230,,no,"pre-radial era; user rule: non-radial 실험은 전부 삭제 | metrics=RMSE=1.0735, AbsRel=0.4834, δ1=0.5029"
logs/n3_test/exp230_pvit_distill_lkd0.5_test.log,log,pre-radial era artifact for exp230,,no,"pre-radial era; user rule: non-radial 실험은 전부 삭제 | metrics=RMSE=1.0735, AbsRel=0.4834, δ1=0.5029"
results/unet_256_soundspaces_BS128_Lr0.001_AdamW_exp180_oracle_nc3_lr1e3_lsh0.3,result,pre-radial era artifact for exp180,,no,"pre-radial era; user rule: non-radial 실험은 전부 삭제 | metrics=RMSE=1.0741, AbsRel=0.4017, δ1=0.4817"
results/unet_256_soundspaces_BS32_Lr0.001_AdamW_exp180_oracle_nc3_lr1e3_lsh0.3,result,pre-radial era artifact for exp180,,no,"pre-radial era; user rule: non-radial 실험은 전부 삭제 | metrics=RMSE=1.0741, AbsRel=0.4017, δ1=0.4817"
logs/summary_train/exp180_oracle_nc3_lr1e3_lsh0.3.log,log,pre-radial era artifact for exp180,,no,"pre-radial era; user rule: non-radial 실험은 전부 삭제 | metrics=RMSE=1.0741, AbsRel=0.4017, δ1=0.4817"
logs/summary_test/exp180_oracle_nc3_lr1e3_lsh0.3_test.log,log,pre-radial era artifact for exp180,,no,"pre-radial era; user rule: non-radial 실험은 전부 삭제 | metrics=RMSE=1.0741, AbsRel=0.4017, δ1=0.4817"
results/unet_256_soundspaces_BS32_Lr0.001_AdamW_exp172_n3eattn_lr1e3_lsh0.1,result,pre-radial era artifact for exp172,,no,"pre-radial era; user rule: non-radial 실험은 전부 삭제 | metrics=RMSE=1.0744, AbsRel=0.4792, δ1=0.5030"
logs/summary_train/exp172_n3eattn_lr1e3_lsh0.1.log,log,pre-radial era artifact for exp172,,no,"pre-radial era; user rule: non-radial 실험은 전부 삭제 | metrics=RMSE=1.0744, AbsRel=0.4792, δ1=0.5030"
logs/summary_test/exp172_n3eattn_lr1e3_lsh0.1_test.log,log,pre-radial era artifact for exp172,,no,"pre-radial era; user rule: non-radial 실험은 전부 삭제 | metrics=RMSE=1.0744, AbsRel=0.4792, δ1=0.5030"
checkpoints/unet_256_soundspaces_BS32_Lr0.001_AdamW_exp213_n3mssh_eattn_lr1e3_lsh0.1,checkpoint,pre-radial era artifact for exp213,,no,"pre-radial era; user rule: non-radial 실험은 전부 삭제 | metrics=RMSE=1.0777, AbsRel=0.4645, δ1=0.5017"
results/unet_256_soundspaces_BS32_Lr0.001_AdamW_exp213_n3mssh_eattn_lr1e3_lsh0.1,result,pre-radial era artifact for exp213,,no,"pre-radial era; user rule: non-radial 실험은 전부 삭제 | metrics=RMSE=1.0777, AbsRel=0.4645, δ1=0.5017"
logs/n3_train/exp213_n3mssh_eattn_lr1e3_lsh0.1.log,log,pre-radial era artifact for exp213,,no,"pre-radial era; user rule: non-radial 실험은 전부 삭제 | metrics=RMSE=1.0777, AbsRel=0.4645, δ1=0.5017"
logs/n3_test/exp213_n3mssh_eattn_lr1e3_lsh0.1_test.log,log,pre-radial era artifact for exp213,,no,"pre-radial era; user rule: non-radial 실험은 전부 삭제 | metrics=RMSE=1.0777, AbsRel=0.4645, δ1=0.5017"
logs/summary_train/exp111_foa_lr1e3_dw1.0_fw0.1_hw0.1_freeze15.log,log,pre-radial era artifact for exp111,,no,"pre-radial era; user rule: non-radial 실험은 전부 삭제 | metrics=RMSE=1.0781, AbsRel=0.4535, δ1=0.4998"
logs/summary_test/exp111_foa_lr1e3_dw1.0_fw0.1_hw0.1_freeze15_test.log,log,pre-radial era artifact for exp111,,no,"pre-radial era; user rule: non-radial 실험은 전부 삭제 | metrics=RMSE=1.0781, AbsRel=0.4535, δ1=0.4998"
results/unet_256_soundspaces_BS128_Lr0.001_AdamW_exp189_n2_6ch_lr1e3_lsh0.3,result,pre-radial era artifact for exp189,,no,"pre-radial era; user rule: non-radial 실험은 전부 삭제 | metrics=RMSE=1.0781, AbsRel=0.4393, δ1=0.4974"
logs/n2_train/exp189_n2_6ch_lr1e3_lsh0.3.log,log,pre-radial era artifact for exp189,,no,"pre-radial era; user rule: non-radial 실험은 전부 삭제 | metrics=RMSE=1.0781, AbsRel=0.4393, δ1=0.4974"
logs/n2_test/exp189_n2_6ch_lr1e3_lsh0.3_test.log,log,pre-radial era artifact for exp189,,no,"pre-radial era; user rule: non-radial 실험은 전부 삭제 | metrics=RMSE=1.0781, AbsRel=0.4393, δ1=0.4974"
logs/summary_train/exp100_foa_lr1e3_fw0.15_hw0.1.log,log,pre-radial era artifact for exp100,,no,"pre-radial era; user rule: non-radial 실험은 전부 삭제 | metrics=RMSE=1.0793, AbsRel=0.5043, δ1=0.4821"
logs/summary_test/exp100_foa_lr1e3_fw0.15_hw0.1_test.log,log,pre-radial era artifact for exp100,,no,"pre-radial era; user rule: non-radial 실험은 전부 삭제 | metrics=RMSE=1.0793, AbsRel=0.5043, δ1=0.4821"
logs/summary_train/exp49_foa_lr1e3_dw1.0_fw0.1_hw0.05.log,log,pre-radial era artifact for exp49,,no,"pre-radial era; user rule: non-radial 실험은 전부 삭제 | metrics=RMSE=1.0803, AbsRel=0.4631, δ1=0.5023"
logs/summary_test/exp49_foa_lr1e3_dw1.0_fw0.1_hw0.05_test.log,log,pre-radial era artifact for exp49,,no,"pre-radial era; user rule: non-radial 실험은 전부 삭제 | metrics=RMSE=1.0803, AbsRel=0.4631, δ1=0.5023"
results/unet_256_soundspaces_BS128_Lr0.001_AdamW_exp192_n2_tenergy_lr1e3_lsh0.1,result,pre-radial era artifact for exp192,,no,"pre-radial era; user rule: non-radial 실험은 전부 삭제 | metrics=RMSE=1.0805, AbsRel=0.4734, δ1=0.4912"
logs/n2_train/exp192_n2_tenergy_lr1e3_lsh0.1.log,log,pre-radial era artifact for exp192,,no,"pre-radial era; user rule: non-radial 실험은 전부 삭제 | metrics=RMSE=1.0805, AbsRel=0.4734, δ1=0.4912"
logs/n2_test/exp192_n2_tenergy_lr1e3_lsh0.1_test.log,log,pre-radial era artifact for exp192,,no,"pre-radial era; user rule: non-radial 실험은 전부 삭제 | metrics=RMSE=1.0805, AbsRel=0.4734, δ1=0.4912"
checkpoints/pretrained_vit_foa_v3_soundspaces_BS32_Lr0.0001_AdamW_exp218_pvit_film_dw2_lr1e4_lsh0.1,checkpoint,pre-radial era artifact for exp218,,no,"pre-radial era; user rule: non-radial 실험은 전부 삭제 | metrics=RMSE=1.0805, AbsRel=0.4504, δ1=0.4867"
results/pretrained_vit_foa_v3_soundspaces_BS32_Lr0.0001_AdamW_exp218_pvit_film_dw2_lr1e4_lsh0.1,result,pre-radial era artifact for exp218,,no,"pre-radial era; user rule: non-radial 실험은 전부 삭제 | metrics=RMSE=1.0805, AbsRel=0.4504, δ1=0.4867"
logs/n3_train/exp218_pvit_film_dw2_lr1e4_lsh0.1.log,log,pre-radial era artifact for exp218,,no,"pre-radial era; user rule: non-radial 실험은 전부 삭제 | metrics=RMSE=1.0805, AbsRel=0.4504, δ1=0.4867"
logs/n3_test/exp218_pvit_film_dw2_lr1e4_lsh0.1_test.log,log,pre-radial era artifact for exp218,,no,"pre-radial era; user rule: non-radial 실험은 전부 삭제 | metrics=RMSE=1.0805, AbsRel=0.4504, δ1=0.4867"
results/unet_256_soundspaces_BS128_Lr0.0005_AdamW_exp198_n2_stft_lr5e4_lsh0.1,result,pre-radial era artifact for exp198,,no,"pre-radial era; user rule: non-radial 실험은 전부 삭제 | metrics=RMSE=1.0807, AbsRel=0.4719, δ1=0.5108"
logs/n2_train/exp198_n2_stft_lr5e4_lsh0.1.log,log,pre-radial era artifact for exp198,,no,"pre-radial era; user rule: non-radial 실험은 전부 삭제 | metrics=RMSE=1.0807, AbsRel=0.4719, δ1=0.5108"
logs/n2_test/exp198_n2_stft_lr5e4_lsh0.1_test.log,log,pre-radial era artifact for exp198,,no,"pre-radial era; user rule: non-radial 실험은 전부 삭제 | metrics=RMSE=1.0807, AbsRel=0.4719, δ1=0.5108"
checkpoints/unet_256_soundspaces_BS128_Lr0.0005_AdamW_exp200_n2_trms_film_lr5e4_lsh0.1,checkpoint,pre-radial era artifact for exp200,,no,"pre-radial era; user rule: non-radial 실험은 전부 삭제 | metrics=RMSE=1.0808, AbsRel=0.4649, δ1=0.5016"
results/unet_256_soundspaces_BS128_Lr0.0005_AdamW_exp200_n2_trms_film_lr5e4_lsh0.1,result,pre-radial era artifact for exp200,,no,"pre-radial era; user rule: non-radial 실험은 전부 삭제 | metrics=RMSE=1.0808, AbsRel=0.4649, δ1=0.5016"
logs/n2_train/exp200_n2_trms_film_lr5e4_lsh0.1.log,log,pre-radial era artifact for exp200,,no,"pre-radial era; user rule: non-radial 실험은 전부 삭제 | metrics=RMSE=1.0808, AbsRel=0.4649, δ1=0.5016"
logs/n2_test/exp200_n2_trms_film_lr5e4_lsh0.1_test.log,log,pre-radial era artifact for exp200,,no,"pre-radial era; user rule: non-radial 실험은 전부 삭제 | metrics=RMSE=1.0808, AbsRel=0.4649, δ1=0.5016"
checkpoints/unet_256_soundspaces_BS32_Lr0.001_AdamW_exp225_n3mssh_freeze10_lr1e3_lsh0.3,checkpoint,pre-radial era artifact for exp225,,no,"pre-radial era; user rule: non-radial 실험은 전부 삭제 | metrics=RMSE=1.0811, AbsRel=0.4821, δ1=0.4958"
results/unet_256_soundspaces_BS32_Lr0.001_AdamW_exp225_n3mssh_freeze10_lr1e3_lsh0.3,result,pre-radial era artifact for exp225,,no,"pre-radial era; user rule: non-radial 실험은 전부 삭제 | metrics=RMSE=1.0811, AbsRel=0.4821, δ1=0.4958"
logs/n3_train/exp225_n3mssh_freeze10_lr1e3_lsh0.3.log,log,pre-radial era artifact for exp225,,no,"pre-radial era; user rule: non-radial 실험은 전부 삭제 | metrics=RMSE=1.0811, AbsRel=0.4821, δ1=0.4958"
logs/n3_test/exp225_n3mssh_freeze10_lr1e3_lsh0.3_test.log,log,pre-radial era artifact for exp225,,no,"pre-radial era; user rule: non-radial 실험은 전부 삭제 | metrics=RMSE=1.0811, AbsRel=0.4821, δ1=0.4958"
checkpoints/unet_256_soundspaces_BS32_Lr0.001_AdamW_exp208_n3eattn_dw2_lr1e3_lsh0.1,checkpoint,pre-radial era artifact for exp208,,no,"pre-radial era; user rule: non-radial 실험은 전부 삭제 | metrics=RMSE=1.0813, AbsRel=0.5003, δ1=0.4829"
results/unet_256_soundspaces_BS32_Lr0.001_AdamW_exp208_n3eattn_dw2_lr1e3_lsh0.1,result,pre-radial era artifact for exp208,,no,"pre-radial era; user rule: non-radial 실험은 전부 삭제 | metrics=RMSE=1.0813, AbsRel=0.5003, δ1=0.4829"
logs/n3_train/exp208_n3eattn_dw2_lr1e3_lsh0.1.log,log,pre-radial era artifact for exp208,,no,"pre-radial era; user rule: non-radial 실험은 전부 삭제 | metrics=RMSE=1.0813, AbsRel=0.5003, δ1=0.4829"
logs/n3_test/exp208_n3eattn_dw2_lr1e3_lsh0.1_test.log,log,pre-radial era artifact for exp208,,no,"pre-radial era; user rule: non-radial 실험은 전부 삭제 | metrics=RMSE=1.0813, AbsRel=0.5003, δ1=0.4829"
logs/summary_train/exp52_foa_lr5e4_dw1.0_fw0.2_hw0.2.log,log,pre-radial era artifact for exp52,,no,"pre-radial era; user rule: non-radial 실험은 전부 삭제 | metrics=RMSE=1.0814, AbsRel=0.4921, δ1=0.4933"
logs/summary_test/exp52_foa_lr5e4_dw1.0_fw0.2_hw0.2_test.log,log,pre-radial era artifact for exp52,,no,"pre-radial era; user rule: non-radial 실험은 전부 삭제 | metrics=RMSE=1.0814, AbsRel=0.4921, δ1=0.4933"
logs/summary_train/exp28_msattn_lr1e4_fw0.1.log,log,pre-radial era artifact for exp28,,no,"pre-radial era; user rule: non-radial 실험은 전부 삭제 | metrics=RMSE=1.0816, AbsRel=0.4917, δ1=0.4995"
logs/summary_test/exp28_msattn_lr1e4_fw0.1_test.log,log,pre-radial era artifact for exp28,,no,"pre-radial era; user rule: non-radial 실험은 전부 삭제 | metrics=RMSE=1.0816, AbsRel=0.4917, δ1=0.4995"
logs/summary_train/exp01_baseline_lr1e3_bs32.log,log,pre-radial era artifact for exp01,,no,"pre-radial era; user rule: non-radial 실험은 전부 삭제 | metrics=RMSE=1.0817, AbsRel=0.4553, δ1=0.5031"
logs/summary_test/exp01_baseline_lr1e3_bs32_test.log,log,pre-radial era artifact for exp01,,no,"pre-radial era; user rule: non-radial 실험은 전부 삭제 | metrics=RMSE=1.0817, AbsRel=0.4553, δ1=0.5031"
logs/summary_train/exp74_batvision_lr1e3_bs16.log,log,pre-radial era artifact for exp74,,no,"pre-radial era; user rule: non-radial 실험은 전부 삭제 | metrics=RMSE=1.0817, AbsRel=0.4652, δ1=0.4944"
logs/summary_test/exp74_batvision_lr1e3_bs16_test.log,log,pre-radial era artifact for exp74,,no,"pre-radial era; user rule: non-radial 실험은 전부 삭제 | metrics=RMSE=1.0817, AbsRel=0.4652, δ1=0.4944"
logs/summary_train/exp65_vit_lr3e5_bs16.log,log,pre-radial era artifact for exp65,,no,"pre-radial era; user rule: non-radial 실험은 전부 삭제 | metrics=RMSE=1.0818, AbsRel=0.4467, δ1=0.4959"
logs/summary_test/exp65_vit_lr3e5_bs16_test.log,log,pre-radial era artifact for exp65,,no,"pre-radial era; user rule: non-radial 실험은 전부 삭제 | metrics=RMSE=1.0818, AbsRel=0.4467, δ1=0.4959"
results/pretrained_vit_foa_soundspaces_BS16_Lr0.0001_AdamW_exp160_pvitfoa_lr1e4_lsh0.1,result,pre-radial era artifact for exp160,,no,"pre-radial era; user rule: non-radial 실험은 전부 삭제 | metrics=RMSE=1.0820, AbsRel=0.4619, δ1=0.4948"
results/pretrained_vit_foa_soundspaces_BS16_Lr0.0001_AdamW_exp160_pvitfoav1_lr1e4_w0.1,result,pre-radial era artifact for exp160,,no,"pre-radial era; user rule: non-radial 실험은 전부 삭제 | metrics=RMSE=1.0820, AbsRel=0.4619, δ1=0.4948"
logs/summary_train/exp160_pvitfoav1_lr1e4_w0.1.log,log,pre-radial era artifact for exp160,,no,"pre-radial era; user rule: non-radial 실험은 전부 삭제 | metrics=RMSE=1.0820, AbsRel=0.4619, δ1=0.4948"
logs/summary_test/exp160_pvitfoav1_lr1e4_w0.1_test.log,log,pre-radial era artifact for exp160,,no,"pre-radial era; user rule: non-radial 실험은 전부 삭제 | metrics=RMSE=1.0820, AbsRel=0.4619, δ1=0.4948"
logs/summary_train/exp107_foa_lr5e4_fw0.3_hw0.1.log,log,pre-radial era artifact for exp107,,no,"pre-radial era; user rule: non-radial 실험은 전부 삭제 | metrics=RMSE=1.0824, AbsRel=0.4574, δ1=0.4945"
logs/summary_test/exp107_foa_lr5e4_fw0.3_hw0.1_test.log,log,pre-radial era artifact for exp107,,no,"pre-radial era; user rule: non-radial 실험은 전부 삭제 | metrics=RMSE=1.0824, AbsRel=0.4574, δ1=0.4945"
logs/summary_train/exp61_vit_lr1e4_bs16.log,log,pre-radial era artifact for exp61,,no,"pre-radial era; user rule: non-radial 실험은 전부 삭제 | metrics=RMSE=1.0824, AbsRel=0.4496, δ1=0.4989"
logs/summary_test/exp61_vit_lr1e4_bs16_test.log,log,pre-radial era artifact for exp61,,no,"pre-radial era; user rule: non-radial 실험은 전부 삭제 | metrics=RMSE=1.0824, AbsRel=0.4496, δ1=0.4989"
results/unet_256_soundspaces_BS32_Lr0.001_AdamW_exp174_n3eattn_lr1e3_lsh0.3,result,pre-radial era artifact for exp174,,no,"pre-radial era; user rule: non-radial 실험은 전부 삭제 | metrics=RMSE=1.0835, AbsRel=0.4767, δ1=0.4836"
logs/summary_train/exp174_n3eattn_lr1e3_lsh0.3.log,log,pre-radial era artifact for exp174,,no,"pre-radial era; user rule: non-radial 실험은 전부 삭제 | metrics=RMSE=1.0835, AbsRel=0.4767, δ1=0.4836"
logs/summary_test/exp174_n3eattn_lr1e3_lsh0.3_test.log,log,pre-radial era artifact for exp174,,no,"pre-radial era; user rule: non-radial 실험은 전부 삭제 | metrics=RMSE=1.0835, AbsRel=0.4767, δ1=0.4836"
logs/summary_train/exp71_batvision_lr1e3_bs32.log,log,pre-radial era artifact for exp71,,no,"pre-radial era; user rule: non-radial 실험은 전부 삭제 | metrics=RMSE=1.0835, AbsRel=0.4430, δ1=0.4897"
logs/summary_test/exp71_batvision_lr1e3_bs32_test.log,log,pre-radial era artifact for exp71,,no,"pre-radial era; user rule: non-radial 실험은 전부 삭제 | metrics=RMSE=1.0835, AbsRel=0.4430, δ1=0.4897"
checkpoints/unet_256_soundspaces_BS32_Lr0.001_AdamW_exp226_n3mssh_dw2_lr1e3_lsh0.3,checkpoint,pre-radial era artifact for exp226,,no,"pre-radial era; user rule: non-radial 실험은 전부 삭제 | metrics=RMSE=1.0845, AbsRel=0.4396, δ1=0.4947"
results/unet_256_soundspaces_BS32_Lr0.001_AdamW_exp226_n3mssh_dw2_lr1e3_lsh0.3,result,pre-radial era artifact for exp226,,no,"pre-radial era; user rule: non-radial 실험은 전부 삭제 | metrics=RMSE=1.0845, AbsRel=0.4396, δ1=0.4947"
logs/n3_train/exp226_n3mssh_dw2_lr1e3_lsh0.3.log,log,pre-radial era artifact for exp226,,no,"pre-radial era; user rule: non-radial 실험은 전부 삭제 | metrics=RMSE=1.0845, AbsRel=0.4396, δ1=0.4947"
logs/n3_test/exp226_n3mssh_dw2_lr1e3_lsh0.3_test.log,log,pre-radial era artifact for exp226,,no,"pre-radial era; user rule: non-radial 실험은 전부 삭제 | metrics=RMSE=1.0845, AbsRel=0.4396, δ1=0.4947"
logs/summary_train/exp20_crossattn_lr5e4_fw0.2.log,log,pre-radial era artifact for exp20,,no,"pre-radial era; user rule: non-radial 실험은 전부 삭제 | metrics=RMSE=1.0850, AbsRel=0.4735, δ1=0.4931"
logs/summary_test/exp20_crossattn_lr5e4_fw0.2_test.log,log,pre-radial era artifact for exp20,,no,"pre-radial era; user rule: non-radial 실험은 전부 삭제 | metrics=RMSE=1.0850, AbsRel=0.4735, δ1=0.4931"
results/echodiffusion_soundspaces_BS8_Lr0.0001_AdamW_exp125_echodiff_wav2vec_lr1e4_bs8,result,pre-radial era artifact for exp125,,no,"pre-radial era; user rule: non-radial 실험은 전부 삭제 | metrics=RMSE=1.0852, AbsRel=0.4750, δ1=0.4994"
logs/summary_train/exp125_echodiff_wav2vec_lr1e4_bs8.log,log,pre-radial era artifact for exp125,,no,"pre-radial era; user rule: non-radial 실험은 전부 삭제 | metrics=RMSE=1.0852, AbsRel=0.4750, δ1=0.4994"
logs/summary_test/exp125_echodiff_wav2vec_lr1e4_bs8_test.log,log,pre-radial era artifact for exp125,,no,"pre-radial era; user rule: non-radial 실험은 전부 삭제 | metrics=RMSE=1.0852, AbsRel=0.4750, δ1=0.4994"
checkpoints/unet_256_soundspaces_BS32_Lr0.001_AdamW_exp215_n3eattn_distill_lkd0.5,checkpoint,pre-radial era artifact for exp215,,no,"pre-radial era; user rule: non-radial 실험은 전부 삭제 | metrics=RMSE=1.0853, AbsRel=0.4288, δ1=0.4943"
results/unet_256_soundspaces_BS32_Lr0.001_AdamW_exp215_n3eattn_distill_lkd0.5,result,pre-radial era artifact for exp215,,no,"pre-radial era; user rule: non-radial 실험은 전부 삭제 | metrics=RMSE=1.0853, AbsRel=0.4288, δ1=0.4943"
logs/n3_train/exp215_n3eattn_distill_lkd0.5.log,log,pre-radial era artifact for exp215,,no,"pre-radial era; user rule: non-radial 실험은 전부 삭제 | metrics=RMSE=1.0853, AbsRel=0.4288, δ1=0.4943"
logs/n3_test/exp215_n3eattn_distill_lkd0.5_test.log,log,pre-radial era artifact for exp215,,no,"pre-radial era; user rule: non-radial 실험은 전부 삭제 | metrics=RMSE=1.0853, AbsRel=0.4288, δ1=0.4943"
logs/summary_train/exp120_foa_lr5e4_fw0.05_hw0.1_freeze5.log,log,pre-radial era artifact for exp120,,no,"pre-radial era; user rule: non-radial 실험은 전부 삭제 | metrics=RMSE=1.0858, AbsRel=0.4568, δ1=0.4884"
logs/summary_test/exp120_foa_lr5e4_fw0.05_hw0.1_freeze5_test.log,log,pre-radial era artifact for exp120,,no,"pre-radial era; user rule: non-radial 실험은 전부 삭제 | metrics=RMSE=1.0858, AbsRel=0.4568, δ1=0.4884"
logs/summary_train/exp50_foa_lr1e3_dw1.0_fw0.1_hw0.1_freeze5.log,log,pre-radial era artifact for exp50,,no,"pre-radial era; user rule: non-radial 실험은 전부 삭제 | metrics=RMSE=1.0858, AbsRel=0.4691, δ1=0.4860"
logs/summary_test/exp50_foa_lr1e3_dw1.0_fw0.1_hw0.1_freeze5_test.log,log,pre-radial era artifact for exp50,,no,"pre-radial era; user rule: non-radial 실험은 전부 삭제 | metrics=RMSE=1.0858, AbsRel=0.4691, δ1=0.4860"
results/unet_256_soundspaces_BS32_Lr0.0005_AdamW_exp173_n3eattn_lr5e4_lsh0.1,result,pre-radial era artifact for exp173,,no,"pre-radial era; user rule: non-radial 실험은 전부 삭제 | metrics=RMSE=1.0859, AbsRel=0.4511, δ1=0.4866"
logs/summary_train/exp173_n3eattn_lr5e4_lsh0.1.log,log,pre-radial era artifact for exp173,,no,"pre-radial era; user rule: non-radial 실험은 전부 삭제 | metrics=RMSE=1.0859, AbsRel=0.4511, δ1=0.4866"
logs/summary_test/exp173_n3eattn_lr5e4_lsh0.1_test.log,log,pre-radial era artifact for exp173,,no,"pre-radial era; user rule: non-radial 실험은 전부 삭제 | metrics=RMSE=1.0859, AbsRel=0.4511, δ1=0.4866"
checkpoints/pretrained_vit_foa_v6_eattn_soundspaces_BS32_Lr0.0001_AdamW_exp216_pvit_eattn_lr1e4_lsh0.1,checkpoint,pre-radial era artifact for exp216,,no,"pre-radial era; user rule: non-radial 실험은 전부 삭제 | metrics=RMSE=1.0863, AbsRel=0.4639, δ1=0.4974"
results/pretrained_vit_foa_v6_eattn_soundspaces_BS32_Lr0.0001_AdamW_exp216_pvit_eattn_lr1e4_lsh0.1,result,pre-radial era artifact for exp216,,no,"pre-radial era; user rule: non-radial 실험은 전부 삭제 | metrics=RMSE=1.0863, AbsRel=0.4639, δ1=0.4974"
logs/n3_train/exp216_pvit_eattn_lr1e4_lsh0.1.log,log,pre-radial era artifact for exp216,,no,"pre-radial era; user rule: non-radial 실험은 전부 삭제 | metrics=RMSE=1.0863, AbsRel=0.4639, δ1=0.4974"
logs/n3_test/exp216_pvit_eattn_lr1e4_lsh0.1_test.log,log,pre-radial era artifact for exp216,,no,"pre-radial era; user rule: non-radial 실험은 전부 삭제 | metrics=RMSE=1.0863, AbsRel=0.4639, δ1=0.4974"
logs/summary_train/exp96_foa_lr2e4_dw1.0_fw0.1_hw0.1.log,log,pre-radial era artifact for exp96,,no,"pre-radial era; user rule: non-radial 실험은 전부 삭제 | metrics=RMSE=1.0866, AbsRel=0.4752, δ1=0.4929"
logs/summary_test/exp96_foa_lr2e4_dw1.0_fw0.1_hw0.1_test.log,log,pre-radial era artifact for exp96,,no,"pre-radial era; user rule: non-radial 실험은 전부 삭제 | metrics=RMSE=1.0866, AbsRel=0.4752, δ1=0.4929"
logs/summary_train/exp23_featbank_lr1e4_fw0.1.log,log,pre-radial era artifact for exp23,,no,"pre-radial era; user rule: non-radial 실험은 전부 삭제 | metrics=RMSE=1.0869, AbsRel=0.4913, δ1=0.4977"
logs/summary_test/exp23_featbank_lr1e4_fw0.1_test.log,log,pre-radial era artifact for exp23,,no,"pre-radial era; user rule: non-radial 실험은 전부 삭제 | metrics=RMSE=1.0869, AbsRel=0.4913, δ1=0.4977"
checkpoints/unet_256_soundspaces_BS32_Lr0.001_AdamW_exp214_n3eattn_sh9_lr1e3_lsh0.1,checkpoint,pre-radial era artifact for exp214,,no,"pre-radial era; user rule: non-radial 실험은 전부 삭제 | metrics=RMSE=1.0870, AbsRel=0.4373, δ1=0.4954"
results/unet_256_soundspaces_BS32_Lr0.001_AdamW_exp214_n3eattn_sh9_lr1e3_lsh0.1,result,pre-radial era artifact for exp214,,no,"pre-radial era; user rule: non-radial 실험은 전부 삭제 | metrics=RMSE=1.0870, AbsRel=0.4373, δ1=0.4954"
logs/n3_train/exp214_n3eattn_sh9_lr1e3_lsh0.1.log,log,pre-radial era artifact for exp214,,no,"pre-radial era; user rule: non-radial 실험은 전부 삭제 | metrics=RMSE=1.0870, AbsRel=0.4373, δ1=0.4954"
logs/n3_test/exp214_n3eattn_sh9_lr1e3_lsh0.1_test.log,log,pre-radial era artifact for exp214,,no,"pre-radial era; user rule: non-radial 실험은 전부 삭제 | metrics=RMSE=1.0870, AbsRel=0.4373, δ1=0.4954"
logs/summary_train/exp44_foa_lr5e4_dw1.0_fw0.1_hw0.2.log,log,pre-radial era artifact for exp44,,no,"pre-radial era; user rule: non-radial 실험은 전부 삭제 | metrics=RMSE=1.0871, AbsRel=0.4781, δ1=0.4986"
logs/summary_test/exp44_foa_lr5e4_dw1.0_fw0.1_hw0.2_test.log,log,pre-radial era artifact for exp44,,no,"pre-radial era; user rule: non-radial 실험은 전부 삭제 | metrics=RMSE=1.0871, AbsRel=0.4781, δ1=0.4986"
logs/summary_train/exp109_foa_lr1e3_dw1.0_fw0.2_hw0.2_freeze5.log,log,pre-radial era artifact for exp109,,no,"pre-radial era; user rule: non-radial 실험은 전부 삭제 | metrics=RMSE=1.0873, AbsRel=0.4889, δ1=0.4923"
logs/summary_test/exp109_foa_lr1e3_dw1.0_fw0.2_hw0.2_freeze5_test.log,log,pre-radial era artifact for exp109,,no,"pre-radial era; user rule: non-radial 실험은 전부 삭제 | metrics=RMSE=1.0873, AbsRel=0.4889, δ1=0.4923"
results/unet_256_soundspaces_BS128_Lr0.0005_AdamW_exp188_n2_6ch_lr5e4_lsh0.1,result,pre-radial era artifact for exp188,,no,"pre-radial era; user rule: non-radial 실험은 전부 삭제 | metrics=RMSE=1.0875, AbsRel=0.4444, δ1=0.4983"
logs/n2_train/exp188_n2_6ch_lr5e4_lsh0.1.log,log,pre-radial era artifact for exp188,,no,"pre-radial era; user rule: non-radial 실험은 전부 삭제 | metrics=RMSE=1.0875, AbsRel=0.4444, δ1=0.4983"
logs/n2_test/exp188_n2_6ch_lr5e4_lsh0.1_test.log,log,pre-radial era artifact for exp188,,no,"pre-radial era; user rule: non-radial 실험은 전부 삭제 | metrics=RMSE=1.0875, AbsRel=0.4444, δ1=0.4983"
logs/summary_train/exp41_foa_lr1e3_dw1.0_fw0.2_hw0.1.log,log,pre-radial era artifact for exp41,,no,"pre-radial era; user rule: non-radial 실험은 전부 삭제 | metrics=RMSE=1.0875, AbsRel=0.4568, δ1=0.4900"
logs/summary_test/exp41_foa_lr1e3_dw1.0_fw0.2_hw0.1_test.log,log,pre-radial era artifact for exp41,,no,"pre-radial era; user rule: non-radial 실험은 전부 삭제 | metrics=RMSE=1.0875, AbsRel=0.4568, δ1=0.4900"
results/unet_256_soundspaces_BS32_Lr0.0005_AdamW_exp170_n3mssh_lr5e4_lsh0.1,result,pre-radial era artifact for exp170,,no,"pre-radial era; user rule: non-radial 실험은 전부 삭제 | metrics=RMSE=1.0878, AbsRel=0.4676, δ1=0.4985"
logs/summary_train/exp170_n3mssh_lr5e4_lsh0.1.log,log,pre-radial era artifact for exp170,,no,"pre-radial era; user rule: non-radial 실험은 전부 삭제 | metrics=RMSE=1.0878, AbsRel=0.4676, δ1=0.4985"
logs/summary_test/exp170_n3mssh_lr5e4_lsh0.1_test.log,log,pre-radial era artifact for exp170,,no,"pre-radial era; user rule: non-radial 실험은 전부 삭제 | metrics=RMSE=1.0878, AbsRel=0.4676, δ1=0.4985"
logs/summary_train/exp16_crossattn_lr1e3_fw0.1.log,log,pre-radial era artifact for exp16,,no,"pre-radial era; user rule: non-radial 실험은 전부 삭제 | metrics=RMSE=1.0880, AbsRel=0.4570, δ1=0.4958"
logs/summary_test/exp16_crossattn_lr1e3_fw0.1_test.log,log,pre-radial era artifact for exp16,,no,"pre-radial era; user rule: non-radial 실험은 전부 삭제 | metrics=RMSE=1.0880, AbsRel=0.4570, δ1=0.4958"
logs/summary_train/exp51_foa_lr1e3_dw1.0_fw0.1_hw0.1_freeze10.log,log,pre-radial era artifact for exp51,,no,"pre-radial era; user rule: non-radial 실험은 전부 삭제 | metrics=RMSE=1.0881, AbsRel=0.4839, δ1=0.4913"
logs/summary_test/exp51_foa_lr1e3_dw1.0_fw0.1_hw0.1_freeze10_test.log,log,pre-radial era artifact for exp51,,no,"pre-radial era; user rule: non-radial 실험은 전부 삭제 | metrics=RMSE=1.0881, AbsRel=0.4839, δ1=0.4913"
logs/summary_train/exp105_foa_lr1e3_fw0.3_hw0.1.log,log,pre-radial era artifact for exp105,,no,"pre-radial era; user rule: non-radial 실험은 전부 삭제 | metrics=RMSE=1.0884, AbsRel=0.4638, δ1=0.4940"
logs/summary_test/exp105_foa_lr1e3_fw0.3_hw0.1_test.log,log,pre-radial era artifact for exp105,,no,"pre-radial era; user rule: non-radial 실험은 전부 삭제 | metrics=RMSE=1.0884, AbsRel=0.4638, δ1=0.4940"
logs/summary_train/exp36_foa_lr1e3_dw1.0_fw0.1_hw0.1.log,log,pre-radial era artifact for exp36,,no,"pre-radial era; user rule: non-radial 실험은 전부 삭제 | metrics=RMSE=1.0884, AbsRel=0.4850, δ1=0.4943"
logs/summary_test/exp36_foa_lr1e3_dw1.0_fw0.1_hw0.1_test.log,log,pre-radial era artifact for exp36,,no,"pre-radial era; user rule: non-radial 실험은 전부 삭제 | metrics=RMSE=1.0884, AbsRel=0.4850, δ1=0.4943"
results/unet_256_soundspaces_BS128_Lr0.001_AdamW_exp186_n3eattn_lr1e3_lsh0.5,result,pre-radial era artifact for exp186,,no,"pre-radial era; user rule: non-radial 실험은 전부 삭제 | metrics=RMSE=1.0885, AbsRel=0.4504, δ1=0.4893"
logs/summary_train/exp186_n3eattn_lr1e3_lsh0.5.log,log,pre-radial era artifact for exp186,,no,"pre-radial era; user rule: non-radial 실험은 전부 삭제 | metrics=RMSE=1.0885, AbsRel=0.4504, δ1=0.4893"
logs/summary_test/exp186_n3eattn_lr1e3_lsh0.5_test.log,log,pre-radial era artifact for exp186,,no,"pre-radial era; user rule: non-radial 실험은 전부 삭제 | metrics=RMSE=1.0885, AbsRel=0.4504, δ1=0.4893"
logs/summary_train/exp48_foa_lr1e3_dw1.0_fw0.05_hw0.1.log,log,pre-radial era artifact for exp48,,no,"pre-radial era; user rule: non-radial 실험은 전부 삭제 | metrics=RMSE=1.0886, AbsRel=0.4625, δ1=0.4920"
logs/summary_test/exp48_foa_lr1e3_dw1.0_fw0.05_hw0.1_test.log,log,pre-radial era artifact for exp48,,no,"pre-radial era; user rule: non-radial 실험은 전부 삭제 | metrics=RMSE=1.0886, AbsRel=0.4625, δ1=0.4920"
logs/summary_train/exp56_foav2_lr1e3_dw1.0_fw0.1_hw0.1.log,log,pre-radial era artifact for exp56,,no,"pre-radial era; user rule: non-radial 실험은 전부 삭제 | metrics=RMSE=1.0886, AbsRel=0.4672, δ1=0.4905"
logs/summary_train/exp56_resnet_lr1e4_bs32.log,log,pre-radial era artifact for exp56,,no,"pre-radial era; user rule: non-radial 실험은 전부 삭제 | metrics=RMSE=1.0886, AbsRel=0.4672, δ1=0.4905"
logs/summary_test/exp56_foav2_lr1e3_dw1.0_fw0.1_hw0.1_test.log,log,pre-radial era artifact for exp56,,no,"pre-radial era; user rule: non-radial 실험은 전부 삭제 | metrics=RMSE=1.0886, AbsRel=0.4672, δ1=0.4905"
logs/summary_test/exp56_resnet_lr1e4_bs32_test.log,log,pre-radial era artifact for exp56,,no,"pre-radial era; user rule: non-radial 실험은 전부 삭제 | metrics=RMSE=1.0886, AbsRel=0.4672, δ1=0.4905"
logs/summary_train/exp40_foa_lr5e4_bs16_dw1.0_fw0.1_hw0.1.log,log,pre-radial era artifact for exp40,,no,"pre-radial era; user rule: non-radial 실험은 전부 삭제 | metrics=RMSE=1.0888, AbsRel=0.4693, δ1=0.4962"
logs/summary_test/exp40_foa_lr5e4_bs16_dw1.0_fw0.1_hw0.1_test.log,log,pre-radial era artifact for exp40,,no,"pre-radial era; user rule: non-radial 실험은 전부 삭제 | metrics=RMSE=1.0888, AbsRel=0.4693, δ1=0.4962"
logs/summary_train/exp99_foa_lr1e3_dw1.5_fw0.1_hw0.1.log,log,pre-radial era artifact for exp99,,no,"pre-radial era; user rule: non-radial 실험은 전부 삭제 | metrics=RMSE=1.0888, AbsRel=0.4748, δ1=0.5034"
logs/summary_test/exp99_foa_lr1e3_dw1.5_fw0.1_hw0.1_test.log,log,pre-radial era artifact for exp99,,no,"pre-radial era; user rule: non-radial 실험은 전부 삭제 | metrics=RMSE=1.0888, AbsRel=0.4748, δ1=0.5034"
results/unet_256_soundspaces_BS128_Lr0.001_AdamW_exp184_v1base_lr1e3_lsh0.1,result,pre-radial era artifact for exp184,,no,"pre-radial era; user rule: non-radial 실험은 전부 삭제 | metrics=RMSE=1.0889, AbsRel=0.4836, δ1=0.4939"
logs/summary_train/exp184_v1base_lr1e3_lsh0.1.log,log,pre-radial era artifact for exp184,,no,"pre-radial era; user rule: non-radial 실험은 전부 삭제 | metrics=RMSE=1.0889, AbsRel=0.4836, δ1=0.4939"
logs/summary_test/exp184_v1base_lr1e3_lsh0.1_test.log,log,pre-radial era artifact for exp184,,no,"pre-radial era; user rule: non-radial 실험은 전부 삭제 | metrics=RMSE=1.0889, AbsRel=0.4836, δ1=0.4939"
checkpoints/echodiffusion_soundspaces_BS16_Lr0.0001_AdamW_exp121_echodiff_wav2vec_lr1e4_bs16,checkpoint,pre-radial era artifact for exp121,,no,"pre-radial era; user rule: non-radial 실험은 전부 삭제 | metrics=RMSE=1.0892, AbsRel=0.4485, δ1=0.4887"
results/echodiffusion_soundspaces_BS16_Lr0.0001_AdamW_exp121_echodiff_wav2vec_lr1e4_bs16,result,pre-radial era artifact for exp121,,no,"pre-radial era; user rule: non-radial 실험은 전부 삭제 | metrics=RMSE=1.0892, AbsRel=0.4485, δ1=0.4887"
logs/summary_train/exp121_echodiff_wav2vec_lr1e4_bs16.log,log,pre-radial era artifact for exp121,,no,"pre-radial era; user rule: non-radial 실험은 전부 삭제 | metrics=RMSE=1.0892, AbsRel=0.4485, δ1=0.4887"
logs/summary_test/exp121_echodiff_wav2vec_lr1e4_bs16_test.log,log,pre-radial era artifact for exp121,,no,"pre-radial era; user rule: non-radial 실험은 전부 삭제 | metrics=RMSE=1.0892, AbsRel=0.4485, δ1=0.4887"
logs/summary_train/exp72_batvision_lr5e4_bs32.log,log,pre-radial era artifact for exp72,,no,"pre-radial era; user rule: non-radial 실험은 전부 삭제 | metrics=RMSE=1.0893, AbsRel=0.4552, δ1=0.4894"
logs/summary_test/exp72_batvision_lr5e4_bs32_test.log,log,pre-radial era artifact for exp72,,no,"pre-radial era; user rule: non-radial 실험은 전부 삭제 | metrics=RMSE=1.0893, AbsRel=0.4552, δ1=0.4894"
logs/summary_train/exp03_baseline_lr1e4_bs32.log,log,pre-radial era artifact for exp03,,no,"pre-radial era; user rule: non-radial 실험은 전부 삭제 | metrics=RMSE=1.0894, AbsRel=0.4295, δ1=0.4934"
logs/summary_test/exp03_baseline_lr1e4_bs32_test.log,log,pre-radial era artifact for exp03,,no,"pre-radial era; user rule: non-radial 실험은 전부 삭제 | metrics=RMSE=1.0894, AbsRel=0.4295, δ1=0.4934"
checkpoints/unet_256_soundspaces_BS32_Lr0.001_AdamW_exp227_n3mssh_eattn_lr1e3_lsh0.3,checkpoint,pre-radial era artifact for exp227,,no,"pre-radial era; user rule: non-radial 실험은 전부 삭제 | metrics=RMSE=1.0895, AbsRel=0.4331, δ1=0.5008"
results/unet_256_soundspaces_BS32_Lr0.001_AdamW_exp227_n3mssh_eattn_lr1e3_lsh0.3,result,pre-radial era artifact for exp227,,no,"pre-radial era; user rule: non-radial 실험은 전부 삭제 | metrics=RMSE=1.0895, AbsRel=0.4331, δ1=0.5008"
logs/n3_train/exp227_n3mssh_eattn_lr1e3_lsh0.3.log,log,pre-radial era artifact for exp227,,no,"pre-radial era; user rule: non-radial 실험은 전부 삭제 | metrics=RMSE=1.0895, AbsRel=0.4331, δ1=0.5008"
logs/n3_test/exp227_n3mssh_eattn_lr1e3_lsh0.3_test.log,log,pre-radial era artifact for exp227,,no,"pre-radial era; user rule: non-radial 실험은 전부 삭제 | metrics=RMSE=1.0895, AbsRel=0.4331, δ1=0.5008"
checkpoints/unet_256_soundspaces_BS32_Lr0.001_AdamW_exp228_n3mssh_eattn_lenergy_lr1e3_lsh0.1,checkpoint,pre-radial era artifact for exp228,,no,"pre-radial era; user rule: non-radial 실험은 전부 삭제 | metrics=RMSE=1.0898, AbsRel=0.4332, δ1=0.4964"
results/unet_256_soundspaces_BS32_Lr0.001_AdamW_exp228_n3mssh_eattn_lenergy_lr1e3_lsh0.1,result,pre-radial era artifact for exp228,,no,"pre-radial era; user rule: non-radial 실험은 전부 삭제 | metrics=RMSE=1.0898, AbsRel=0.4332, δ1=0.4964"
logs/n3_train/exp228_n3mssh_eattn_lenergy_lr1e3_lsh0.1.log,log,pre-radial era artifact for exp228,,no,"pre-radial era; user rule: non-radial 실험은 전부 삭제 | metrics=RMSE=1.0898, AbsRel=0.4332, δ1=0.4964"
logs/n3_test/exp228_n3mssh_eattn_lenergy_lr1e3_lsh0.1_test.log,log,pre-radial era artifact for exp228,,no,"pre-radial era; user rule: non-radial 실험은 전부 삭제 | metrics=RMSE=1.0898, AbsRel=0.4332, δ1=0.4964"
logs/summary_train/exp117_foa_lr2e4_dw1.0_fw0.2_hw0.2.log,log,pre-radial era artifact for exp117,,no,"pre-radial era; user rule: non-radial 실험은 전부 삭제 | metrics=RMSE=1.0899, AbsRel=0.4742, δ1=0.4908"
logs/summary_test/exp117_foa_lr2e4_dw1.0_fw0.2_hw0.2_test.log,log,pre-radial era artifact for exp117,,no,"pre-radial era; user rule: non-radial 실험은 전부 삭제 | metrics=RMSE=1.0899, AbsRel=0.4742, δ1=0.4908"
logs/summary_train/exp27_msattn_lr5e4_fw0.1.log,log,pre-radial era artifact for exp27,,no,"pre-radial era; user rule: non-radial 실험은 전부 삭제 | metrics=RMSE=1.0901, AbsRel=0.4483, δ1=0.4913"
logs/summary_test/exp27_msattn_lr5e4_fw0.1_test.log,log,pre-radial era artifact for exp27,,no,"pre-radial era; user rule: non-radial 실험은 전부 삭제 | metrics=RMSE=1.0901, AbsRel=0.4483, δ1=0.4913"
logs/summary_train/exp116_foa_lr3e4_fw0.2_hw0.1.log,log,pre-radial era artifact for exp116,,no,"pre-radial era; user rule: non-radial 실험은 전부 삭제 | metrics=RMSE=1.0902, AbsRel=0.4452, δ1=0.4944"
logs/summary_test/exp116_foa_lr3e4_fw0.2_hw0.1_test.log,log,pre-radial era artifact for exp116,,no,"pre-radial era; user rule: non-radial 실험은 전부 삭제 | metrics=RMSE=1.0902, AbsRel=0.4452, δ1=0.4944"
results/pretrained_vit_foa_soundspaces_BS16_Lr5e-05_AdamW_exp161_pvitfoav1_lr5e5_w0.3,result,pre-radial era artifact for exp161,,no,"pre-radial era; user rule: non-radial 실험은 전부 삭제 | metrics=RMSE=1.0903, AbsRel=0.4673, δ1=0.5000"
logs/summary_train/exp161_pvitfoav1_lr5e5_w0.3.log,log,pre-radial era artifact for exp161,,no,"pre-radial era; user rule: non-radial 실험은 전부 삭제 | metrics=RMSE=1.0903, AbsRel=0.4673, δ1=0.5000"
logs/summary_test/exp161_pvitfoav1_lr5e5_w0.3_test.log,log,pre-radial era artifact for exp161,,no,"pre-radial era; user rule: non-radial 실험은 전부 삭제 | metrics=RMSE=1.0903, AbsRel=0.4673, δ1=0.5000"
logs/summary_train/exp42_foa_lr5e4_dw1.0_fw0.2_hw0.1.log,log,pre-radial era artifact for exp42,,no,"pre-radial era; user rule: non-radial 실험은 전부 삭제 | metrics=RMSE=1.0904, AbsRel=0.4572, δ1=0.5018"
logs/summary_test/exp42_foa_lr5e4_dw1.0_fw0.2_hw0.1_test.log,log,pre-radial era artifact for exp42,,no,"pre-radial era; user rule: non-radial 실험은 전부 삭제 | metrics=RMSE=1.0904, AbsRel=0.4572, δ1=0.5018"
logs/summary_train/exp91_channelattn_lr1e3_fw0.1_kl0.02.log,log,pre-radial era artifact for exp91,,no,"pre-radial era; user rule: non-radial 실험은 전부 삭제 | metrics=RMSE=1.0907, AbsRel=0.4470, δ1=0.4869"
logs/summary_test/exp91_channelattn_lr1e3_fw0.1_kl0.02_test.log,log,pre-radial era artifact for exp91,,no,"pre-radial era; user rule: non-radial 실험은 전부 삭제 | metrics=RMSE=1.0907, AbsRel=0.4470, δ1=0.4869"
logs/summary_train/exp14_echodiff_lr5e4_bs32.log,log,pre-radial era artifact for exp14,,no,"pre-radial era; user rule: non-radial 실험은 전부 삭제 | metrics=RMSE=1.0908, AbsRel=0.4664, δ1=0.4932"
logs/summary_test/exp14_echodiff_lr5e4_bs32_test.log,log,pre-radial era artifact for exp14,,no,"pre-radial era; user rule: non-radial 실험은 전부 삭제 | metrics=RMSE=1.0908, AbsRel=0.4664, δ1=0.4932"
checkpoints/unet_256_soundspaces_BS32_Lr0.001_AdamW_exp210_n3eattn_lenergy0.3_lr1e3_lsh0.1,checkpoint,pre-radial era artifact for exp210,,no,"pre-radial era; user rule: non-radial 실험은 전부 삭제 | metrics=RMSE=1.0913, AbsRel=0.4763, δ1=0.4930"
results/unet_256_soundspaces_BS32_Lr0.001_AdamW_exp210_n3eattn_lenergy0.3_lr1e3_lsh0.1,result,pre-radial era artifact for exp210,,no,"pre-radial era; user rule: non-radial 실험은 전부 삭제 | metrics=RMSE=1.0913, AbsRel=0.4763, δ1=0.4930"
logs/n3_train/exp210_n3eattn_lenergy0.3_lr1e3_lsh0.1.log,log,pre-radial era artifact for exp210,,no,"pre-radial era; user rule: non-radial 실험은 전부 삭제 | metrics=RMSE=1.0913, AbsRel=0.4763, δ1=0.4930"
logs/n3_test/exp210_n3eattn_lenergy0.3_lr1e3_lsh0.1_test.log,log,pre-radial era artifact for exp210,,no,"pre-radial era; user rule: non-radial 실험은 전부 삭제 | metrics=RMSE=1.0913, AbsRel=0.4763, δ1=0.4930"
logs/summary_train/exp80_crossattn_lr1e3_fw0.3_kl0.01.log,log,pre-radial era artifact for exp80,,no,"pre-radial era; user rule: non-radial 실험은 전부 삭제 | metrics=RMSE=1.0913, AbsRel=0.4731, δ1=0.5007"
logs/summary_test/exp80_crossattn_lr1e3_fw0.3_kl0.01_test.log,log,pre-radial era artifact for exp80,,no,"pre-radial era; user rule: non-radial 실험은 전부 삭제 | metrics=RMSE=1.0913, AbsRel=0.4731, δ1=0.5007"
logs/summary_train/exp53_foa_lr5e4_dw0.5_fw0.2_hw0.1.log,log,pre-radial era artifact for exp53,,no,"pre-radial era; user rule: non-radial 실험은 전부 삭제 | metrics=RMSE=1.0917, AbsRel=0.4669, δ1=0.4878"
logs/summary_test/exp53_foa_lr5e4_dw0.5_fw0.2_hw0.1_test.log,log,pre-radial era artifact for exp53,,no,"pre-radial era; user rule: non-radial 실험은 전부 삭제 | metrics=RMSE=1.0917, AbsRel=0.4669, δ1=0.4878"
logs/summary_train/exp29_msattn_lr1e3_fw0.2.log,log,pre-radial era artifact for exp29,,no,"pre-radial era; user rule: non-radial 실험은 전부 삭제 | metrics=RMSE=1.0922, AbsRel=0.4723, δ1=0.4936"
logs/summary_test/exp29_msattn_lr1e3_fw0.2_test.log,log,pre-radial era artifact for exp29,,no,"pre-radial era; user rule: non-radial 실험은 전부 삭제 | metrics=RMSE=1.0922, AbsRel=0.4723, δ1=0.4936"
logs/summary_train/exp103_foa_lr5e4_fw0.15_hw0.1.log,log,pre-radial era artifact for exp103,,no,"pre-radial era; user rule: non-radial 실험은 전부 삭제 | metrics=RMSE=1.0925, AbsRel=0.4662, δ1=0.4871"
logs/summary_test/exp103_foa_lr5e4_fw0.15_hw0.1_test.log,log,pre-radial era artifact for exp103,,no,"pre-radial era; user rule: non-radial 실험은 전부 삭제 | metrics=RMSE=1.0925, AbsRel=0.4662, δ1=0.4871"
checkpoints/unet_256_soundspaces_BS16_Lr0.0005_AdamW_exp05_baseline_lr5e4_bs16,checkpoint,pre-radial era artifact for exp05,,no,"pre-radial era; user rule: non-radial 실험은 전부 삭제 | metrics=RMSE=1.0927, AbsRel=0.4688, δ1=0.4863"
results/unet_256_soundspaces_BS16_Lr0.0005_AdamW_exp05_baseline_lr5e4_bs16,result,pre-radial era artifact for exp05,,no,"pre-radial era; user rule: non-radial 실험은 전부 삭제 | metrics=RMSE=1.0927, AbsRel=0.4688, δ1=0.4863"
logs/summary_train/exp05_baseline_lr5e4_bs16.log,log,pre-radial era artifact for exp05,,no,"pre-radial era; user rule: non-radial 실험은 전부 삭제 | metrics=RMSE=1.0927, AbsRel=0.4688, δ1=0.4863"
logs/summary_test/exp05_baseline_lr5e4_bs16_test.log,log,pre-radial era artifact for exp05,,no,"pre-radial era; user rule: non-radial 실험은 전부 삭제 | metrics=RMSE=1.0927, AbsRel=0.4688, δ1=0.4863"
logs/summary_train/exp25_featbank_lr5e4_fw0.2.log,log,pre-radial era artifact for exp25,,no,"pre-radial era; user rule: non-radial 실험은 전부 삭제 | metrics=RMSE=1.0928, AbsRel=0.4558, δ1=0.4913"
logs/summary_test/exp25_featbank_lr5e4_fw0.2_test.log,log,pre-radial era artifact for exp25,,no,"pre-radial era; user rule: non-radial 실험은 전부 삭제 | metrics=RMSE=1.0928, AbsRel=0.4558, δ1=0.4913"
logs/summary_train/exp73_batvision_lr1e4_bs32.log,log,pre-radial era artifact for exp73,,no,"pre-radial era; user rule: non-radial 실험은 전부 삭제 | metrics=RMSE=1.0928, AbsRel=0.4551, δ1=0.4998"
logs/summary_test/exp73_batvision_lr1e4_bs32_test.log,log,pre-radial era artifact for exp73,,no,"pre-radial era; user rule: non-radial 실험은 전부 삭제 | metrics=RMSE=1.0928, AbsRel=0.4551, δ1=0.4998"
results/pretrained_vit_foa_v3_soundspaces_BS16_Lr0.0001_AdamW_exp164_pvitfoav3_lr1e4_w0.1,result,pre-radial era artifact for exp164,,no,"pre-radial era; user rule: non-radial 실험은 전부 삭제 | metrics=RMSE=1.0929, AbsRel=0.4372, δ1=0.4972"
logs/summary_train/exp164_pvitfoav3_lr1e4_w0.1.log,log,pre-radial era artifact for exp164,,no,"pre-radial era; user rule: non-radial 실험은 전부 삭제 | metrics=RMSE=1.0929, AbsRel=0.4372, δ1=0.4972"
logs/summary_test/exp164_pvitfoav3_lr1e4_w0.1_test.log,log,pre-radial era artifact for exp164,,no,"pre-radial era; user rule: non-radial 실험은 전부 삭제 | metrics=RMSE=1.0929, AbsRel=0.4372, δ1=0.4972"
logs/summary_train/exp83_featbank_lr1e3_fw0.05_kl0.01.log,log,pre-radial era artifact for exp83,,no,"pre-radial era; user rule: non-radial 실험은 전부 삭제 | metrics=RMSE=1.0930, AbsRel=0.4701, δ1=0.4817"
logs/summary_test/exp83_featbank_lr1e3_fw0.05_kl0.01_test.log,log,pre-radial era artifact for exp83,,no,"pre-radial era; user rule: non-radial 실험은 전부 삭제 | metrics=RMSE=1.0930, AbsRel=0.4701, δ1=0.4817"
checkpoints/unet_256_soundspaces_BS128_Lr0.001_AdamW_exp204_n2_xattn_lr1e3_lsh0.1,checkpoint,pre-radial era artifact for exp204,,no,"pre-radial era; user rule: non-radial 실험은 전부 삭제 | metrics=RMSE=1.0931, AbsRel=0.4510, δ1=0.5010"
results/unet_256_soundspaces_BS128_Lr0.001_AdamW_exp204_n2_xattn_lr1e3_lsh0.1,result,pre-radial era artifact for exp204,,no,"pre-radial era; user rule: non-radial 실험은 전부 삭제 | metrics=RMSE=1.0931, AbsRel=0.4510, δ1=0.5010"
logs/n2_train/exp204_n2_xattn_lr1e3_lsh0.1.log,log,pre-radial era artifact for exp204,,no,"pre-radial era; user rule: non-radial 실험은 전부 삭제 | metrics=RMSE=1.0931, AbsRel=0.4510, δ1=0.5010"
logs/n2_test/exp204_n2_xattn_lr1e3_lsh0.1_test.log,log,pre-radial era artifact for exp204,,no,"pre-radial era; user rule: non-radial 실험은 전부 삭제 | metrics=RMSE=1.0931, AbsRel=0.4510, δ1=0.5010"
results/unet_256_soundspaces_BS32_Lr0.001_AdamW_exp169_n3mssh_lr1e3_lsh0.1,result,pre-radial era artifact for exp169,,no,"pre-radial era; user rule: non-radial 실험은 전부 삭제 | metrics=RMSE=1.0937, AbsRel=0.4418, δ1=0.4972"
logs/summary_train/exp169_n3mssh_lr1e3_lsh0.1.log,log,pre-radial era artifact for exp169,,no,"pre-radial era; user rule: non-radial 실험은 전부 삭제 | metrics=RMSE=1.0937, AbsRel=0.4418, δ1=0.4972"
logs/summary_test/exp169_n3mssh_lr1e3_lsh0.1_test.log,log,pre-radial era artifact for exp169,,no,"pre-radial era; user rule: non-radial 실험은 전부 삭제 | metrics=RMSE=1.0937, AbsRel=0.4418, δ1=0.4972"
results/unet_256_soundspaces_BS128_Lr0.001_AdamW_exp199_n2_trms_film_lr1e3_lsh0.1,result,pre-radial era artifact for exp199,,no,"pre-radial era; user rule: non-radial 실험은 전부 삭제 | metrics=RMSE=1.0937, AbsRel=0.4356, δ1=0.4855"
logs/n2_train/exp199_n2_trms_film_lr1e3_lsh0.1.log,log,pre-radial era artifact for exp199,,no,"pre-radial era; user rule: non-radial 실험은 전부 삭제 | metrics=RMSE=1.0937, AbsRel=0.4356, δ1=0.4855"
logs/n2_test/exp199_n2_trms_film_lr1e3_lsh0.1_test.log,log,pre-radial era artifact for exp199,,no,"pre-radial era; user rule: non-radial 실험은 전부 삭제 | metrics=RMSE=1.0937, AbsRel=0.4356, δ1=0.4855"
logs/summary_train/exp32_channelattn_lr5e4_fw0.1.log,log,pre-radial era artifact for exp32,,no,"pre-radial era; user rule: non-radial 실험은 전부 삭제 | metrics=RMSE=1.0938, AbsRel=0.4510, δ1=0.4960"
logs/summary_test/exp32_channelattn_lr5e4_fw0.1_test.log,log,pre-radial era artifact for exp32,,no,"pre-radial era; user rule: non-radial 실험은 전부 삭제 | metrics=RMSE=1.0938, AbsRel=0.4510, δ1=0.4960"
logs/summary_train/exp17_crossattn_lr5e4_fw0.1.log,log,pre-radial era artifact for exp17,,no,"pre-radial era; user rule: non-radial 실험은 전부 삭제 | metrics=RMSE=1.0939, AbsRel=0.4599, δ1=0.4927"
logs/summary_test/exp17_crossattn_lr5e4_fw0.1_test.log,log,pre-radial era artifact for exp17,,no,"pre-radial era; user rule: non-radial 실험은 전부 삭제 | metrics=RMSE=1.0939, AbsRel=0.4599, δ1=0.4927"
logs/summary_train/exp24_featbank_lr1e3_fw0.2.log,log,pre-radial era artifact for exp24,,no,"pre-radial era; user rule: non-radial 실험은 전부 삭제 | metrics=RMSE=1.0939, AbsRel=0.4759, δ1=0.5010"
logs/summary_test/exp24_featbank_lr1e3_fw0.2_test.log,log,pre-radial era artifact for exp24,,no,"pre-radial era; user rule: non-radial 실험은 전부 삭제 | metrics=RMSE=1.0939, AbsRel=0.4759, δ1=0.5010"
results/unet_256_soundspaces_BS128_Lr0.001_AdamW_exp197_n2_stft_lr1e3_lsh0.1,result,pre-radial era artifact for exp197,,no,"pre-radial era; user rule: non-radial 실험은 전부 삭제 | metrics=RMSE=1.0941, AbsRel=0.4578, δ1=0.4821"
logs/n2_train/exp197_n2_stft_lr1e3_lsh0.1.log,log,pre-radial era artifact for exp197,,no,"pre-radial era; user rule: non-radial 실험은 전부 삭제 | metrics=RMSE=1.0941, AbsRel=0.4578, δ1=0.4821"
logs/n2_test/exp197_n2_stft_lr1e3_lsh0.1_test.log,log,pre-radial era artifact for exp197,,no,"pre-radial era; user rule: non-radial 실험은 전부 삭제 | metrics=RMSE=1.0941, AbsRel=0.4578, δ1=0.4821"
checkpoints/unet_256_soundspaces_BS32_Lr0.001_AdamW_exp222_n3mssh_lr1e3_lsh0.7,checkpoint,pre-radial era artifact for exp222,,no,"pre-radial era; user rule: non-radial 실험은 전부 삭제 | metrics=RMSE=1.0941, AbsRel=0.4546, δ1=0.5022"
results/unet_256_soundspaces_BS32_Lr0.001_AdamW_exp222_n3mssh_lr1e3_lsh0.7,result,pre-radial era artifact for exp222,,no,"pre-radial era; user rule: non-radial 실험은 전부 삭제 | metrics=RMSE=1.0941, AbsRel=0.4546, δ1=0.5022"
logs/n3_train/exp222_n3mssh_lr1e3_lsh0.7.log,log,pre-radial era artifact for exp222,,no,"pre-radial era; user rule: non-radial 실험은 전부 삭제 | metrics=RMSE=1.0941, AbsRel=0.4546, δ1=0.5022"
logs/n3_test/exp222_n3mssh_lr1e3_lsh0.7_test.log,log,pre-radial era artifact for exp222,,no,"pre-radial era; user rule: non-radial 실험은 전부 삭제 | metrics=RMSE=1.0941, AbsRel=0.4546, δ1=0.5022"
logs/summary_train/exp81_featbank_lr1e3_fw0.1_kl0.02.log,log,pre-radial era artifact for exp81,,no,"pre-radial era; user rule: non-radial 실험은 전부 삭제 | metrics=RMSE=1.0943, AbsRel=0.4462, δ1=0.4900"
logs/summary_test/exp81_featbank_lr1e3_fw0.1_kl0.02_test.log,log,pre-radial era artifact for exp81,,no,"pre-radial era; user rule: non-radial 실험은 전부 삭제 | metrics=RMSE=1.0943, AbsRel=0.4462, δ1=0.4900"
logs/summary_train/exp55_foa_lr1e4_bs16_dw1.0_fw0.1_hw0.1.log,log,pre-radial era artifact for exp55,,no,"pre-radial era; user rule: non-radial 실험은 전부 삭제 | metrics=RMSE=1.0945, AbsRel=0.4656, δ1=0.4919"
logs/summary_test/exp55_foa_lr1e4_bs16_dw1.0_fw0.1_hw0.1_test.log,log,pre-radial era artifact for exp55,,no,"pre-radial era; user rule: non-radial 실험은 전부 삭제 | metrics=RMSE=1.0945, AbsRel=0.4656, δ1=0.4919"
logs/summary_train/exp92_channelattn_lr5e4_fw0.2_kl0.005.log,log,pre-radial era artifact for exp92,,no,"pre-radial era; user rule: non-radial 실험은 전부 삭제 | metrics=RMSE=1.0945, AbsRel=0.4561, δ1=0.4948"
logs/summary_test/exp92_channelattn_lr5e4_fw0.2_kl0.005_test.log,log,pre-radial era artifact for exp92,,no,"pre-radial era; user rule: non-radial 실험은 전부 삭제 | metrics=RMSE=1.0945, AbsRel=0.4561, δ1=0.4948"
logs/summary_train/exp113_foa_lr1e3_dw1.0_fw0.05_hw0.05.log,log,pre-radial era artifact for exp113,,no,"pre-radial era; user rule: non-radial 실험은 전부 삭제 | metrics=RMSE=1.0948, AbsRel=0.4440, δ1=0.4862"
logs/summary_test/exp113_foa_lr1e3_dw1.0_fw0.05_hw0.05_test.log,log,pre-radial era artifact for exp113,,no,"pre-radial era; user rule: non-radial 실험은 전부 삭제 | metrics=RMSE=1.0948, AbsRel=0.4440, δ1=0.4862"
logs/summary_train/exp34_channelattn_lr1e3_fw0.2.log,log,pre-radial era artifact for exp34,,no,"pre-radial era; user rule: non-radial 실험은 전부 삭제 | metrics=RMSE=1.0951, AbsRel=0.4631, δ1=0.4890"
logs/summary_test/exp34_channelattn_lr1e3_fw0.2_test.log,log,pre-radial era artifact for exp34,,no,"pre-radial era; user rule: non-radial 실험은 전부 삭제 | metrics=RMSE=1.0951, AbsRel=0.4631, δ1=0.4890"
logs/summary_train/exp119_foa_lr1e3_fw0.1_hw0.2_freeze3.log,log,pre-radial era artifact for exp119,,no,"pre-radial era; user rule: non-radial 실험은 전부 삭제 | metrics=RMSE=1.0952, AbsRel=0.4566, δ1=0.4845"
logs/summary_test/exp119_foa_lr1e3_fw0.1_hw0.2_freeze3_test.log,log,pre-radial era artifact for exp119,,no,"pre-radial era; user rule: non-radial 실험은 전부 삭제 | metrics=RMSE=1.0952, AbsRel=0.4566, δ1=0.4845"
logs/summary_train/exp58_foav2_lr1e4_dw1.0_fw0.1_hw0.1.log,log,pre-radial era artifact for exp58,,no,"pre-radial era; user rule: non-radial 실험은 전부 삭제 | metrics=RMSE=1.0952, AbsRel=0.4824, δ1=0.4854"
logs/summary_train/exp58_resnet_lr5e4_bs32.log,log,pre-radial era artifact for exp58,,no,"pre-radial era; user rule: non-radial 실험은 전부 삭제 | metrics=RMSE=1.0952, AbsRel=0.4824, δ1=0.4854"
logs/summary_test/exp58_foav2_lr1e4_dw1.0_fw0.1_hw0.1_test.log,log,pre-radial era artifact for exp58,,no,"pre-radial era; user rule: non-radial 실험은 전부 삭제 | metrics=RMSE=1.0952, AbsRel=0.4824, δ1=0.4854"
logs/summary_test/exp58_resnet_lr5e4_bs32_test.log,log,pre-radial era artifact for exp58,,no,"pre-radial era; user rule: non-radial 실험은 전부 삭제 | metrics=RMSE=1.0952, AbsRel=0.4824, δ1=0.4854"
logs/summary_train/exp19_crossattn_lr1e3_fw0.2.log,log,pre-radial era artifact for exp19,,no,"pre-radial era; user rule: non-radial 실험은 전부 삭제 | metrics=RMSE=1.0957, AbsRel=0.4652, δ1=0.4995"
logs/summary_test/exp19_crossattn_lr1e3_fw0.2_test.log,log,pre-radial era artifact for exp19,,no,"pre-radial era; user rule: non-radial 실험은 전부 삭제 | metrics=RMSE=1.0957, AbsRel=0.4652, δ1=0.4995"
logs/summary_train/exp122_echodiff_wav2vec_lr5e4_bs16.log,log,pre-radial era artifact for exp122,,no,"pre-radial era; user rule: non-radial 실험은 전부 삭제 | metrics=RMSE=1.0958, AbsRel=0.4585, δ1=0.4882"
logs/summary_test/exp122_echodiff_wav2vec_lr5e4_bs16_test.log,log,pre-radial era artifact for exp122,,no,"pre-radial era; user rule: non-radial 실험은 전부 삭제 | metrics=RMSE=1.0958, AbsRel=0.4585, δ1=0.4882"
results/echodiffusion_soundspaces_BS16_Lr5e-05_AdamW_exp124_echodiff_wav2vec_lr5e5_bs16,result,pre-radial era artifact for exp124,,no,"pre-radial era; user rule: non-radial 실험은 전부 삭제 | metrics=RMSE=1.0958, AbsRel=0.4901, δ1=0.4721"
logs/summary_train/exp124_echodiff_wav2vec_lr5e5_bs16.log,log,pre-radial era artifact for exp124,,no,"pre-radial era; user rule: non-radial 실험은 전부 삭제 | metrics=RMSE=1.0958, AbsRel=0.4901, δ1=0.4721"
logs/summary_test/exp124_echodiff_wav2vec_lr5e5_bs16_test.log,log,pre-radial era artifact for exp124,,no,"pre-radial era; user rule: non-radial 실험은 전부 삭제 | metrics=RMSE=1.0958, AbsRel=0.4901, δ1=0.4721"
logs/summary_train/exp104_foa_lr5e4_fw0.1_hw0.15.log,log,pre-radial era artifact for exp104,,no,"pre-radial era; user rule: non-radial 실험은 전부 삭제 | metrics=RMSE=1.0964, AbsRel=0.4745, δ1=0.4886"
logs/summary_test/exp104_foa_lr5e4_fw0.1_hw0.15_test.log,log,pre-radial era artifact for exp104,,no,"pre-radial era; user rule: non-radial 실험은 전부 삭제 | metrics=RMSE=1.0964, AbsRel=0.4745, δ1=0.4886"
logs/summary_train/exp62_vit_lr5e5_bs16.log,log,pre-radial era artifact for exp62,,no,"pre-radial era; user rule: non-radial 실험은 전부 삭제 | metrics=RMSE=1.0964, AbsRel=0.4449, δ1=0.4869"
logs/summary_test/exp62_vit_lr5e5_bs16_test.log,log,pre-radial era artifact for exp62,,no,"pre-radial era; user rule: non-radial 실험은 전부 삭제 | metrics=RMSE=1.0964, AbsRel=0.4449, δ1=0.4869"
logs/summary_train/exp47_foa_lr1e3_dw2.0_fw0.1_hw0.1.log,log,pre-radial era artifact for exp47,,no,"pre-radial era; user rule: non-radial 실험은 전부 삭제 | metrics=RMSE=1.0968, AbsRel=0.4463, δ1=0.4858"
logs/summary_test/exp47_foa_lr1e3_dw2.0_fw0.1_hw0.1_test.log,log,pre-radial era artifact for exp47,,no,"pre-radial era; user rule: non-radial 실험은 전부 삭제 | metrics=RMSE=1.0968, AbsRel=0.4463, δ1=0.4858"
logs/summary_train/exp45_foa_lr1e3_dw1.0_fw0.2_hw0.2.log,log,pre-radial era artifact for exp45,,no,"pre-radial era; user rule: non-radial 실험은 전부 삭제 | metrics=RMSE=1.0969, AbsRel=0.4955, δ1=0.4913"
logs/summary_test/exp45_foa_lr1e3_dw1.0_fw0.2_hw0.2_test.log,log,pre-radial era artifact for exp45,,no,"pre-radial era; user rule: non-radial 실험은 전부 삭제 | metrics=RMSE=1.0969, AbsRel=0.4955, δ1=0.4913"
checkpoints/unet_256_soundspaces_BS128_Lr0.001_AdamW_exp206_n2_xattn_lr1e3_lsh0.3,checkpoint,pre-radial era artifact for exp206,,no,"pre-radial era; user rule: non-radial 실험은 전부 삭제 | metrics=RMSE=1.0972, AbsRel=0.4604, δ1=0.4844"
results/unet_256_soundspaces_BS128_Lr0.001_AdamW_exp206_n2_xattn_lr1e3_lsh0.3,result,pre-radial era artifact for exp206,,no,"pre-radial era; user rule: non-radial 실험은 전부 삭제 | metrics=RMSE=1.0972, AbsRel=0.4604, δ1=0.4844"
logs/n2_train/exp206_n2_xattn_lr1e3_lsh0.3.log,log,pre-radial era artifact for exp206,,no,"pre-radial era; user rule: non-radial 실험은 전부 삭제 | metrics=RMSE=1.0972, AbsRel=0.4604, δ1=0.4844"
logs/n2_test/exp206_n2_xattn_lr1e3_lsh0.3_test.log,log,pre-radial era artifact for exp206,,no,"pre-radial era; user rule: non-radial 실험은 전부 삭제 | metrics=RMSE=1.0972, AbsRel=0.4604, δ1=0.4844"
logs/summary_train/exp35_channelattn_lr5e4_fw0.2.log,log,pre-radial era artifact for exp35,,no,"pre-radial era; user rule: non-radial 실험은 전부 삭제 | metrics=RMSE=1.0972, AbsRel=0.4579, δ1=0.4909"
logs/summary_test/exp35_channelattn_lr5e4_fw0.2_test.log,log,pre-radial era artifact for exp35,,no,"pre-radial era; user rule: non-radial 실험은 전부 삭제 | metrics=RMSE=1.0972, AbsRel=0.4579, δ1=0.4909"
logs/summary_train/exp43_foa_lr1e3_dw1.0_fw0.1_hw0.2.log,log,pre-radial era artifact for exp43,,no,"pre-radial era; user rule: non-radial 실험은 전부 삭제 | metrics=RMSE=1.0972, AbsRel=0.4660, δ1=0.4930"
logs/summary_test/exp43_foa_lr1e3_dw1.0_fw0.1_hw0.2_test.log,log,pre-radial era artifact for exp43,,no,"pre-radial era; user rule: non-radial 실험은 전부 삭제 | metrics=RMSE=1.0972, AbsRel=0.4660, δ1=0.4930"
logs/summary_train/exp39_foa_lr1e3_bs16_dw1.0_fw0.1_hw0.1.log,log,pre-radial era artifact for exp39,,no,"pre-radial era; user rule: non-radial 실험은 전부 삭제 | metrics=RMSE=1.0973, AbsRel=0.4953, δ1=0.4973"
logs/summary_test/exp39_foa_lr1e3_bs16_dw1.0_fw0.1_hw0.1_test.log,log,pre-radial era artifact for exp39,,no,"pre-radial era; user rule: non-radial 실험은 전부 삭제 | metrics=RMSE=1.0973, AbsRel=0.4953, δ1=0.4973"
logs/summary_train/exp88_msattn_lr1e3_fw0.05_kl0.01.log,log,pre-radial era artifact for exp88,,no,"pre-radial era; user rule: non-radial 실험은 전부 삭제 | metrics=RMSE=1.0975, AbsRel=0.4724, δ1=0.4998"
logs/summary_test/exp88_msattn_lr1e3_fw0.05_kl0.01_test.log,log,pre-radial era artifact for exp88,,no,"pre-radial era; user rule: non-radial 실험은 전부 삭제 | metrics=RMSE=1.0975, AbsRel=0.4724, δ1=0.4998"
logs/summary_train/exp30_msattn_lr5e4_fw0.2.log,log,pre-radial era artifact for exp30,,no,"pre-radial era; user rule: non-radial 실험은 전부 삭제 | metrics=RMSE=1.0977, AbsRel=0.4551, δ1=0.4912"
logs/summary_test/exp30_msattn_lr5e4_fw0.2_test.log,log,pre-radial era artifact for exp30,,no,"pre-radial era; user rule: non-radial 실험은 전부 삭제 | metrics=RMSE=1.0977, AbsRel=0.4551, δ1=0.4912"
logs/summary_train/exp46_foa_lr1e3_dw0.5_fw0.1_hw0.1.log,log,pre-radial era artifact for exp46,,no,"pre-radial era; user rule: non-radial 실험은 전부 삭제 | metrics=RMSE=1.0977, AbsRel=0.4663, δ1=0.4937"
logs/summary_test/exp46_foa_lr1e3_dw0.5_fw0.1_hw0.1_test.log,log,pre-radial era artifact for exp46,,no,"pre-radial era; user rule: non-radial 실험은 전부 삭제 | metrics=RMSE=1.0977, AbsRel=0.4663, δ1=0.4937"
logs/summary_train/exp18_crossattn_lr1e4_fw0.1.log,log,pre-radial era artifact for exp18,,no,"pre-radial era; user rule: non-radial 실험은 전부 삭제 | metrics=RMSE=1.0978, AbsRel=0.4856, δ1=0.4905"
logs/summary_test/exp18_crossattn_lr1e4_fw0.1_test.log,log,pre-radial era artifact for exp18,,no,"pre-radial era; user rule: non-radial 실험은 전부 삭제 | metrics=RMSE=1.0978, AbsRel=0.4856, δ1=0.4905"
logs/summary_train/exp76_crossattn_lr1e3_fw0.1_kl0.02.log,log,pre-radial era artifact for exp76,,no,"pre-radial era; user rule: non-radial 실험은 전부 삭제 | metrics=RMSE=1.0981, AbsRel=0.4588, δ1=0.4895"
logs/summary_test/exp76_crossattn_lr1e3_fw0.1_kl0.02_test.log,log,pre-radial era artifact for exp76,,no,"pre-radial era; user rule: non-radial 실험은 전부 삭제 | metrics=RMSE=1.0981, AbsRel=0.4588, δ1=0.4895"
logs/summary_train/exp22_featbank_lr5e4_fw0.1.log,log,pre-radial era artifact for exp22,,no,"pre-radial era; user rule: non-radial 실험은 전부 삭제 | metrics=RMSE=1.0983, AbsRel=0.4702, δ1=0.4944"
logs/summary_test/exp22_featbank_lr5e4_fw0.1_test.log,log,pre-radial era artifact for exp22,,no,"pre-radial era; user rule: non-radial 실험은 전부 삭제 | metrics=RMSE=1.0983, AbsRel=0.4702, δ1=0.4944"
checkpoints/pretrained_resnet_soundspaces_BS32_Lr0.0003_AdamW_exp60_resnet_lr3e4_bs32,checkpoint,pre-radial era artifact for exp60,,no,"pre-radial era; user rule: non-radial 실험은 전부 삭제 | metrics=RMSE=1.0988, AbsRel=0.4700, δ1=0.4906"
checkpoints/unet_256_soundspaces_BS32_Lr0.0005_AdamW_exp60_foav2_lr5e4_dw1.0_fw0.2_hw0.2,checkpoint,pre-radial era artifact for exp60,,no,"pre-radial era; user rule: non-radial 실험은 전부 삭제 | metrics=RMSE=1.0988, AbsRel=0.4700, δ1=0.4906"
results/pretrained_resnet_soundspaces_BS32_Lr0.0003_AdamW_exp60_resnet_lr3e4_bs32,result,pre-radial era artifact for exp60,,no,"pre-radial era; user rule: non-radial 실험은 전부 삭제 | metrics=RMSE=1.0988, AbsRel=0.4700, δ1=0.4906"
results/unet_256_soundspaces_BS32_Lr0.0005_AdamW_exp60_foav2_lr5e4_dw1.0_fw0.2_hw0.2,result,pre-radial era artifact for exp60,,no,"pre-radial era; user rule: non-radial 실험은 전부 삭제 | metrics=RMSE=1.0988, AbsRel=0.4700, δ1=0.4906"
logs/summary_train/exp60_foav2_lr5e4_dw1.0_fw0.2_hw0.2.log,log,pre-radial era artifact for exp60,,no,"pre-radial era; user rule: non-radial 실험은 전부 삭제 | metrics=RMSE=1.0988, AbsRel=0.4700, δ1=0.4906"
logs/summary_train/exp60_resnet_lr3e4_bs32.log,log,pre-radial era artifact for exp60,,no,"pre-radial era; user rule: non-radial 실험은 전부 삭제 | metrics=RMSE=1.0988, AbsRel=0.4700, δ1=0.4906"
logs/summary_test/exp60_foav2_lr5e4_dw1.0_fw0.2_hw0.2_test.log,log,pre-radial era artifact for exp60,,no,"pre-radial era; user rule: non-radial 실험은 전부 삭제 | metrics=RMSE=1.0988, AbsRel=0.4700, δ1=0.4906"
logs/summary_test/exp60_resnet_lr3e4_bs32_test.log,log,pre-radial era artifact for exp60,,no,"pre-radial era; user rule: non-radial 실험은 전부 삭제 | metrics=RMSE=1.0988, AbsRel=0.4700, δ1=0.4906"
logs/summary_train/exp02_baseline_lr5e4_bs32.log,log,pre-radial era artifact for exp02,,no,"pre-radial era; user rule: non-radial 실험은 전부 삭제 | metrics=RMSE=1.0989, AbsRel=0.4127, δ1=0.4943"
logs/summary_test/exp02_baseline_lr5e4_bs32_test.log,log,pre-radial era artifact for exp02,,no,"pre-radial era; user rule: non-radial 실험은 전부 삭제 | metrics=RMSE=1.0989, AbsRel=0.4127, δ1=0.4943"
logs/summary_train/exp87_msattn_lr5e4_fw0.2_kl0.005.log,log,pre-radial era artifact for exp87,,no,"pre-radial era; user rule: non-radial 실험은 전부 삭제 | metrics=RMSE=1.0990, AbsRel=0.4751, δ1=0.4868"
logs/summary_test/exp87_msattn_lr5e4_fw0.2_kl0.005_test.log,log,pre-radial era artifact for exp87,,no,"pre-radial era; user rule: non-radial 실험은 전부 삭제 | metrics=RMSE=1.0990, AbsRel=0.4751, δ1=0.4868"
logs/summary_train/exp77_crossattn_lr5e4_fw0.2_kl0.005.log,log,pre-radial era artifact for exp77,,no,"pre-radial era; user rule: non-radial 실험은 전부 삭제 | metrics=RMSE=1.0992, AbsRel=0.5034, δ1=0.4989"
logs/summary_test/exp77_crossattn_lr5e4_fw0.2_kl0.005_test.log,log,pre-radial era artifact for exp77,,no,"pre-radial era; user rule: non-radial 실험은 전부 삭제 | metrics=RMSE=1.0992, AbsRel=0.5034, δ1=0.4989"
logs/summary_train/exp115_foa_lr1e3_dw2.0_fw0.2_hw0.1.log,log,pre-radial era artifact for exp115,,no,"pre-radial era; user rule: non-radial 실험은 전부 삭제 | metrics=RMSE=1.0994, AbsRel=0.4513, δ1=0.4943"
logs/summary_test/exp115_foa_lr1e3_dw2.0_fw0.2_hw0.1_test.log,log,pre-radial era artifact for exp115,,no,"pre-radial era; user rule: non-radial 실험은 전부 삭제 | metrics=RMSE=1.0994, AbsRel=0.4513, δ1=0.4943"
checkpoints/unet_256_soundspaces_BS32_Lr0.002_AdamW_exp75_batvision_lr2e3_bs32,checkpoint,pre-radial era artifact for exp75,,no,"pre-radial era; user rule: non-radial 실험은 전부 삭제 | metrics=RMSE=1.0994, AbsRel=0.4659, δ1=0.4938"
results/unet_256_soundspaces_BS32_Lr0.002_AdamW_exp75_batvision_lr2e3_bs32,result,pre-radial era artifact for exp75,,no,"pre-radial era; user rule: non-radial 실험은 전부 삭제 | metrics=RMSE=1.0994, AbsRel=0.4659, δ1=0.4938"
logs/summary_train/exp75_batvision_lr2e3_bs32.log,log,pre-radial era artifact for exp75,,no,"pre-radial era; user rule: non-radial 실험은 전부 삭제 | metrics=RMSE=1.0994, AbsRel=0.4659, δ1=0.4938"
logs/summary_test/exp75_batvision_lr2e3_bs32_test.log,log,pre-radial era artifact for exp75,,no,"pre-radial era; user rule: non-radial 실험은 전부 삭제 | metrics=RMSE=1.0994, AbsRel=0.4659, δ1=0.4938"
checkpoints/unet_256_soundspaces_BS128_Lr0.0005_AdamW_exp205_n2_xattn_lr5e4_lsh0.1,checkpoint,pre-radial era artifact for exp205,,no,"pre-radial era; user rule: non-radial 실험은 전부 삭제 | metrics=RMSE=1.0998, AbsRel=0.4373, δ1=0.4926"
results/unet_256_soundspaces_BS128_Lr0.0005_AdamW_exp205_n2_xattn_lr5e4_lsh0.1,result,pre-radial era artifact for exp205,,no,"pre-radial era; user rule: non-radial 실험은 전부 삭제 | metrics=RMSE=1.0998, AbsRel=0.4373, δ1=0.4926"
logs/n2_train/exp205_n2_xattn_lr5e4_lsh0.1.log,log,pre-radial era artifact for exp205,,no,"pre-radial era; user rule: non-radial 실험은 전부 삭제 | metrics=RMSE=1.0998, AbsRel=0.4373, δ1=0.4926"
logs/n2_test/exp205_n2_xattn_lr5e4_lsh0.1_test.log,log,pre-radial era artifact for exp205,,no,"pre-radial era; user rule: non-radial 실험은 전부 삭제 | metrics=RMSE=1.0998, AbsRel=0.4373, δ1=0.4926"
logs/summary_train/exp89_msattn_lr5e4_fw0.1_hw0.2_kl0.01.log,log,pre-radial era artifact for exp89,,no,"pre-radial era; user rule: non-radial 실험은 전부 삭제 | metrics=RMSE=1.0999, AbsRel=0.4686, δ1=0.4921"
logs/summary_test/exp89_msattn_lr5e4_fw0.1_hw0.2_kl0.01_test.log,log,pre-radial era artifact for exp89,,no,"pre-radial era; user rule: non-radial 실험은 전부 삭제 | metrics=RMSE=1.0999, AbsRel=0.4686, δ1=0.4921"
results/pretrained_vit_foa_v2_soundspaces_BS16_Lr0.0001_AdamW_exp162_pvitfoav2_lr1e4_w0.1,result,pre-radial era artifact for exp162,,no,"pre-radial era; user rule: non-radial 실험은 전부 삭제 | metrics=RMSE=1.1000, AbsRel=0.4782, δ1=0.4833"
logs/summary_train/exp162_pvitfoav2_lr1e4_w0.1.log,log,pre-radial era artifact for exp162,,no,"pre-radial era; user rule: non-radial 실험은 전부 삭제 | metrics=RMSE=1.1000, AbsRel=0.4782, δ1=0.4833"
logs/summary_test/exp162_pvitfoav2_lr1e4_w0.1_test.log,log,pre-radial era artifact for exp162,,no,"pre-radial era; user rule: non-radial 실험은 전부 삭제 | metrics=RMSE=1.1000, AbsRel=0.4782, δ1=0.4833"
logs/summary_train/exp97_foa_lr3e4_dw1.0_fw0.1_hw0.1.log,log,pre-radial era artifact for exp97,,no,"pre-radial era; user rule: non-radial 실험은 전부 삭제 | metrics=RMSE=1.1010, AbsRel=0.4299, δ1=0.4922"
logs/summary_test/exp97_foa_lr3e4_dw1.0_fw0.1_hw0.1_test.log,log,pre-radial era artifact for exp97,,no,"pre-radial era; user rule: non-radial 실험은 전부 삭제 | metrics=RMSE=1.1010, AbsRel=0.4299, δ1=0.4922"
logs/summary_train/exp59_foav2_lr1e3_dw1.0_fw0.2_hw0.1.log,log,pre-radial era artifact for exp59,,no,"pre-radial era; user rule: non-radial 실험은 전부 삭제 | metrics=RMSE=1.1021, AbsRel=0.4663, δ1=0.4966"
logs/summary_train/exp59_resnet_lr1e4_bs16.log,log,pre-radial era artifact for exp59,,no,"pre-radial era; user rule: non-radial 실험은 전부 삭제 | metrics=RMSE=1.1021, AbsRel=0.4663, δ1=0.4966"
logs/summary_test/exp59_foav2_lr1e3_dw1.0_fw0.2_hw0.1_test.log,log,pre-radial era artifact for exp59,,no,"pre-radial era; user rule: non-radial 실험은 전부 삭제 | metrics=RMSE=1.1021, AbsRel=0.4663, δ1=0.4966"
logs/summary_test/exp59_resnet_lr1e4_bs16_test.log,log,pre-radial era artifact for exp59,,no,"pre-radial era; user rule: non-radial 실험은 전부 삭제 | metrics=RMSE=1.1021, AbsRel=0.4663, δ1=0.4966"
logs/summary_train/exp84_featbank_lr5e4_fw0.1_hw0.2_kl0.01.log,log,pre-radial era artifact for exp84,,no,"pre-radial era; user rule: non-radial 실험은 전부 삭제 | metrics=RMSE=1.1022, AbsRel=0.4747, δ1=0.4869"
logs/summary_test/exp84_featbank_lr5e4_fw0.1_hw0.2_kl0.01_test.log,log,pre-radial era artifact for exp84,,no,"pre-radial era; user rule: non-radial 실험은 전부 삭제 | metrics=RMSE=1.1022, AbsRel=0.4747, δ1=0.4869"
logs/summary_train/exp57_foav2_lr5e4_dw1.0_fw0.1_hw0.1.log,log,pre-radial era artifact for exp57,,no,"pre-radial era; user rule: non-radial 실험은 전부 삭제 | metrics=RMSE=1.1023, AbsRel=0.4821, δ1=0.4922"
logs/summary_train/exp57_resnet_lr5e5_bs32.log,log,pre-radial era artifact for exp57,,no,"pre-radial era; user rule: non-radial 실험은 전부 삭제 | metrics=RMSE=1.1023, AbsRel=0.4821, δ1=0.4922"
logs/summary_test/exp57_foav2_lr5e4_dw1.0_fw0.1_hw0.1_test.log,log,pre-radial era artifact for exp57,,no,"pre-radial era; user rule: non-radial 실험은 전부 삭제 | metrics=RMSE=1.1023, AbsRel=0.4821, δ1=0.4922"
logs/summary_test/exp57_resnet_lr5e5_bs32_test.log,log,pre-radial era artifact for exp57,,no,"pre-radial era; user rule: non-radial 실험은 전부 삭제 | metrics=RMSE=1.1023, AbsRel=0.4821, δ1=0.4922"
checkpoints/unet_256_soundspaces_BS32_Lr0.001_AdamW_exp212_n3film_eattn_lr1e3_lsh0.1,checkpoint,pre-radial era artifact for exp212,,no,"pre-radial era; user rule: non-radial 실험은 전부 삭제 | metrics=RMSE=1.1025, AbsRel=0.4307, δ1=0.4828"
results/unet_256_soundspaces_BS32_Lr0.001_AdamW_exp212_SMOKE,result,pre-radial era artifact for exp212,,no,"pre-radial era; user rule: non-radial 실험은 전부 삭제 | metrics=RMSE=1.1025, AbsRel=0.4307, δ1=0.4828"
results/unet_256_soundspaces_BS32_Lr0.001_AdamW_exp212_n3film_eattn_lr1e3_lsh0.1,result,pre-radial era artifact for exp212,,no,"pre-radial era; user rule: non-radial 실험은 전부 삭제 | metrics=RMSE=1.1025, AbsRel=0.4307, δ1=0.4828"
logs/n3_train/exp212_n3film_eattn_lr1e3_lsh0.1.log,log,pre-radial era artifact for exp212,,no,"pre-radial era; user rule: non-radial 실험은 전부 삭제 | metrics=RMSE=1.1025, AbsRel=0.4307, δ1=0.4828"
logs/n3_test/exp212_n3film_eattn_lr1e3_lsh0.1_test.log,log,pre-radial era artifact for exp212,,no,"pre-radial era; user rule: non-radial 실험은 전부 삭제 | metrics=RMSE=1.1025, AbsRel=0.4307, δ1=0.4828"
checkpoints/pretrained_vit_soundspaces_BS8_Lr0.0001_AdamW_exp64_vit_lr1e4_bs8,checkpoint,pre-radial era artifact for exp64,,no,"pre-radial era; user rule: non-radial 실험은 전부 삭제 | metrics=RMSE=1.1028, AbsRel=0.4654, δ1=0.4803"
results/pretrained_vit_soundspaces_BS8_Lr0.0001_AdamW_exp64_vit_lr1e4_bs8,result,pre-radial era artifact for exp64,,no,"pre-radial era; user rule: non-radial 실험은 전부 삭제 | metrics=RMSE=1.1028, AbsRel=0.4654, δ1=0.4803"
logs/summary_train/exp64_vit_lr1e4_bs8.log,log,pre-radial era artifact for exp64,,no,"pre-radial era; user rule: non-radial 실험은 전부 삭제 | metrics=RMSE=1.1028, AbsRel=0.4654, δ1=0.4803"
logs/summary_test/exp64_vit_lr1e4_bs8_test.log,log,pre-radial era artifact for exp64,,no,"pre-radial era; user rule: non-radial 실험은 전부 삭제 | metrics=RMSE=1.1028, AbsRel=0.4654, δ1=0.4803"
logs/summary_train/exp21_featbank_lr1e3_fw0.1.log,log,pre-radial era artifact for exp21,,no,"pre-radial era; user rule: non-radial 실험은 전부 삭제 | metrics=RMSE=1.1032, AbsRel=0.4900, δ1=0.4894"
logs/summary_test/exp21_featbank_lr1e3_fw0.1_test.log,log,pre-radial era artifact for exp21,,no,"pre-radial era; user rule: non-radial 실험은 전부 삭제 | metrics=RMSE=1.1032, AbsRel=0.4900, δ1=0.4894"
checkpoints/pretrained_vit_foa_v6_mssh_soundspaces_BS32_Lr0.0001_AdamW_exp217_pvit_mssh_lr1e4_lsh0.1,checkpoint,pre-radial era artifact for exp217,,no,"pre-radial era; user rule: non-radial 실험은 전부 삭제 | metrics=RMSE=1.1035, AbsRel=0.4656, δ1=0.4860"
results/pretrained_vit_foa_v6_mssh_soundspaces_BS32_Lr0.0001_AdamW_exp217_pvit_mssh_lr1e4_lsh0.1,result,pre-radial era artifact for exp217,,no,"pre-radial era; user rule: non-radial 실험은 전부 삭제 | metrics=RMSE=1.1035, AbsRel=0.4656, δ1=0.4860"
logs/n3_train/exp217_pvit_mssh_lr1e4_lsh0.1.log,log,pre-radial era artifact for exp217,,no,"pre-radial era; user rule: non-radial 실험은 전부 삭제 | metrics=RMSE=1.1035, AbsRel=0.4656, δ1=0.4860"
logs/n3_test/exp217_pvit_mssh_lr1e4_lsh0.1_test.log,log,pre-radial era artifact for exp217,,no,"pre-radial era; user rule: non-radial 실험은 전부 삭제 | metrics=RMSE=1.1035, AbsRel=0.4656, δ1=0.4860"
results/pretrained_vit_foa_v4_soundspaces_BS16_Lr0.0001_AdamW_exp166_pvitfoav4_lr1e4_w0.1,result,pre-radial era artifact for exp166,,no,"pre-radial era; user rule: non-radial 실험은 전부 삭제 | metrics=RMSE=1.1045, AbsRel=0.4271, δ1=0.4901"
results/unet_256_soundspaces_BS32_Lr0.001_AdamW_exp166_n3film_lr1e3_lsh0.1,result,pre-radial era artifact for exp166,,no,"pre-radial era; user rule: non-radial 실험은 전부 삭제 | metrics=RMSE=1.1045, AbsRel=0.4271, δ1=0.4901"
logs/summary_train/exp166_n3film_lr1e3_lsh0.1.log,log,pre-radial era artifact for exp166,,no,"pre-radial era; user rule: non-radial 실험은 전부 삭제 | metrics=RMSE=1.1045, AbsRel=0.4271, δ1=0.4901"
logs/summary_test/exp166_n3film_lr1e3_lsh0.1_test.log,log,pre-radial era artifact for exp166,,no,"pre-radial era; user rule: non-radial 실험은 전부 삭제 | metrics=RMSE=1.1045, AbsRel=0.4271, δ1=0.4901"
logs/summary_train/exp85_featbank_lr1e3_fw0.3_kl0.01.log,log,pre-radial era artifact for exp85,,no,"pre-radial era; user rule: non-radial 실험은 전부 삭제 | metrics=RMSE=1.1045, AbsRel=0.4707, δ1=0.4812"
logs/summary_test/exp85_featbank_lr1e3_fw0.3_kl0.01_test.log,log,pre-radial era artifact for exp85,,no,"pre-radial era; user rule: non-radial 실험은 전부 삭제 | metrics=RMSE=1.1045, AbsRel=0.4707, δ1=0.4812"
logs/summary_train/exp112_foa_lr5e4_dw1.0_fw0.1_hw0.1_freeze10.log,log,pre-radial era artifact for exp112,,no,"pre-radial era; user rule: non-radial 실험은 전부 삭제 | metrics=RMSE=1.1047, AbsRel=0.4440, δ1=0.4944"
logs/summary_test/exp112_foa_lr5e4_dw1.0_fw0.1_hw0.1_freeze10_test.log,log,pre-radial era artifact for exp112,,no,"pre-radial era; user rule: non-radial 실험은 전부 삭제 | metrics=RMSE=1.1047, AbsRel=0.4440, δ1=0.4944"
checkpoints/unet_256_soundspaces_BS32_Lr0.001_AdamW_exp221_n3mssh_lr1e3_lsh0.5,checkpoint,pre-radial era artifact for exp221,,no,"pre-radial era; user rule: non-radial 실험은 전부 삭제 | metrics=RMSE=1.1052, AbsRel=0.4351, δ1=0.4941"
results/unet_256_soundspaces_BS32_Lr0.001_AdamW_exp221_n3mssh_lr1e3_lsh0.5,result,pre-radial era artifact for exp221,,no,"pre-radial era; user rule: non-radial 실험은 전부 삭제 | metrics=RMSE=1.1052, AbsRel=0.4351, δ1=0.4941"
logs/n3_train/exp221_n3mssh_lr1e3_lsh0.5.log,log,pre-radial era artifact for exp221,,no,"pre-radial era; user rule: non-radial 실험은 전부 삭제 | metrics=RMSE=1.1052, AbsRel=0.4351, δ1=0.4941"
logs/n3_test/exp221_n3mssh_lr1e3_lsh0.5_test.log,log,pre-radial era artifact for exp221,,no,"pre-radial era; user rule: non-radial 실험은 전부 삭제 | metrics=RMSE=1.1052, AbsRel=0.4351, δ1=0.4941"
logs/summary_train/exp08_vit_lr1e4_bs16.log,log,pre-radial era artifact for exp08,,no,"pre-radial era; user rule: non-radial 실험은 전부 삭제 | metrics=RMSE=1.1055, AbsRel=0.5163, δ1=0.4805"
logs/summary_test/exp08_vit_lr1e4_bs16_test.log,log,pre-radial era artifact for exp08,,no,"pre-radial era; user rule: non-radial 실험은 전부 삭제 | metrics=RMSE=1.1055, AbsRel=0.5163, δ1=0.4805"
results/unet_256_soundspaces_BS128_Lr0.001_AdamW_exp194_n2_tenergy_lr1e3_lsh0.3,result,pre-radial era artifact for exp194,,no,"pre-radial era; user rule: non-radial 실험은 전부 삭제 | metrics=RMSE=1.1056, AbsRel=0.4736, δ1=0.4950"
logs/n2_train/exp194_n2_tenergy_lr1e3_lsh0.3.log,log,pre-radial era artifact for exp194,,no,"pre-radial era; user rule: non-radial 실험은 전부 삭제 | metrics=RMSE=1.1056, AbsRel=0.4736, δ1=0.4950"
logs/n2_test/exp194_n2_tenergy_lr1e3_lsh0.3_test.log,log,pre-radial era artifact for exp194,,no,"pre-radial era; user rule: non-radial 실험은 전부 삭제 | metrics=RMSE=1.1056, AbsRel=0.4736, δ1=0.4950"
logs/summary_train/exp26_msattn_lr1e3_fw0.1.log,log,pre-radial era artifact for exp26,,no,"pre-radial era; user rule: non-radial 실험은 전부 삭제 | metrics=RMSE=1.1056, AbsRel=0.4410, δ1=0.4955"
logs/summary_test/exp26_msattn_lr1e3_fw0.1_test.log,log,pre-radial era artifact for exp26,,no,"pre-radial era; user rule: non-radial 실험은 전부 삭제 | metrics=RMSE=1.1056, AbsRel=0.4410, δ1=0.4955"
logs/summary_train/exp38_foa_lr1e4_dw1.0_fw0.1_hw0.1.log,log,pre-radial era artifact for exp38,,no,"pre-radial era; user rule: non-radial 실험은 전부 삭제 | metrics=RMSE=1.1058, AbsRel=0.4441, δ1=0.4878"
logs/summary_test/exp38_foa_lr1e4_dw1.0_fw0.1_hw0.1_test.log,log,pre-radial era artifact for exp38,,no,"pre-radial era; user rule: non-radial 실험은 전부 삭제 | metrics=RMSE=1.1058, AbsRel=0.4441, δ1=0.4878"
logs/summary_train/exp54_foa_lr1e4_dw1.0_fw0.2_hw0.1.log,log,pre-radial era artifact for exp54,,no,"pre-radial era; user rule: non-radial 실험은 전부 삭제 | metrics=RMSE=1.1059, AbsRel=0.4716, δ1=0.4968"
logs/summary_test/exp54_foa_lr1e4_dw1.0_fw0.2_hw0.1_test.log,log,pre-radial era artifact for exp54,,no,"pre-radial era; user rule: non-radial 실험은 전부 삭제 | metrics=RMSE=1.1059, AbsRel=0.4716, δ1=0.4968"
logs/summary_train/exp11_echodiff_lr1e4_bs32.log,log,pre-radial era artifact for exp11,,no,"pre-radial era; user rule: non-radial 실험은 전부 삭제 | metrics=RMSE=1.1060, AbsRel=0.4300, δ1=0.4876"
logs/summary_test/exp11_echodiff_lr1e4_bs32_test.log,log,pre-radial era artifact for exp11,,no,"pre-radial era; user rule: non-radial 실험은 전부 삭제 | metrics=RMSE=1.1060, AbsRel=0.4300, δ1=0.4876"
logs/summary_train/exp123_echodiff_wav2vec_lr1e4_bs32.log,log,pre-radial era artifact for exp123,,no,"pre-radial era; user rule: non-radial 실험은 전부 삭제 | metrics=RMSE=1.1062, AbsRel=0.4214, δ1=0.4884"
logs/summary_test/exp123_echodiff_wav2vec_lr1e4_bs32_test.log,log,pre-radial era artifact for exp123,,no,"pre-radial era; user rule: non-radial 실험은 전부 삭제 | metrics=RMSE=1.1062, AbsRel=0.4214, δ1=0.4884"
results/unet_256_soundspaces_BS128_Lr0.0005_AdamW_exp185_v1base_lr5e4_lsh0.1,result,pre-radial era artifact for exp185,,no,"pre-radial era; user rule: non-radial 실험은 전부 삭제 | metrics=RMSE=1.1068, AbsRel=0.4772, δ1=0.4802"
logs/summary_train/exp185_v1base_lr5e4_lsh0.1.log,log,pre-radial era artifact for exp185,,no,"pre-radial era; user rule: non-radial 실험은 전부 삭제 | metrics=RMSE=1.1068, AbsRel=0.4772, δ1=0.4802"
logs/summary_test/exp185_v1base_lr5e4_lsh0.1_test.log,log,pre-radial era artifact for exp185,,no,"pre-radial era; user rule: non-radial 실험은 전부 삭제 | metrics=RMSE=1.1068, AbsRel=0.4772, δ1=0.4802"
logs/summary_train/exp108_foa_lr5e4_dw2.0_fw0.1_hw0.1.log,log,pre-radial era artifact for exp108,,no,"pre-radial era; user rule: non-radial 실험은 전부 삭제 | metrics=RMSE=1.1069, AbsRel=0.5068, δ1=0.4916"
logs/summary_test/exp108_foa_lr5e4_dw2.0_fw0.1_hw0.1_test.log,log,pre-radial era artifact for exp108,,no,"pre-radial era; user rule: non-radial 실험은 전부 삭제 | metrics=RMSE=1.1069, AbsRel=0.5068, δ1=0.4916"
logs/summary_train/exp95_channelattn_lr1e3_fw0.3_kl0.01.log,log,pre-radial era artifact for exp95,,no,"pre-radial era; user rule: non-radial 실험은 전부 삭제 | metrics=RMSE=1.1071, AbsRel=0.4590, δ1=0.4904"
logs/summary_test/exp95_channelattn_lr1e3_fw0.3_kl0.01_test.log,log,pre-radial era artifact for exp95,,no,"pre-radial era; user rule: non-radial 실험은 전부 삭제 | metrics=RMSE=1.1071, AbsRel=0.4590, δ1=0.4904"
results/pretrained_vit_foa_v4_soundspaces_BS16_Lr5e-05_AdamW_exp167_pvitfoav4_lr5e5_w0.3,result,pre-radial era artifact for exp167,,no,"pre-radial era; user rule: non-radial 실험은 전부 삭제 | metrics=RMSE=1.1073, AbsRel=0.4612, δ1=0.4983"
results/unet_256_soundspaces_BS32_Lr0.0005_AdamW_exp167_n3film_lr5e4_lsh0.1,result,pre-radial era artifact for exp167,,no,"pre-radial era; user rule: non-radial 실험은 전부 삭제 | metrics=RMSE=1.1073, AbsRel=0.4612, δ1=0.4983"
logs/summary_train/exp167_n3film_lr5e4_lsh0.1.log,log,pre-radial era artifact for exp167,,no,"pre-radial era; user rule: non-radial 실험은 전부 삭제 | metrics=RMSE=1.1073, AbsRel=0.4612, δ1=0.4983"
logs/summary_test/exp167_n3film_lr5e4_lsh0.1_test.log,log,pre-radial era artifact for exp167,,no,"pre-radial era; user rule: non-radial 실험은 전부 삭제 | metrics=RMSE=1.1073, AbsRel=0.4612, δ1=0.4983"
logs/summary_train/exp33_channelattn_lr1e4_fw0.1.log,log,pre-radial era artifact for exp33,,no,"pre-radial era; user rule: non-radial 실험은 전부 삭제 | metrics=RMSE=1.1074, AbsRel=0.4339, δ1=0.4974"
logs/summary_test/exp33_channelattn_lr1e4_fw0.1_test.log,log,pre-radial era artifact for exp33,,no,"pre-radial era; user rule: non-radial 실험은 전부 삭제 | metrics=RMSE=1.1074, AbsRel=0.4339, δ1=0.4974"
logs/summary_train/exp04_baseline_lr1e3_bs16.log,log,pre-radial era artifact for exp04,,no,"pre-radial era; user rule: non-radial 실험은 전부 삭제 | metrics=RMSE=1.1076, AbsRel=0.4300, δ1=0.4882"
logs/summary_test/exp04_baseline_lr1e3_bs16_test.log,log,pre-radial era artifact for exp04,,no,"pre-radial era; user rule: non-radial 실험은 전부 삭제 | metrics=RMSE=1.1076, AbsRel=0.4300, δ1=0.4882"
logs/summary_train/exp79_crossattn_lr5e4_fw0.1_hw0.2_kl0.01.log,log,pre-radial era artifact for exp79,,no,"pre-radial era; user rule: non-radial 실험은 전부 삭제 | metrics=RMSE=1.1085, AbsRel=0.4519, δ1=0.4903"
logs/summary_test/exp79_crossattn_lr5e4_fw0.1_hw0.2_kl0.01_test.log,log,pre-radial era artifact for exp79,,no,"pre-radial era; user rule: non-radial 실험은 전부 삭제 | metrics=RMSE=1.1085, AbsRel=0.4519, δ1=0.4903"
logs/summary_train/exp93_channelattn_lr1e3_fw0.05_kl0.01.log,log,pre-radial era artifact for exp93,,no,"pre-radial era; user rule: non-radial 실험은 전부 삭제 | metrics=RMSE=1.1097, AbsRel=0.4754, δ1=0.4915"
logs/summary_test/exp93_channelattn_lr1e3_fw0.05_kl0.01_test.log,log,pre-radial era artifact for exp93,,no,"pre-radial era; user rule: non-radial 실험은 전부 삭제 | metrics=RMSE=1.1097, AbsRel=0.4754, δ1=0.4915"
logs/summary_train/exp37_foa_lr5e4_dw1.0_fw0.1_hw0.1.log,log,pre-radial era artifact for exp37,,no,"pre-radial era; user rule: non-radial 실험은 전부 삭제 | metrics=RMSE=1.1102, AbsRel=0.4520, δ1=0.4753"
logs/summary_test/exp37_foa_lr5e4_dw1.0_fw0.1_hw0.1_test.log,log,pre-radial era artifact for exp37,,no,"pre-radial era; user rule: non-radial 실험은 전부 삭제 | metrics=RMSE=1.1102, AbsRel=0.4520, δ1=0.4753"
results/unet_256_soundspaces_BS32_Lr0.001_AdamW_exp171_n3mssh_lr1e3_lsh0.3,result,pre-radial era artifact for exp171,,no,"pre-radial era; user rule: non-radial 실험은 전부 삭제 | metrics=RMSE=1.1104, AbsRel=0.4218, δ1=0.4823"
logs/summary_train/exp171_n3mssh_lr1e3_lsh0.3.log,log,pre-radial era artifact for exp171,,no,"pre-radial era; user rule: non-radial 실험은 전부 삭제 | metrics=RMSE=1.1104, AbsRel=0.4218, δ1=0.4823"
logs/summary_test/exp171_n3mssh_lr1e3_lsh0.3_test.log,log,pre-radial era artifact for exp171,,no,"pre-radial era; user rule: non-radial 실험은 전부 삭제 | metrics=RMSE=1.1104, AbsRel=0.4218, δ1=0.4823"
logs/summary_train/exp101_foa_lr1e3_fw0.1_hw0.15.log,log,pre-radial era artifact for exp101,,no,"pre-radial era; user rule: non-radial 실험은 전부 삭제 | metrics=RMSE=1.1116, AbsRel=0.4414, δ1=0.4831"
logs/summary_test/exp101_foa_lr1e3_fw0.1_hw0.15_test.log,log,pre-radial era artifact for exp101,,no,"pre-radial era; user rule: non-radial 실험은 전부 삭제 | metrics=RMSE=1.1116, AbsRel=0.4414, δ1=0.4831"
results/unet_256_soundspaces_BS128_Lr0.0005_AdamW_exp193_n2_tenergy_lr5e4_lsh0.1,result,pre-radial era artifact for exp193,,no,"pre-radial era; user rule: non-radial 실험은 전부 삭제 | metrics=RMSE=1.1121, AbsRel=0.4475, δ1=0.4923"
logs/n2_train/exp193_n2_tenergy_lr5e4_lsh0.1.log,log,pre-radial era artifact for exp193,,no,"pre-radial era; user rule: non-radial 실험은 전부 삭제 | metrics=RMSE=1.1121, AbsRel=0.4475, δ1=0.4923"
logs/n2_test/exp193_n2_tenergy_lr5e4_lsh0.1_test.log,log,pre-radial era artifact for exp193,,no,"pre-radial era; user rule: non-radial 실험은 전부 삭제 | metrics=RMSE=1.1121, AbsRel=0.4475, δ1=0.4923"
logs/summary_train/exp31_channelattn_lr1e3_fw0.1.log,log,pre-radial era artifact for exp31,,no,"pre-radial era; user rule: non-radial 실험은 전부 삭제 | metrics=RMSE=1.1121, AbsRel=0.4547, δ1=0.4804"
logs/summary_test/exp31_channelattn_lr1e3_fw0.1_test.log,log,pre-radial era artifact for exp31,,no,"pre-radial era; user rule: non-radial 실험은 전부 삭제 | metrics=RMSE=1.1121, AbsRel=0.4547, δ1=0.4804"
logs/summary_train/exp13_echodiff_lr1e4_bs16.log,log,pre-radial era artifact for exp13,,no,"pre-radial era; user rule: non-radial 실험은 전부 삭제 | metrics=RMSE=1.1134, AbsRel=0.4504, δ1=0.4930"
logs/summary_test/exp13_echodiff_lr1e4_bs16_test.log,log,pre-radial era artifact for exp13,,no,"pre-radial era; user rule: non-radial 실험은 전부 삭제 | metrics=RMSE=1.1134, AbsRel=0.4504, δ1=0.4930"
results/unet_256_soundspaces_BS128_Lr0.0005_AdamW_exp191_n2_trms_lr5e4_lsh0.1,result,pre-radial era artifact for exp191,,no,"pre-radial era; user rule: non-radial 실험은 전부 삭제 | metrics=RMSE=1.1136, AbsRel=0.4408, δ1=0.4984"
logs/n2_train/exp191_n2_trms_lr5e4_lsh0.1.log,log,pre-radial era artifact for exp191,,no,"pre-radial era; user rule: non-radial 실험은 전부 삭제 | metrics=RMSE=1.1136, AbsRel=0.4408, δ1=0.4984"
logs/n2_test/exp191_n2_trms_lr5e4_lsh0.1_test.log,log,pre-radial era artifact for exp191,,no,"pre-radial era; user rule: non-radial 실험은 전부 삭제 | metrics=RMSE=1.1136, AbsRel=0.4408, δ1=0.4984"
results/unet_256_soundspaces_BS32_Lr0.001_AdamW_exp168_n3film_lr1e3_lsh0.3,result,pre-radial era artifact for exp168,,no,"pre-radial era; user rule: non-radial 실험은 전부 삭제 | metrics=RMSE=1.1142, AbsRel=0.4434, δ1=0.4846"
logs/summary_train/exp168_n3film_lr1e3_lsh0.3.log,log,pre-radial era artifact for exp168,,no,"pre-radial era; user rule: non-radial 실험은 전부 삭제 | metrics=RMSE=1.1142, AbsRel=0.4434, δ1=0.4846"
logs/summary_test/exp168_n3film_lr1e3_lsh0.3_test.log,log,pre-radial era artifact for exp168,,no,"pre-radial era; user rule: non-radial 실험은 전부 삭제 | metrics=RMSE=1.1142, AbsRel=0.4434, δ1=0.4846"
logs/summary_test/exp66_echonet_lr1e3_bs8_test.log,log,pre-radial era artifact for exp66,,no,"pre-radial era; user rule: non-radial 실험은 전부 삭제 | metrics=RMSE=1.1156, AbsRel=0.4550, δ1=0.4778"
checkpoints/unet_256_soundspaces_BS32_Lr0.001_AdamW_exp223_n3mssh_lr1e3_lsh0.2,checkpoint,pre-radial era artifact for exp223,,no,"pre-radial era; user rule: non-radial 실험은 전부 삭제 | metrics=RMSE=1.1161, AbsRel=0.4171, δ1=0.4904"
results/unet_256_soundspaces_BS32_Lr0.001_AdamW_exp223_n3mssh_lr1e3_lsh0.2,result,pre-radial era artifact for exp223,,no,"pre-radial era; user rule: non-radial 실험은 전부 삭제 | metrics=RMSE=1.1161, AbsRel=0.4171, δ1=0.4904"
logs/n3_train/exp223_n3mssh_lr1e3_lsh0.2.log,log,pre-radial era artifact for exp223,,no,"pre-radial era; user rule: non-radial 실험은 전부 삭제 | metrics=RMSE=1.1161, AbsRel=0.4171, δ1=0.4904"
logs/n3_test/exp223_n3mssh_lr1e3_lsh0.2_test.log,log,pre-radial era artifact for exp223,,no,"pre-radial era; user rule: non-radial 실험은 전부 삭제 | metrics=RMSE=1.1161, AbsRel=0.4171, δ1=0.4904"
logs/summary_train/exp63_vit_lr5e4_bs16.log,log,pre-radial era artifact for exp63,,no,"pre-radial era; user rule: non-radial 실험은 전부 삭제 | metrics=RMSE=1.1168, AbsRel=0.4578, δ1=0.4733"
logs/summary_test/exp63_vit_lr5e4_bs16_test.log,log,pre-radial era artifact for exp63,,no,"pre-radial era; user rule: non-radial 실험은 전부 삭제 | metrics=RMSE=1.1168, AbsRel=0.4578, δ1=0.4733"
logs/summary_train/exp10_vit_lr1e5_bs32.log,log,pre-radial era artifact for exp10,,no,"pre-radial era; user rule: non-radial 실험은 전부 삭제 | metrics=RMSE=1.1170, AbsRel=0.4720, δ1=0.4812"
logs/summary_test/exp10_vit_lr1e5_bs32_test.log,log,pre-radial era artifact for exp10,,no,"pre-radial era; user rule: non-radial 실험은 전부 삭제 | metrics=RMSE=1.1170, AbsRel=0.4720, δ1=0.4812"
logs/summary_train/exp07_vit_lr5e5_bs32.log,log,pre-radial era artifact for exp07,,no,"pre-radial era; user rule: non-radial 실험은 전부 삭제 | metrics=RMSE=1.1174, AbsRel=0.4755, δ1=0.4731"
logs/summary_test/exp07_vit_lr5e5_bs32_test.log,log,pre-radial era artifact for exp07,,no,"pre-radial era; user rule: non-radial 실험은 전부 삭제 | metrics=RMSE=1.1174, AbsRel=0.4755, δ1=0.4731"
logs/summary_train/exp12_echodiff_lr5e5_bs32.log,log,pre-radial era artifact for exp12,,no,"pre-radial era; user rule: non-radial 실험은 전부 삭제 | metrics=RMSE=1.1208, AbsRel=0.4914, δ1=0.4816"
logs/summary_test/exp12_echodiff_lr5e5_bs32_test.log,log,pre-radial era artifact for exp12,,no,"pre-radial era; user rule: non-radial 실험은 전부 삭제 | metrics=RMSE=1.1208, AbsRel=0.4914, δ1=0.4816"
results/unet_256_soundspaces_BS128_Lr0.001_AdamW_exp190_n2_trms_lr1e3_lsh0.1,result,pre-radial era artifact for exp190,,no,"pre-radial era; user rule: non-radial 실험은 전부 삭제 | metrics=RMSE=1.1231, AbsRel=0.4370, δ1=0.4868"
logs/n2_train/exp190_n2_trms_lr1e3_lsh0.1.log,log,pre-radial era artifact for exp190,,no,"pre-radial era; user rule: non-radial 실험은 전부 삭제 | metrics=RMSE=1.1231, AbsRel=0.4370, δ1=0.4868"
logs/n2_test/exp190_n2_trms_lr1e3_lsh0.1_test.log,log,pre-radial era artifact for exp190,,no,"pre-radial era; user rule: non-radial 실험은 전부 삭제 | metrics=RMSE=1.1231, AbsRel=0.4370, δ1=0.4868"
logs/summary_train/exp06_vit_lr1e4_bs32.log,log,pre-radial era artifact for exp06,,no,"pre-radial era; user rule: non-radial 실험은 전부 삭제 | metrics=RMSE=1.1265, AbsRel=0.4770, δ1=0.4705"
logs/summary_test/exp06_vit_lr1e4_bs32_test.log,log,pre-radial era artifact for exp06,,no,"pre-radial era; user rule: non-radial 실험은 전부 삭제 | metrics=RMSE=1.1265, AbsRel=0.4770, δ1=0.4705"
logs/summary_train/exp15_echodiff_lr1e5_bs32.log,log,pre-radial era artifact for exp15,,no,"pre-radial era; user rule: non-radial 실험은 전부 삭제 | metrics=RMSE=1.1300, AbsRel=0.4708, δ1=0.4728"
logs/summary_test/exp15_echodiff_lr1e5_bs32_test.log,log,pre-radial era artifact for exp15,,no,"pre-radial era; user rule: non-radial 실험은 전부 삭제 | metrics=RMSE=1.1300, AbsRel=0.4708, δ1=0.4728"
logs/summary_train/exp70_echonet_lr2e3_bs16.log,log,pre-radial era artifact for exp70,,no,"pre-radial era; user rule: non-radial 실험은 전부 삭제 | metrics=RMSE=1.1398, AbsRel=0.4782, δ1=0.4343"
logs/summary_test/exp70_echonet_lr2e3_bs16_test.log,log,pre-radial era artifact for exp70,,no,"pre-radial era; user rule: non-radial 실험은 전부 삭제 | metrics=RMSE=1.1398, AbsRel=0.4782, δ1=0.4343"
results/unet_256_soundspaces_BS32_Lr0.001_AdamW_exp177_n3twin_lr1e3_lsh0.3,result,pre-radial era artifact for exp177,,no,"pre-radial era; user rule: non-radial 실험은 전부 삭제 | metrics=RMSE=1.1442, AbsRel=0.5449, δ1=0.4529"
logs/summary_train/exp177_n3twin_lr1e3_lsh0.3.log,log,pre-radial era artifact for exp177,,no,"pre-radial era; user rule: non-radial 실험은 전부 삭제 | metrics=RMSE=1.1442, AbsRel=0.5449, δ1=0.4529"
logs/summary_test/exp177_n3twin_lr1e3_lsh0.3_test.log,log,pre-radial era artifact for exp177,,no,"pre-radial era; user rule: non-radial 실험은 전부 삭제 | metrics=RMSE=1.1442, AbsRel=0.5449, δ1=0.4529"
logs/summary_train/exp59_foav2_lr1e3_dw1.0_fw0.2_hw0.1.log,log,pre-radial era artifact for exp59,,no,"pre-radial era; user rule: non-radial 실험은 전부 삭제 | metrics=RMSE=1.1444, AbsRel=0.5454, δ1=0.4480"
logs/summary_train/exp59_resnet_lr1e4_bs16.log,log,pre-radial era artifact for exp59,,no,"pre-radial era; user rule: non-radial 실험은 전부 삭제 | metrics=RMSE=1.1444, AbsRel=0.5454, δ1=0.4480"
logs/summary_test/exp59_foav2_lr1e3_dw1.0_fw0.2_hw0.1_test.log,log,pre-radial era artifact for exp59,,no,"pre-radial era; user rule: non-radial 실험은 전부 삭제 | metrics=RMSE=1.1444, AbsRel=0.5454, δ1=0.4480"
logs/summary_test/exp59_resnet_lr1e4_bs16_test.log,log,pre-radial era artifact for exp59,,no,"pre-radial era; user rule: non-radial 실험은 전부 삭제 | metrics=RMSE=1.1444, AbsRel=0.5454, δ1=0.4480"
logs/summary_train/exp57_foav2_lr5e4_dw1.0_fw0.1_hw0.1.log,log,pre-radial era artifact for exp57,,no,"pre-radial era; user rule: non-radial 실험은 전부 삭제 | metrics=RMSE=1.1506, AbsRel=0.5341, δ1=0.4697"
logs/summary_train/exp57_resnet_lr5e5_bs32.log,log,pre-radial era artifact for exp57,,no,"pre-radial era; user rule: non-radial 실험은 전부 삭제 | metrics=RMSE=1.1506, AbsRel=0.5341, δ1=0.4697"
logs/summary_test/exp57_foav2_lr5e4_dw1.0_fw0.1_hw0.1_test.log,log,pre-radial era artifact for exp57,,no,"pre-radial era; user rule: non-radial 실험은 전부 삭제 | metrics=RMSE=1.1506, AbsRel=0.5341, δ1=0.4697"
logs/summary_test/exp57_resnet_lr5e5_bs32_test.log,log,pre-radial era artifact for exp57,,no,"pre-radial era; user rule: non-radial 실험은 전부 삭제 | metrics=RMSE=1.1506, AbsRel=0.5341, δ1=0.4697"
checkpoints/pretrained_resnet_soundspaces_BS32_Lr0.0003_AdamW_exp60_resnet_lr3e4_bs32,checkpoint,pre-radial era artifact for exp60,,no,"pre-radial era; user rule: non-radial 실험은 전부 삭제 | metrics=RMSE=1.1515, AbsRel=0.4977, δ1=0.4587"
checkpoints/unet_256_soundspaces_BS32_Lr0.0005_AdamW_exp60_foav2_lr5e4_dw1.0_fw0.2_hw0.2,checkpoint,pre-radial era artifact for exp60,,no,"pre-radial era; user rule: non-radial 실험은 전부 삭제 | metrics=RMSE=1.1515, AbsRel=0.4977, δ1=0.4587"
results/pretrained_resnet_soundspaces_BS32_Lr0.0003_AdamW_exp60_resnet_lr3e4_bs32,result,pre-radial era artifact for exp60,,no,"pre-radial era; user rule: non-radial 실험은 전부 삭제 | metrics=RMSE=1.1515, AbsRel=0.4977, δ1=0.4587"
results/unet_256_soundspaces_BS32_Lr0.0005_AdamW_exp60_foav2_lr5e4_dw1.0_fw0.2_hw0.2,result,pre-radial era artifact for exp60,,no,"pre-radial era; user rule: non-radial 실험은 전부 삭제 | metrics=RMSE=1.1515, AbsRel=0.4977, δ1=0.4587"
logs/summary_train/exp60_foav2_lr5e4_dw1.0_fw0.2_hw0.2.log,log,pre-radial era artifact for exp60,,no,"pre-radial era; user rule: non-radial 실험은 전부 삭제 | metrics=RMSE=1.1515, AbsRel=0.4977, δ1=0.4587"
logs/summary_train/exp60_resnet_lr3e4_bs32.log,log,pre-radial era artifact for exp60,,no,"pre-radial era; user rule: non-radial 실험은 전부 삭제 | metrics=RMSE=1.1515, AbsRel=0.4977, δ1=0.4587"
logs/summary_test/exp60_foav2_lr5e4_dw1.0_fw0.2_hw0.2_test.log,log,pre-radial era artifact for exp60,,no,"pre-radial era; user rule: non-radial 실험은 전부 삭제 | metrics=RMSE=1.1515, AbsRel=0.4977, δ1=0.4587"
logs/summary_test/exp60_resnet_lr3e4_bs32_test.log,log,pre-radial era artifact for exp60,,no,"pre-radial era; user rule: non-radial 실험은 전부 삭제 | metrics=RMSE=1.1515, AbsRel=0.4977, δ1=0.4587"
logs/summary_train/exp56_foav2_lr1e3_dw1.0_fw0.1_hw0.1.log,log,pre-radial era artifact for exp56,,no,"pre-radial era; user rule: non-radial 실험은 전부 삭제 | metrics=RMSE=1.1810, AbsRel=0.5063, δ1=0.4402"
logs/summary_train/exp56_resnet_lr1e4_bs32.log,log,pre-radial era artifact for exp56,,no,"pre-radial era; user rule: non-radial 실험은 전부 삭제 | metrics=RMSE=1.1810, AbsRel=0.5063, δ1=0.4402"
logs/summary_test/exp56_foav2_lr1e3_dw1.0_fw0.1_hw0.1_test.log,log,pre-radial era artifact for exp56,,no,"pre-radial era; user rule: non-radial 실험은 전부 삭제 | metrics=RMSE=1.1810, AbsRel=0.5063, δ1=0.4402"
logs/summary_test/exp56_resnet_lr1e4_bs32_test.log,log,pre-radial era artifact for exp56,,no,"pre-radial era; user rule: non-radial 실험은 전부 삭제 | metrics=RMSE=1.1810, AbsRel=0.5063, δ1=0.4402"
checkpoints/echonet_soundspaces_BS16_Lr0.001_AdamW_exp69_echonet_lr1e3_bs16,checkpoint,pre-radial era artifact for exp69,,no,"pre-radial era; user rule: non-radial 실험은 전부 삭제 | metrics=RMSE=1.1852, AbsRel=0.5718, δ1=0.4039"
results/echonet_soundspaces_BS16_Lr0.001_AdamW_exp69_echonet_lr1e3_bs16,result,pre-radial era artifact for exp69,,no,"pre-radial era; user rule: non-radial 실험은 전부 삭제 | metrics=RMSE=1.1852, AbsRel=0.5718, δ1=0.4039"
logs/summary_test/exp69_echonet_lr1e3_bs16_test.log,log,pre-radial era artifact for exp69,,no,"pre-radial era; user rule: non-radial 실험은 전부 삭제 | metrics=RMSE=1.1852, AbsRel=0.5718, δ1=0.4039"
logs/summary_train/exp09_vit_lr5e4_bs32.log,log,pre-radial era artifact for exp09,,no,"pre-radial era; user rule: non-radial 실험은 전부 삭제 | metrics=RMSE=1.1985, AbsRel=0.5593, δ1=0.4443"
logs/summary_test/exp09_vit_lr5e4_bs32_test.log,log,pre-radial era artifact for exp09,,no,"pre-radial era; user rule: non-radial 실험은 전부 삭제 | metrics=RMSE=1.1985, AbsRel=0.5593, δ1=0.4443"
logs/summary_train/exp58_foav2_lr1e4_dw1.0_fw0.1_hw0.1.log,log,pre-radial era artifact for exp58,,no,"pre-radial era; user rule: non-radial 실험은 전부 삭제 | metrics=RMSE=1.2014, AbsRel=0.4929, δ1=0.4467"
logs/summary_train/exp58_resnet_lr5e4_bs32.log,log,pre-radial era artifact for exp58,,no,"pre-radial era; user rule: non-radial 실험은 전부 삭제 | metrics=RMSE=1.2014, AbsRel=0.4929, δ1=0.4467"
logs/summary_test/exp58_foav2_lr1e4_dw1.0_fw0.1_hw0.1_test.log,log,pre-radial era artifact for exp58,,no,"pre-radial era; user rule: non-radial 실험은 전부 삭제 | metrics=RMSE=1.2014, AbsRel=0.4929, δ1=0.4467"
logs/summary_test/exp58_resnet_lr5e4_bs32_test.log,log,pre-radial era artifact for exp58,,no,"pre-radial era; user rule: non-radial 실험은 전부 삭제 | metrics=RMSE=1.2014, AbsRel=0.4929, δ1=0.4467"
results/unet_256_soundspaces_BS32_Lr0.0005_AdamW_exp176_n3twin_lr5e4_lsh0.1,result,pre-radial era artifact for exp176,,no,"pre-radial era; user rule: non-radial 실험은 전부 삭제 | metrics=RMSE=1.2022, AbsRel=0.5430, δ1=0.4583"
logs/summary_train/exp176_n3twin_lr5e4_lsh0.1.log,log,pre-radial era artifact for exp176,,no,"pre-radial era; user rule: non-radial 실험은 전부 삭제 | metrics=RMSE=1.2022, AbsRel=0.5430, δ1=0.4583"
logs/summary_test/exp176_n3twin_lr5e4_lsh0.1_test.log,log,pre-radial era artifact for exp176,,no,"pre-radial era; user rule: non-radial 실험은 전부 삭제 | metrics=RMSE=1.2022, AbsRel=0.5430, δ1=0.4583"
results/pretrained_vit_foa_soundspaces_BS16_Lr5e-05_AdamW_exp163_pvitfoa_lr5e5_lsh0.5,result,pre-radial era artifact for exp163,,no,"pre-radial era; user rule: non-radial 실험은 전부 삭제 | metrics=RMSE=1.2099, AbsRel=0.5089, δ1=0.4388"
results/unet_256_soundspaces_BS32_Lr0.001_AdamW_exp175_n3twin_lr1e3_lsh0.1,result,pre-radial era artifact for exp175,,no,"pre-radial era; user rule: non-radial 실험은 전부 삭제 | metrics=RMSE=1.2325, AbsRel=0.5477, δ1=0.4514"
logs/summary_train/exp175_n3twin_lr1e3_lsh0.1.log,log,pre-radial era artifact for exp175,,no,"pre-radial era; user rule: non-radial 실험은 전부 삭제 | metrics=RMSE=1.2325, AbsRel=0.5477, δ1=0.4514"
logs/summary_test/exp175_n3twin_lr1e3_lsh0.1_test.log,log,pre-radial era artifact for exp175,,no,"pre-radial era; user rule: non-radial 실험은 전부 삭제 | metrics=RMSE=1.2325, AbsRel=0.5477, δ1=0.4514"
results/unet_256_soundspaces_BS128_Lr0.0005_AdamW_exp182_oracle_nc1_lr5e4_lsh0.1,result,pre-radial era artifact for exp182,,no,"pre-radial era; user rule: non-radial 실험은 전부 삭제 | metrics=RMSE=1.2396, AbsRel=0.5352, δ1=0.4173"
results/unet_256_soundspaces_BS32_Lr0.0005_AdamW_exp182_oracle_nc1_lr5e4_lsh0.1,result,pre-radial era artifact for exp182,,no,"pre-radial era; user rule: non-radial 실험은 전부 삭제 | metrics=RMSE=1.2396, AbsRel=0.5352, δ1=0.4173"
logs/summary_train/exp182_oracle_nc1_lr5e4_lsh0.1.log,log,pre-radial era artifact for exp182,,no,"pre-radial era; user rule: non-radial 실험은 전부 삭제 | metrics=RMSE=1.2396, AbsRel=0.5352, δ1=0.4173"
logs/summary_test/exp182_oracle_nc1_lr5e4_lsh0.1_test.log,log,pre-radial era artifact for exp182,,no,"pre-radial era; user rule: non-radial 실험은 전부 삭제 | metrics=RMSE=1.2396, AbsRel=0.5352, δ1=0.4173"
results/unet_256_soundspaces_BS128_Lr0.001_AdamW_exp183_oracle_nc1_lr1e3_lsh0.3,result,pre-radial era artifact for exp183,,no,"pre-radial era; user rule: non-radial 실험은 전부 삭제 | metrics=RMSE=1.2596, AbsRel=0.5500, δ1=0.4152"
logs/summary_train/exp183_oracle_nc1_lr1e3_lsh0.3.log,log,pre-radial era artifact for exp183,,no,"pre-radial era; user rule: non-radial 실험은 전부 삭제 | metrics=RMSE=1.2596, AbsRel=0.5500, δ1=0.4152"
logs/summary_test/exp183_oracle_nc1_lr1e3_lsh0.3_test.log,log,pre-radial era artifact for exp183,,no,"pre-radial era; user rule: non-radial 실험은 전부 삭제 | metrics=RMSE=1.2596, AbsRel=0.5500, δ1=0.4152"
results/unet_256_soundspaces_BS128_Lr0.001_AdamW_exp181_oracle_nc1_lr1e3_lsh0.1,result,pre-radial era artifact for exp181,,no,"pre-radial era; user rule: non-radial 실험은 전부 삭제 | metrics=RMSE=1.2620, AbsRel=0.5152, δ1=0.4103"
results/unet_256_soundspaces_BS32_Lr0.001_AdamW_exp181_oracle_nc1_lr1e3_lsh0.1,result,pre-radial era artifact for exp181,,no,"pre-radial era; user rule: non-radial 실험은 전부 삭제 | metrics=RMSE=1.2620, AbsRel=0.5152, δ1=0.4103"
logs/summary_train/exp181_oracle_nc1_lr1e3_lsh0.1.log,log,pre-radial era artifact for exp181,,no,"pre-radial era; user rule: non-radial 실험은 전부 삭제 | metrics=RMSE=1.2620, AbsRel=0.5152, δ1=0.4103"
logs/summary_test/exp181_oracle_nc1_lr1e3_lsh0.1_test.log,log,pre-radial era artifact for exp181,,no,"pre-radial era; user rule: non-radial 실험은 전부 삭제 | metrics=RMSE=1.2620, AbsRel=0.5152, δ1=0.4103"
logs/summary_test/exp68_echonet_lr1e4_bs16_test.log,log,pre-radial era artifact for exp68,,no,"pre-radial era; user rule: non-radial 실험은 전부 삭제 | metrics=RMSE=1.5988, AbsRel=0.6347, δ1=0.1621"
logs/summary_test/exp67_echonet_lr5e4_bs16_test.log,log,pre-radial era artifact for exp67,,no,"pre-radial era; user rule: non-radial 실험은 전부 삭제 | metrics=RMSE=1.7018, AbsRel=1.0335, δ1=0.2152"
checkpoints/unet_256_soundspaces_BS16_Lr0.0005_AdamW_exp350_baseline_lr5e4_bs16,checkpoint,pre-radial era artifact for exp350,,no,"pre-radial era; user rule: non-radial 실험은 전부 삭제 | metrics=RMSE=1.2337, AbsRel=0.4486, δ1=0.4952, δ2=0.7116, δ3=0.8329, …"
checkpoints/unet_256_soundspaces_BS16_Lr0.001_AdamW_exp350_baseline_lr1e3_bs16,checkpoint,pre-radial era artifact for exp350,,no,"pre-radial era; user rule: non-radial 실험은 전부 삭제 | metrics=RMSE=1.2337, AbsRel=0.4486, δ1=0.4952, δ2=0.7116, δ3=0.8329, …"
checkpoints/unet_256_soundspaces_BS32_Lr0.001_AdamW_exp350_baseline_lr1e3_bs32,checkpoint,pre-radial era artifact for exp350,,no,"pre-radial era; user rule: non-radial 실험은 전부 삭제 | metrics=RMSE=1.2337, AbsRel=0.4486, δ1=0.4952, δ2=0.7116, δ3=0.8329, …"
results/unet_256_soundspaces_BS16_Lr0.0005_AdamW_exp350_baseline_lr5e4_bs16,result,pre-radial era artifact for exp350,,no,"pre-radial era; user rule: non-radial 실험은 전부 삭제 | metrics=RMSE=1.2337, AbsRel=0.4486, δ1=0.4952, δ2=0.7116, δ3=0.8329, …"
results/unet_256_soundspaces_BS16_Lr0.001_AdamW_exp350_baseline_lr1e3_bs16,result,pre-radial era artifact for exp350,,no,"pre-radial era; user rule: non-radial 실험은 전부 삭제 | metrics=RMSE=1.2337, AbsRel=0.4486, δ1=0.4952, δ2=0.7116, δ3=0.8329, …"
results/unet_256_soundspaces_BS32_Lr0.001_AdamW_exp350_baseline_lr1e3_bs32,result,pre-radial era artifact for exp350,,no,"pre-radial era; user rule: non-radial 실험은 전부 삭제 | metrics=RMSE=1.2337, AbsRel=0.4486, δ1=0.4952, δ2=0.7116, δ3=0.8329, …"
logs/n3_revisit_train/exp350_baseline_lr5e4_bs16.log,log,pre-radial era artifact for exp350,,no,"pre-radial era; user rule: non-radial 실험은 전부 삭제 | metrics=RMSE=1.2337, AbsRel=0.4486, δ1=0.4952, δ2=0.7116, δ3=0.8329, …"
logs/n2_revisit_test/exp350_baseline_lr1e3_bs32_test.log,log,pre-radial era artifact for exp350,,no,"pre-radial era; user rule: non-radial 실험은 전부 삭제 | metrics=RMSE=1.2337, AbsRel=0.4486, δ1=0.4952, δ2=0.7116, δ3=0.8329, …"
checkpoints/unet_256_soundspaces_BS16_Lr0.0005_AdamW_exp351_baseline_lr5e4_bs16,checkpoint,pre-radial era artifact for exp351,,no,"pre-radial era; user rule: non-radial 실험은 전부 삭제 | metrics=RMSE=1.2386, AbsRel=0.4573, δ1=0.4992, δ2=0.7108, δ3=0.8310, …"
checkpoints/unet_256_soundspaces_BS16_Lr0.001_AdamW_exp351_baseline_lr1e3_bs16,checkpoint,pre-radial era artifact for exp351,,no,"pre-radial era; user rule: non-radial 실험은 전부 삭제 | metrics=RMSE=1.2386, AbsRel=0.4573, δ1=0.4992, δ2=0.7108, δ3=0.8310, …"
checkpoints/unet_256_soundspaces_BS32_Lr0.0005_AdamW_exp351_baseline_lr5e4_bs32,checkpoint,pre-radial era artifact for exp351,,no,"pre-radial era; user rule: non-radial 실험은 전부 삭제 | metrics=RMSE=1.2386, AbsRel=0.4573, δ1=0.4992, δ2=0.7108, δ3=0.8310, …"
checkpoints/unet_256_soundspaces_BS32_Lr0.0005_AdamW_exp351_foav2_lr5e4_dw1.0_fw0.2_hw0.2,checkpoint,pre-radial era artifact for exp351,,no,"pre-radial era; user rule: non-radial 실험은 전부 삭제 | metrics=RMSE=1.2386, AbsRel=0.4573, δ1=0.4992, δ2=0.7108, δ3=0.8310, …"
results/unet_256_soundspaces_BS16_Lr0.0005_AdamW_exp351_baseline_lr5e4_bs16,result,pre-radial era artifact for exp351,,no,"pre-radial era; user rule: non-radial 실험은 전부 삭제 | metrics=RMSE=1.2386, AbsRel=0.4573, δ1=0.4992, δ2=0.7108, δ3=0.8310, …"
results/unet_256_soundspaces_BS16_Lr0.001_AdamW_exp351_baseline_lr1e3_bs16,result,pre-radial era artifact for exp351,,no,"pre-radial era; user rule: non-radial 실험은 전부 삭제 | metrics=RMSE=1.2386, AbsRel=0.4573, δ1=0.4992, δ2=0.7108, δ3=0.8310, …"
results/unet_256_soundspaces_BS32_Lr0.0005_AdamW_exp351_baseline_lr5e4_bs32,result,pre-radial era artifact for exp351,,no,"pre-radial era; user rule: non-radial 실험은 전부 삭제 | metrics=RMSE=1.2386, AbsRel=0.4573, δ1=0.4992, δ2=0.7108, δ3=0.8310, …"
results/unet_256_soundspaces_BS32_Lr0.0005_AdamW_exp351_foav2_lr5e4_dw1.0_fw0.2_hw0.2,result,pre-radial era artifact for exp351,,no,"pre-radial era; user rule: non-radial 실험은 전부 삭제 | metrics=RMSE=1.2386, AbsRel=0.4573, δ1=0.4992, δ2=0.7108, δ3=0.8310, …"
logs/n3_revisit_train/exp351_foav2_lr5e4_dw1.0_fw0.2_hw0.2.log,log,pre-radial era artifact for exp351,,no,"pre-radial era; user rule: non-radial 실험은 전부 삭제 | metrics=RMSE=1.2386, AbsRel=0.4573, δ1=0.4992, δ2=0.7108, δ3=0.8310, …"
logs/n3_revisit_train/exp351_resnet_lr3e4_bs32.log,log,pre-radial era artifact for exp351,,no,"pre-radial era; user rule: non-radial 실험은 전부 삭제 | metrics=RMSE=1.2386, AbsRel=0.4573, δ1=0.4992, δ2=0.7108, δ3=0.8310, …"
logs/n2_revisit_test/exp351_baseline_lr5e4_bs32_test.log,log,pre-radial era artifact for exp351,,no,"pre-radial era; user rule: non-radial 실험은 전부 삭제 | metrics=RMSE=1.2386, AbsRel=0.4573, δ1=0.4992, δ2=0.7108, δ3=0.8310, …"
checkpoints/pretrained_resnet_soundspaces_BS32_Lr0.0003_AdamW_exp352_resnet_lr3e4_bs32,checkpoint,pre-radial era artifact for exp352,,no,"pre-radial era; user rule: non-radial 실험은 전부 삭제 | metrics=RMSE=1.2326, AbsRel=0.4703, δ1=0.4992, δ2=0.7099, δ3=0.8276, …"
checkpoints/unet_256_soundspaces_BS16_Lr0.0001_AdamW_exp352_baseline_lr1e4_bs16,checkpoint,pre-radial era artifact for exp352,,no,"pre-radial era; user rule: non-radial 실험은 전부 삭제 | metrics=RMSE=1.2326, AbsRel=0.4703, δ1=0.4992, δ2=0.7099, δ3=0.8276, …"
checkpoints/unet_256_soundspaces_BS32_Lr0.0001_AdamW_exp352_baseline_lr1e4_bs32,checkpoint,pre-radial era artifact for exp352,,no,"pre-radial era; user rule: non-radial 실험은 전부 삭제 | metrics=RMSE=1.2326, AbsRel=0.4703, δ1=0.4992, δ2=0.7099, δ3=0.8276, …"
results/pretrained_resnet_soundspaces_BS32_Lr0.0003_AdamW_exp352_resnet_lr3e4_bs32,result,pre-radial era artifact for exp352,,no,"pre-radial era; user rule: non-radial 실험은 전부 삭제 | metrics=RMSE=1.2326, AbsRel=0.4703, δ1=0.4992, δ2=0.7099, δ3=0.8276, …"
results/unet_256_soundspaces_BS16_Lr0.0001_AdamW_exp352_baseline_lr1e4_bs16,result,pre-radial era artifact for exp352,,no,"pre-radial era; user rule: non-radial 실험은 전부 삭제 | metrics=RMSE=1.2326, AbsRel=0.4703, δ1=0.4992, δ2=0.7099, δ3=0.8276, …"
results/unet_256_soundspaces_BS32_Lr0.0001_AdamW_exp352_baseline_lr1e4_bs32,result,pre-radial era artifact for exp352,,no,"pre-radial era; user rule: non-radial 실험은 전부 삭제 | metrics=RMSE=1.2326, AbsRel=0.4703, δ1=0.4992, δ2=0.7099, δ3=0.8276, …"
logs/n3_revisit_train/exp352_resnet_lr3e4_bs32.log,log,pre-radial era artifact for exp352,,no,"pre-radial era; user rule: non-radial 실험은 전부 삭제 | metrics=RMSE=1.2326, AbsRel=0.4703, δ1=0.4992, δ2=0.7099, δ3=0.8276, …"
logs/n3_revisit_train/exp352_vit_lr1e4_bs8.log,log,pre-radial era artifact for exp352,,no,"pre-radial era; user rule: non-radial 실험은 전부 삭제 | metrics=RMSE=1.2326, AbsRel=0.4703, δ1=0.4992, δ2=0.7099, δ3=0.8276, …"
logs/n2_revisit_test/exp352_baseline_lr1e4_bs32_test.log,log,pre-radial era artifact for exp352,,no,"pre-radial era; user rule: non-radial 실험은 전부 삭제 | metrics=RMSE=1.2326, AbsRel=0.4703, δ1=0.4992, δ2=0.7099, δ3=0.8276, …"
checkpoints/pretrained_vit_soundspaces_BS8_Lr0.0001_AdamW_exp353_vit_lr1e4_bs8,checkpoint,pre-radial era artifact for exp353,,no,"pre-radial era; user rule: non-radial 실험은 전부 삭제 | metrics=RMSE=1.2319, AbsRel=0.4666, δ1=0.4972, δ2=0.7103, δ3=0.8301, …"
checkpoints/unet_256_soundspaces_BS16_Lr0.001_AdamW_exp353_baseline_lr1e3_bs16,checkpoint,pre-radial era artifact for exp353,,no,"pre-radial era; user rule: non-radial 실험은 전부 삭제 | metrics=RMSE=1.2319, AbsRel=0.4666, δ1=0.4972, δ2=0.7103, δ3=0.8301, …"
checkpoints/unet_256_soundspaces_BS32_Lr0.0005_AdamW_exp353_baseline_lr5e4_bs32,checkpoint,pre-radial era artifact for exp353,,no,"pre-radial era; user rule: non-radial 실험은 전부 삭제 | metrics=RMSE=1.2319, AbsRel=0.4666, δ1=0.4972, δ2=0.7103, δ3=0.8301, …"
checkpoints/unet_256_soundspaces_BS8_Lr0.001_AdamW_exp353_baseline_lr1e3_bs8,checkpoint,pre-radial era artifact for exp353,,no,"pre-radial era; user rule: non-radial 실험은 전부 삭제 | metrics=RMSE=1.2319, AbsRel=0.4666, δ1=0.4972, δ2=0.7103, δ3=0.8301, …"
results/pretrained_vit_soundspaces_BS8_Lr0.0001_AdamW_exp353_vit_lr1e4_bs8,result,pre-radial era artifact for exp353,,no,"pre-radial era; user rule: non-radial 실험은 전부 삭제 | metrics=RMSE=1.2319, AbsRel=0.4666, δ1=0.4972, δ2=0.7103, δ3=0.8301, …"
results/unet_256_soundspaces_BS16_Lr0.001_AdamW_exp353_baseline_lr1e3_bs16,result,pre-radial era artifact for exp353,,no,"pre-radial era; user rule: non-radial 실험은 전부 삭제 | metrics=RMSE=1.2319, AbsRel=0.4666, δ1=0.4972, δ2=0.7103, δ3=0.8301, …"
results/unet_256_soundspaces_BS32_Lr0.0005_AdamW_exp353_baseline_lr5e4_bs32,result,pre-radial era artifact for exp353,,no,"pre-radial era; user rule: non-radial 실험은 전부 삭제 | metrics=RMSE=1.2319, AbsRel=0.4666, δ1=0.4972, δ2=0.7103, δ3=0.8301, …"
results/unet_256_soundspaces_BS8_Lr0.001_AdamW_exp353_baseline_lr1e3_bs8,result,pre-radial era artifact for exp353,,no,"pre-radial era; user rule: non-radial 실험은 전부 삭제 | metrics=RMSE=1.2319, AbsRel=0.4666, δ1=0.4972, δ2=0.7103, δ3=0.8301, …"
logs/n3_revisit_train/exp353_vit_lr1e4_bs8.log,log,pre-radial era artifact for exp353,,no,"pre-radial era; user rule: non-radial 실험은 전부 삭제 | metrics=RMSE=1.2319, AbsRel=0.4666, δ1=0.4972, δ2=0.7103, δ3=0.8301, …"
logs/n3_revisit_train/exp353_echonet_lr1e3_bs16.log,log,pre-radial era artifact for exp353,,no,"pre-radial era; user rule: non-radial 실험은 전부 삭제 | metrics=RMSE=1.2319, AbsRel=0.4666, δ1=0.4972, δ2=0.7103, δ3=0.8301, …"
logs/n2_revisit_test/exp353_baseline_lr1e3_bs16_test.log,log,pre-radial era artifact for exp353,,no,"pre-radial era; user rule: non-radial 실험은 전부 삭제 | metrics=RMSE=1.2319, AbsRel=0.4666, δ1=0.4972, δ2=0.7103, δ3=0.8301, …"
checkpoints/unet_256_soundspaces_BS16_Lr0.0005_AdamW_exp354_baseline_lr5e4_bs16,checkpoint,pre-radial era artifact for exp354,,no,"pre-radial era; user rule: non-radial 실험은 전부 삭제 | metrics=RMSE=1.2117, AbsRel=0.4676, δ1=0.4988, δ2=0.7125, δ3=0.8329, …"
checkpoints/unet_256_soundspaces_BS32_Lr0.001_AdamW_exp354_baseline_lr1e3_bs32,checkpoint,pre-radial era artifact for exp354,,no,"pre-radial era; user rule: non-radial 실험은 전부 삭제 | metrics=RMSE=1.2117, AbsRel=0.4676, δ1=0.4988, δ2=0.7125, δ3=0.8329, …"
results/unet_256_soundspaces_BS16_Lr0.0005_AdamW_exp354_baseline_lr5e4_bs16,result,pre-radial era artifact for exp354,,no,"pre-radial era; user rule: non-radial 실험은 전부 삭제 | metrics=RMSE=1.2117, AbsRel=0.4676, δ1=0.4988, δ2=0.7125, δ3=0.8329, …"
results/unet_256_soundspaces_BS32_Lr0.001_AdamW_exp354_baseline_lr1e3_bs32,result,pre-radial era artifact for exp354,,no,"pre-radial era; user rule: non-radial 실험은 전부 삭제 | metrics=RMSE=1.2117, AbsRel=0.4676, δ1=0.4988, δ2=0.7125, δ3=0.8329, …"
logs/n2_revisit_test/exp354_baseline_lr5e4_bs16_test.log,log,pre-radial era artifact for exp354,,no,"pre-radial era; user rule: non-radial 실험은 전부 삭제 | metrics=RMSE=1.2117, AbsRel=0.4676, δ1=0.4988, δ2=0.7125, δ3=0.8329, …"
checkpoints/vit_soundspaces_BS16_Lr0.0001_AdamW_exp355_vit_lr1e4_bs16,checkpoint,pre-radial era artifact for exp355,,no,"pre-radial era; user rule: non-radial 실험은 전부 삭제 | metrics=RMSE=1.2621, AbsRel=0.4989, δ1=0.4777, δ2=0.6869, δ3=0.8144, …"
checkpoints/vit_soundspaces_BS16_Lr0.0001_AdamW_exp355_vit_lr1e4_bs32,checkpoint,pre-radial era artifact for exp355,,no,"pre-radial era; user rule: non-radial 실험은 전부 삭제 | metrics=RMSE=1.2621, AbsRel=0.4989, δ1=0.4777, δ2=0.6869, δ3=0.8144, …"
checkpoints/vit_soundspaces_BS32_Lr0.0001_AdamW_exp355_vit_lr1e4_bs32,checkpoint,pre-radial era artifact for exp355,,no,"pre-radial era; user rule: non-radial 실험은 전부 삭제 | metrics=RMSE=1.2621, AbsRel=0.4989, δ1=0.4777, δ2=0.6869, δ3=0.8144, …"
checkpoints/vit_soundspaces_BS8_Lr0.0001_AdamW_exp355_vit_lr1e4_bs8,checkpoint,pre-radial era artifact for exp355,,no,"pre-radial era; user rule: non-radial 실험은 전부 삭제 | metrics=RMSE=1.2621, AbsRel=0.4989, δ1=0.4777, δ2=0.6869, δ3=0.8144, …"
results/vit_soundspaces_BS16_Lr0.0001_AdamW_exp355_vit_lr1e4_bs16,result,pre-radial era artifact for exp355,,no,"pre-radial era; user rule: non-radial 실험은 전부 삭제 | metrics=RMSE=1.2621, AbsRel=0.4989, δ1=0.4777, δ2=0.6869, δ3=0.8144, …"
results/vit_soundspaces_BS16_Lr0.0001_AdamW_exp355_vit_lr1e4_bs32,result,pre-radial era artifact for exp355,,no,"pre-radial era; user rule: non-radial 실험은 전부 삭제 | metrics=RMSE=1.2621, AbsRel=0.4989, δ1=0.4777, δ2=0.6869, δ3=0.8144, …"
results/vit_soundspaces_BS32_Lr0.0001_AdamW_exp355_vit_lr1e4_bs32,result,pre-radial era artifact for exp355,,no,"pre-radial era; user rule: non-radial 실험은 전부 삭제 | metrics=RMSE=1.2621, AbsRel=0.4989, δ1=0.4777, δ2=0.6869, δ3=0.8144, …"
results/vit_soundspaces_BS8_Lr0.0001_AdamW_exp355_vit_lr1e4_bs8,result,pre-radial era artifact for exp355,,no,"pre-radial era; user rule: non-radial 실험은 전부 삭제 | metrics=RMSE=1.2621, AbsRel=0.4989, δ1=0.4777, δ2=0.6869, δ3=0.8144, …"
logs/n2_revisit_train/exp355_vit_lr1e4_bs16.log,log,pre-radial era artifact for exp355,,no,"pre-radial era; user rule: non-radial 실험은 전부 삭제 | metrics=RMSE=1.2621, AbsRel=0.4989, δ1=0.4777, δ2=0.6869, δ3=0.8144, …"
logs/n2_revisit_train/exp355_vit_lr1e4_bs8.log,log,pre-radial era artifact for exp355,,no,"pre-radial era; user rule: non-radial 실험은 전부 삭제 | metrics=RMSE=1.2621, AbsRel=0.4989, δ1=0.4777, δ2=0.6869, δ3=0.8144, …"
logs/n2_revisit_test/exp355_vit_lr1e4_bs8_test.log,log,pre-radial era artifact for exp355,,no,"pre-radial era; user rule: non-radial 실험은 전부 삭제 | metrics=RMSE=1.2621, AbsRel=0.4989, δ1=0.4777, δ2=0.6869, δ3=0.8144, …"
checkpoints/vit_soundspaces_BS16_Lr5e-05_AdamW_exp356_vit_lr5e5_bs16,checkpoint,pre-radial era artifact for exp356,,no,"pre-radial era; user rule: non-radial 실험은 전부 삭제 | metrics=RMSE=1.2631, AbsRel=0.5005, δ1=0.4836, δ2=0.6976, δ3=0.8199, …"
checkpoints/vit_soundspaces_BS16_Lr5e-05_AdamW_exp356_vit_lr5e5_bs32,checkpoint,pre-radial era artifact for exp356,,no,"pre-radial era; user rule: non-radial 실험은 전부 삭제 | metrics=RMSE=1.2631, AbsRel=0.5005, δ1=0.4836, δ2=0.6976, δ3=0.8199, …"
checkpoints/vit_soundspaces_BS32_Lr0.0001_AdamW_exp356_vit_lr1e4_bs32,checkpoint,pre-radial era artifact for exp356,,no,"pre-radial era; user rule: non-radial 실험은 전부 삭제 | metrics=RMSE=1.2631, AbsRel=0.5005, δ1=0.4836, δ2=0.6976, δ3=0.8199, …"
checkpoints/vit_soundspaces_BS32_Lr5e-05_AdamW_exp356_vit_lr5e5_bs32,checkpoint,pre-radial era artifact for exp356,,no,"pre-radial era; user rule: non-radial 실험은 전부 삭제 | metrics=RMSE=1.2631, AbsRel=0.5005, δ1=0.4836, δ2=0.6976, δ3=0.8199, …"
checkpoints/vit_soundspaces_BS8_Lr5e-05_AdamW_exp356_vit_lr5e5_bs8,checkpoint,pre-radial era artifact for exp356,,no,"pre-radial era; user rule: non-radial 실험은 전부 삭제 | metrics=RMSE=1.2631, AbsRel=0.5005, δ1=0.4836, δ2=0.6976, δ3=0.8199, …"
results/vit_soundspaces_BS16_Lr5e-05_AdamW_exp356_vit_lr5e5_bs16,result,pre-radial era artifact for exp356,,no,"pre-radial era; user rule: non-radial 실험은 전부 삭제 | metrics=RMSE=1.2631, AbsRel=0.5005, δ1=0.4836, δ2=0.6976, δ3=0.8199, …"
results/vit_soundspaces_BS16_Lr5e-05_AdamW_exp356_vit_lr5e5_bs32,result,pre-radial era artifact for exp356,,no,"pre-radial era; user rule: non-radial 실험은 전부 삭제 | metrics=RMSE=1.2631, AbsRel=0.5005, δ1=0.4836, δ2=0.6976, δ3=0.8199, …"
results/vit_soundspaces_BS32_Lr0.0001_AdamW_exp356_vit_lr1e4_bs32,result,pre-radial era artifact for exp356,,no,"pre-radial era; user rule: non-radial 실험은 전부 삭제 | metrics=RMSE=1.2631, AbsRel=0.5005, δ1=0.4836, δ2=0.6976, δ3=0.8199, …"
results/vit_soundspaces_BS32_Lr5e-05_AdamW_exp356_vit_lr5e5_bs32,result,pre-radial era artifact for exp356,,no,"pre-radial era; user rule: non-radial 실험은 전부 삭제 | metrics=RMSE=1.2631, AbsRel=0.5005, δ1=0.4836, δ2=0.6976, δ3=0.8199, …"
results/vit_soundspaces_BS8_Lr5e-05_AdamW_exp356_vit_lr5e5_bs8,result,pre-radial era artifact for exp356,,no,"pre-radial era; user rule: non-radial 실험은 전부 삭제 | metrics=RMSE=1.2631, AbsRel=0.5005, δ1=0.4836, δ2=0.6976, δ3=0.8199, …"
logs/n2_revisit_train/exp356_vit_lr5e5_bs16.log,log,pre-radial era artifact for exp356,,no,"pre-radial era; user rule: non-radial 실험은 전부 삭제 | metrics=RMSE=1.2631, AbsRel=0.5005, δ1=0.4836, δ2=0.6976, δ3=0.8199, …"
logs/n2_revisit_train/exp356_vit_lr5e5_bs8.log,log,pre-radial era artifact for exp356,,no,"pre-radial era; user rule: non-radial 실험은 전부 삭제 | metrics=RMSE=1.2631, AbsRel=0.5005, δ1=0.4836, δ2=0.6976, δ3=0.8199, …"
logs/n2_revisit_test/exp356_vit_lr5e5_bs8_test.log,log,pre-radial era artifact for exp356,,no,"pre-radial era; user rule: non-radial 실험은 전부 삭제 | metrics=RMSE=1.2631, AbsRel=0.5005, δ1=0.4836, δ2=0.6976, δ3=0.8199, …"
checkpoints/vit_soundspaces_BS16_Lr0.0001_AdamW_exp357_vit_lr1e4_bs16,checkpoint,pre-radial era artifact for exp357,,no,"pre-radial era; user rule: non-radial 실험은 전부 삭제 | metrics=RMSE=1.3107, AbsRel=0.4703, δ1=0.4574, δ2=0.6762, δ3=0.8077, …"
checkpoints/vit_soundspaces_BS32_Lr0.0005_AdamW_exp357_vit_lr5e4_bs32,checkpoint,pre-radial era artifact for exp357,,no,"pre-radial era; user rule: non-radial 실험은 전부 삭제 | metrics=RMSE=1.3107, AbsRel=0.4703, δ1=0.4574, δ2=0.6762, δ3=0.8077, …"
checkpoints/vit_soundspaces_BS4_Lr0.0001_AdamW_exp357_vit_lr1e4_bs4,checkpoint,pre-radial era artifact for exp357,,no,"pre-radial era; user rule: non-radial 실험은 전부 삭제 | metrics=RMSE=1.3107, AbsRel=0.4703, δ1=0.4574, δ2=0.6762, δ3=0.8077, …"
checkpoints/vit_soundspaces_BS8_Lr0.0001_AdamW_exp357_vit_lr1e4_bs16,checkpoint,pre-radial era artifact for exp357,,no,"pre-radial era; user rule: non-radial 실험은 전부 삭제 | metrics=RMSE=1.3107, AbsRel=0.4703, δ1=0.4574, δ2=0.6762, δ3=0.8077, …"
checkpoints/vit_soundspaces_BS8_Lr0.0001_AdamW_exp357_vit_lr1e4_bs8,checkpoint,pre-radial era artifact for exp357,,no,"pre-radial era; user rule: non-radial 실험은 전부 삭제 | metrics=RMSE=1.3107, AbsRel=0.4703, δ1=0.4574, δ2=0.6762, δ3=0.8077, …"
results/vit_soundspaces_BS16_Lr0.0001_AdamW_exp357_vit_lr1e4_bs16,result,pre-radial era artifact for exp357,,no,"pre-radial era; user rule: non-radial 실험은 전부 삭제 | metrics=RMSE=1.3107, AbsRel=0.4703, δ1=0.4574, δ2=0.6762, δ3=0.8077, …"
results/vit_soundspaces_BS32_Lr0.0005_AdamW_exp357_vit_lr5e4_bs32,result,pre-radial era artifact for exp357,,no,"pre-radial era; user rule: non-radial 실험은 전부 삭제 | metrics=RMSE=1.3107, AbsRel=0.4703, δ1=0.4574, δ2=0.6762, δ3=0.8077, …"
results/vit_soundspaces_BS4_Lr0.0001_AdamW_exp357_vit_lr1e4_bs4,result,pre-radial era artifact for exp357,,no,"pre-radial era; user rule: non-radial 실험은 전부 삭제 | metrics=RMSE=1.3107, AbsRel=0.4703, δ1=0.4574, δ2=0.6762, δ3=0.8077, …"
results/vit_soundspaces_BS8_Lr0.0001_AdamW_exp357_vit_lr1e4_bs16,result,pre-radial era artifact for exp357,,no,"pre-radial era; user rule: non-radial 실험은 전부 삭제 | metrics=RMSE=1.3107, AbsRel=0.4703, δ1=0.4574, δ2=0.6762, δ3=0.8077, …"
results/vit_soundspaces_BS8_Lr0.0001_AdamW_exp357_vit_lr1e4_bs8,result,pre-radial era artifact for exp357,,no,"pre-radial era; user rule: non-radial 실험은 전부 삭제 | metrics=RMSE=1.3107, AbsRel=0.4703, δ1=0.4574, δ2=0.6762, δ3=0.8077, …"
logs/n2_revisit_train/exp357_vit_lr1e4_bs4.log,log,pre-radial era artifact for exp357,,no,"pre-radial era; user rule: non-radial 실험은 전부 삭제 | metrics=RMSE=1.3107, AbsRel=0.4703, δ1=0.4574, δ2=0.6762, δ3=0.8077, …"
logs/n2_revisit_test/exp357_vit_lr1e4_bs4_test.log,log,pre-radial era artifact for exp357,,no,"pre-radial era; user rule: non-radial 실험은 전부 삭제 | metrics=RMSE=1.3107, AbsRel=0.4703, δ1=0.4574, δ2=0.6762, δ3=0.8077, …"
checkpoints/vit_soundspaces_BS16_Lr0.0005_AdamW_exp358_vit_lr5e4_bs16,checkpoint,pre-radial era artifact for exp358,,no,"pre-radial era; user rule: non-radial 실험은 전부 삭제 | metrics=RMSE=1.3783, AbsRel=0.5664, δ1=0.4373, δ2=0.6512, δ3=0.7826, …"
checkpoints/vit_soundspaces_BS16_Lr0.0005_AdamW_exp358_vit_lr5e4_bs32,checkpoint,pre-radial era artifact for exp358,,no,"pre-radial era; user rule: non-radial 실험은 전부 삭제 | metrics=RMSE=1.3783, AbsRel=0.5664, δ1=0.4373, δ2=0.6512, δ3=0.7826, …"
checkpoints/vit_soundspaces_BS32_Lr0.0005_AdamW_exp358_vit_lr5e4_bs32,checkpoint,pre-radial era artifact for exp358,,no,"pre-radial era; user rule: non-radial 실험은 전부 삭제 | metrics=RMSE=1.3783, AbsRel=0.5664, δ1=0.4373, δ2=0.6512, δ3=0.7826, …"
checkpoints/vit_soundspaces_BS8_Lr0.0005_AdamW_exp358_vit_lr5e4_bs8,checkpoint,pre-radial era artifact for exp358,,no,"pre-radial era; user rule: non-radial 실험은 전부 삭제 | metrics=RMSE=1.3783, AbsRel=0.5664, δ1=0.4373, δ2=0.6512, δ3=0.7826, …"
results/vit_soundspaces_BS16_Lr0.0005_AdamW_exp358_vit_lr5e4_bs16,result,pre-radial era artifact for exp358,,no,"pre-radial era; user rule: non-radial 실험은 전부 삭제 | metrics=RMSE=1.3783, AbsRel=0.5664, δ1=0.4373, δ2=0.6512, δ3=0.7826, …"
results/vit_soundspaces_BS16_Lr0.0005_AdamW_exp358_vit_lr5e4_bs32,result,pre-radial era artifact for exp358,,no,"pre-radial era; user rule: non-radial 실험은 전부 삭제 | metrics=RMSE=1.3783, AbsRel=0.5664, δ1=0.4373, δ2=0.6512, δ3=0.7826, …"
results/vit_soundspaces_BS32_Lr0.0005_AdamW_exp358_vit_lr5e4_bs32,result,pre-radial era artifact for exp358,,no,"pre-radial era; user rule: non-radial 실험은 전부 삭제 | metrics=RMSE=1.3783, AbsRel=0.5664, δ1=0.4373, δ2=0.6512, δ3=0.7826, …"
results/vit_soundspaces_BS8_Lr0.0005_AdamW_exp358_vit_lr5e4_bs8,result,pre-radial era artifact for exp358,,no,"pre-radial era; user rule: non-radial 실험은 전부 삭제 | metrics=RMSE=1.3783, AbsRel=0.5664, δ1=0.4373, δ2=0.6512, δ3=0.7826, …"
logs/n2_revisit_train/exp358_vit_lr5e4_bs8.log,log,pre-radial era artifact for exp358,,no,"pre-radial era; user rule: non-radial 실험은 전부 삭제 | metrics=RMSE=1.3783, AbsRel=0.5664, δ1=0.4373, δ2=0.6512, δ3=0.7826, …"
logs/n2_revisit_test/exp358_vit_lr5e4_bs8_test.log,log,pre-radial era artifact for exp358,,no,"pre-radial era; user rule: non-radial 실험은 전부 삭제 | metrics=RMSE=1.3783, AbsRel=0.5664, δ1=0.4373, δ2=0.6512, δ3=0.7826, …"
checkpoints/vit_soundspaces_BS32_Lr1e-05_AdamW_exp359_vit_lr1e5_bs32,checkpoint,pre-radial era artifact for exp359,,no,"pre-radial era; user rule: non-radial 실험은 전부 삭제 | metrics=RMSE=1.2593, AbsRel=0.5130, δ1=0.4739, δ2=0.6830, δ3=0.8111, …"
checkpoints/vit_soundspaces_BS8_Lr1e-05_AdamW_exp359_vit_lr1e5_bs8,checkpoint,pre-radial era artifact for exp359,,no,"pre-radial era; user rule: non-radial 실험은 전부 삭제 | metrics=RMSE=1.2593, AbsRel=0.5130, δ1=0.4739, δ2=0.6830, δ3=0.8111, …"
results/vit_soundspaces_BS32_Lr1e-05_AdamW_exp359_vit_lr1e5_bs32,result,pre-radial era artifact for exp359,,no,"pre-radial era; user rule: non-radial 실험은 전부 삭제 | metrics=RMSE=1.2593, AbsRel=0.5130, δ1=0.4739, δ2=0.6830, δ3=0.8111, …"
results/vit_soundspaces_BS8_Lr1e-05_AdamW_exp359_vit_lr1e5_bs8,result,pre-radial era artifact for exp359,,no,"pre-radial era; user rule: non-radial 실험은 전부 삭제 | metrics=RMSE=1.2593, AbsRel=0.5130, δ1=0.4739, δ2=0.6830, δ3=0.8111, …"
logs/n2_revisit_train/exp359_vit_lr1e5_bs8.log,log,pre-radial era artifact for exp359,,no,"pre-radial era; user rule: non-radial 실험은 전부 삭제 | metrics=RMSE=1.2593, AbsRel=0.5130, δ1=0.4739, δ2=0.6830, δ3=0.8111, …"
logs/n2_revisit_test/exp359_vit_lr1e5_bs8_test.log,log,pre-radial era artifact for exp359,,no,"pre-radial era; user rule: non-radial 실험은 전부 삭제 | metrics=RMSE=1.2593, AbsRel=0.5130, δ1=0.4739, δ2=0.6830, δ3=0.8111, …"
checkpoints/echodiffusion_soundspaces_BS16_Lr0.0001_AdamW_exp360_echodiff_lr1e4_bs16,checkpoint,pre-radial era artifact for exp360,,no,"pre-radial era; user rule: non-radial 실험은 전부 삭제 | metrics=RMSE=1.2204, AbsRel=0.4909, δ1=0.4945, δ2=0.7026, δ3=0.8247, …"
checkpoints/echodiffusion_soundspaces_BS32_Lr0.0001_AdamW_exp360_echodiff_lr1e4_bs32,checkpoint,pre-radial era artifact for exp360,,no,"pre-radial era; user rule: non-radial 실험은 전부 삭제 | metrics=RMSE=1.2204, AbsRel=0.4909, δ1=0.4945, δ2=0.7026, δ3=0.8247, …"
checkpoints/echodiffusion_soundspaces_BS48_Lr0.0001_AdamW_exp360_echodiff_lr1e4_bs48,checkpoint,pre-radial era artifact for exp360,,no,"pre-radial era; user rule: non-radial 실험은 전부 삭제 | metrics=RMSE=1.2204, AbsRel=0.4909, δ1=0.4945, δ2=0.7026, δ3=0.8247, …"
checkpoints/echodiffusion_soundspaces_BS8_Lr0.0001_AdamW_exp360_echodiff_lr1e4_bs8,checkpoint,pre-radial era artifact for exp360,,no,"pre-radial era; user rule: non-radial 실험은 전부 삭제 | metrics=RMSE=1.2204, AbsRel=0.4909, δ1=0.4945, δ2=0.7026, δ3=0.8247, …"
results/echodiffusion_soundspaces_BS16_Lr0.0001_AdamW_exp360_echodiff_lr1e4_bs16,result,pre-radial era artifact for exp360,,no,"pre-radial era; user rule: non-radial 실험은 전부 삭제 | metrics=RMSE=1.2204, AbsRel=0.4909, δ1=0.4945, δ2=0.7026, δ3=0.8247, …"
results/echodiffusion_soundspaces_BS32_Lr0.0001_AdamW_exp360_echodiff_lr1e4_bs32,result,pre-radial era artifact for exp360,,no,"pre-radial era; user rule: non-radial 실험은 전부 삭제 | metrics=RMSE=1.2204, AbsRel=0.4909, δ1=0.4945, δ2=0.7026, δ3=0.8247, …"
results/echodiffusion_soundspaces_BS48_Lr0.0001_AdamW_exp360_echodiff_lr1e4_bs48,result,pre-radial era artifact for exp360,,no,"pre-radial era; user rule: non-radial 실험은 전부 삭제 | metrics=RMSE=1.2204, AbsRel=0.4909, δ1=0.4945, δ2=0.7026, δ3=0.8247, …"
results/echodiffusion_soundspaces_BS8_Lr0.0001_AdamW_exp360_echodiff_lr1e4_bs8,result,pre-radial era artifact for exp360,,no,"pre-radial era; user rule: non-radial 실험은 전부 삭제 | metrics=RMSE=1.2204, AbsRel=0.4909, δ1=0.4945, δ2=0.7026, δ3=0.8247, …"
logs/n2_revisit_train/exp360_echodiff_lr1e4_bs16.log,log,pre-radial era artifact for exp360,,no,"pre-radial era; user rule: non-radial 실험은 전부 삭제 | metrics=RMSE=1.2204, AbsRel=0.4909, δ1=0.4945, δ2=0.7026, δ3=0.8247, …"
logs/n2_revisit_train/exp360_echodiff_lr1e4_bs48.log,log,pre-radial era artifact for exp360,,no,"pre-radial era; user rule: non-radial 실험은 전부 삭제 | metrics=RMSE=1.2204, AbsRel=0.4909, δ1=0.4945, δ2=0.7026, δ3=0.8247, …"
logs/n2_revisit_test/exp360_echodiff_lr1e4_bs48_test.log,log,pre-radial era artifact for exp360,,no,"pre-radial era; user rule: non-radial 실험은 전부 삭제 | metrics=RMSE=1.2204, AbsRel=0.4909, δ1=0.4945, δ2=0.7026, δ3=0.8247, …"
checkpoints/echodiffusion_soundspaces_BS16_Lr0.0001_AdamW_exp360_echodiff_lr1e4_bs16,checkpoint,pre-radial era artifact for exp360,,no,"pre-radial era; user rule: non-radial 실험은 전부 삭제 | metrics=RMSE=1.2473, AbsRel=0.4774, δ1=0.4972, δ2=0.7081, δ3=0.8250, …"
checkpoints/echodiffusion_soundspaces_BS32_Lr0.0001_AdamW_exp360_echodiff_lr1e4_bs32,checkpoint,pre-radial era artifact for exp360,,no,"pre-radial era; user rule: non-radial 실험은 전부 삭제 | metrics=RMSE=1.2473, AbsRel=0.4774, δ1=0.4972, δ2=0.7081, δ3=0.8250, …"
checkpoints/echodiffusion_soundspaces_BS48_Lr0.0001_AdamW_exp360_echodiff_lr1e4_bs48,checkpoint,pre-radial era artifact for exp360,,no,"pre-radial era; user rule: non-radial 실험은 전부 삭제 | metrics=RMSE=1.2473, AbsRel=0.4774, δ1=0.4972, δ2=0.7081, δ3=0.8250, …"
checkpoints/echodiffusion_soundspaces_BS8_Lr0.0001_AdamW_exp360_echodiff_lr1e4_bs8,checkpoint,pre-radial era artifact for exp360,,no,"pre-radial era; user rule: non-radial 실험은 전부 삭제 | metrics=RMSE=1.2473, AbsRel=0.4774, δ1=0.4972, δ2=0.7081, δ3=0.8250, …"
results/echodiffusion_soundspaces_BS16_Lr0.0001_AdamW_exp360_echodiff_lr1e4_bs16,result,pre-radial era artifact for exp360,,no,"pre-radial era; user rule: non-radial 실험은 전부 삭제 | metrics=RMSE=1.2473, AbsRel=0.4774, δ1=0.4972, δ2=0.7081, δ3=0.8250, …"
results/echodiffusion_soundspaces_BS32_Lr0.0001_AdamW_exp360_echodiff_lr1e4_bs32,result,pre-radial era artifact for exp360,,no,"pre-radial era; user rule: non-radial 실험은 전부 삭제 | metrics=RMSE=1.2473, AbsRel=0.4774, δ1=0.4972, δ2=0.7081, δ3=0.8250, …"
results/echodiffusion_soundspaces_BS48_Lr0.0001_AdamW_exp360_echodiff_lr1e4_bs48,result,pre-radial era artifact for exp360,,no,"pre-radial era; user rule: non-radial 실험은 전부 삭제 | metrics=RMSE=1.2473, AbsRel=0.4774, δ1=0.4972, δ2=0.7081, δ3=0.8250, …"
results/echodiffusion_soundspaces_BS8_Lr0.0001_AdamW_exp360_echodiff_lr1e4_bs8,result,pre-radial era artifact for exp360,,no,"pre-radial era; user rule: non-radial 실험은 전부 삭제 | metrics=RMSE=1.2473, AbsRel=0.4774, δ1=0.4972, δ2=0.7081, δ3=0.8250, …"
logs/n2_revisit_train/exp360_echodiff_lr1e4_bs16.log,log,pre-radial era artifact for exp360,,no,"pre-radial era; user rule: non-radial 실험은 전부 삭제 | metrics=RMSE=1.2473, AbsRel=0.4774, δ1=0.4972, δ2=0.7081, δ3=0.8250, …"
logs/n2_revisit_train/exp360_echodiff_lr1e4_bs48.log,log,pre-radial era artifact for exp360,,no,"pre-radial era; user rule: non-radial 실험은 전부 삭제 | metrics=RMSE=1.2473, AbsRel=0.4774, δ1=0.4972, δ2=0.7081, δ3=0.8250, …"
logs/n2_revisit_test/exp360_echodiff_lr1e4_bs48_test.log,log,pre-radial era artifact for exp360,,no,"pre-radial era; user rule: non-radial 실험은 전부 삭제 | metrics=RMSE=1.2473, AbsRel=0.4774, δ1=0.4972, δ2=0.7081, δ3=0.8250, …"
checkpoints/echodiffusion_soundspaces_BS16_Lr5e-05_AdamW_exp361_echodiff_lr5e5_bs16,checkpoint,pre-radial era artifact for exp361,,no,"pre-radial era; user rule: non-radial 실험은 전부 삭제 | metrics=RMSE=1.2419, AbsRel=0.4793, δ1=0.4926, δ2=0.7033, δ3=0.8258, …"
checkpoints/echodiffusion_soundspaces_BS32_Lr5e-05_AdamW_exp361_echodiff_lr5e5_bs32,checkpoint,pre-radial era artifact for exp361,,no,"pre-radial era; user rule: non-radial 실험은 전부 삭제 | metrics=RMSE=1.2419, AbsRel=0.4793, δ1=0.4926, δ2=0.7033, δ3=0.8258, …"
checkpoints/echodiffusion_soundspaces_BS48_Lr5e-05_AdamW_exp361_echodiff_lr5e5_bs48,checkpoint,pre-radial era artifact for exp361,,no,"pre-radial era; user rule: non-radial 실험은 전부 삭제 | metrics=RMSE=1.2419, AbsRel=0.4793, δ1=0.4926, δ2=0.7033, δ3=0.8258, …"
checkpoints/echodiffusion_soundspaces_BS8_Lr5e-05_AdamW_exp361_echodiff_lr5e5_bs8,checkpoint,pre-radial era artifact for exp361,,no,"pre-radial era; user rule: non-radial 실험은 전부 삭제 | metrics=RMSE=1.2419, AbsRel=0.4793, δ1=0.4926, δ2=0.7033, δ3=0.8258, …"
results/echodiffusion_soundspaces_BS16_Lr5e-05_AdamW_exp361_echodiff_lr5e5_bs16,result,pre-radial era artifact for exp361,,no,"pre-radial era; user rule: non-radial 실험은 전부 삭제 | metrics=RMSE=1.2419, AbsRel=0.4793, δ1=0.4926, δ2=0.7033, δ3=0.8258, …"
results/echodiffusion_soundspaces_BS32_Lr5e-05_AdamW_exp361_echodiff_lr5e5_bs32,result,pre-radial era artifact for exp361,,no,"pre-radial era; user rule: non-radial 실험은 전부 삭제 | metrics=RMSE=1.2419, AbsRel=0.4793, δ1=0.4926, δ2=0.7033, δ3=0.8258, …"
results/echodiffusion_soundspaces_BS48_Lr5e-05_AdamW_exp361_echodiff_lr5e5_bs48,result,pre-radial era artifact for exp361,,no,"pre-radial era; user rule: non-radial 실험은 전부 삭제 | metrics=RMSE=1.2419, AbsRel=0.4793, δ1=0.4926, δ2=0.7033, δ3=0.8258, …"
results/echodiffusion_soundspaces_BS8_Lr5e-05_AdamW_exp361_echodiff_lr5e5_bs8,result,pre-radial era artifact for exp361,,no,"pre-radial era; user rule: non-radial 실험은 전부 삭제 | metrics=RMSE=1.2419, AbsRel=0.4793, δ1=0.4926, δ2=0.7033, δ3=0.8258, …"
logs/n2_revisit_train/exp361_echodiff_lr5e5_bs16.log,log,pre-radial era artifact for exp361,,no,"pre-radial era; user rule: non-radial 실험은 전부 삭제 | metrics=RMSE=1.2419, AbsRel=0.4793, δ1=0.4926, δ2=0.7033, δ3=0.8258, …"
logs/n2_revisit_train/exp361_echodiff_lr5e5_bs48.log,log,pre-radial era artifact for exp361,,no,"pre-radial era; user rule: non-radial 실험은 전부 삭제 | metrics=RMSE=1.2419, AbsRel=0.4793, δ1=0.4926, δ2=0.7033, δ3=0.8258, …"
logs/n2_revisit_test/exp361_echodiff_lr5e5_bs48_test.log,log,pre-radial era artifact for exp361,,no,"pre-radial era; user rule: non-radial 실험은 전부 삭제 | metrics=RMSE=1.2419, AbsRel=0.4793, δ1=0.4926, δ2=0.7033, δ3=0.8258, …"
checkpoints/echodiffusion_soundspaces_BS16_Lr5e-05_AdamW_exp361_echodiff_lr5e5_bs16,checkpoint,pre-radial era artifact for exp361,,no,"pre-radial era; user rule: non-radial 실험은 전부 삭제 | metrics=RMSE=1.2396, AbsRel=0.5748, δ1=0.4713, δ2=0.6860, δ3=0.8110, …"
checkpoints/echodiffusion_soundspaces_BS32_Lr5e-05_AdamW_exp361_echodiff_lr5e5_bs32,checkpoint,pre-radial era artifact for exp361,,no,"pre-radial era; user rule: non-radial 실험은 전부 삭제 | metrics=RMSE=1.2396, AbsRel=0.5748, δ1=0.4713, δ2=0.6860, δ3=0.8110, …"
checkpoints/echodiffusion_soundspaces_BS48_Lr5e-05_AdamW_exp361_echodiff_lr5e5_bs48,checkpoint,pre-radial era artifact for exp361,,no,"pre-radial era; user rule: non-radial 실험은 전부 삭제 | metrics=RMSE=1.2396, AbsRel=0.5748, δ1=0.4713, δ2=0.6860, δ3=0.8110, …"
checkpoints/echodiffusion_soundspaces_BS8_Lr5e-05_AdamW_exp361_echodiff_lr5e5_bs8,checkpoint,pre-radial era artifact for exp361,,no,"pre-radial era; user rule: non-radial 실험은 전부 삭제 | metrics=RMSE=1.2396, AbsRel=0.5748, δ1=0.4713, δ2=0.6860, δ3=0.8110, …"
results/echodiffusion_soundspaces_BS16_Lr5e-05_AdamW_exp361_echodiff_lr5e5_bs16,result,pre-radial era artifact for exp361,,no,"pre-radial era; user rule: non-radial 실험은 전부 삭제 | metrics=RMSE=1.2396, AbsRel=0.5748, δ1=0.4713, δ2=0.6860, δ3=0.8110, …"
results/echodiffusion_soundspaces_BS32_Lr5e-05_AdamW_exp361_echodiff_lr5e5_bs32,result,pre-radial era artifact for exp361,,no,"pre-radial era; user rule: non-radial 실험은 전부 삭제 | metrics=RMSE=1.2396, AbsRel=0.5748, δ1=0.4713, δ2=0.6860, δ3=0.8110, …"
results/echodiffusion_soundspaces_BS48_Lr5e-05_AdamW_exp361_echodiff_lr5e5_bs48,result,pre-radial era artifact for exp361,,no,"pre-radial era; user rule: non-radial 실험은 전부 삭제 | metrics=RMSE=1.2396, AbsRel=0.5748, δ1=0.4713, δ2=0.6860, δ3=0.8110, …"
results/echodiffusion_soundspaces_BS8_Lr5e-05_AdamW_exp361_echodiff_lr5e5_bs8,result,pre-radial era artifact for exp361,,no,"pre-radial era; user rule: non-radial 실험은 전부 삭제 | metrics=RMSE=1.2396, AbsRel=0.5748, δ1=0.4713, δ2=0.6860, δ3=0.8110, …"
logs/n2_revisit_train/exp361_echodiff_lr5e5_bs16.log,log,pre-radial era artifact for exp361,,no,"pre-radial era; user rule: non-radial 실험은 전부 삭제 | metrics=RMSE=1.2396, AbsRel=0.5748, δ1=0.4713, δ2=0.6860, δ3=0.8110, …"
logs/n2_revisit_train/exp361_echodiff_lr5e5_bs48.log,log,pre-radial era artifact for exp361,,no,"pre-radial era; user rule: non-radial 실험은 전부 삭제 | metrics=RMSE=1.2396, AbsRel=0.5748, δ1=0.4713, δ2=0.6860, δ3=0.8110, …"
logs/n2_revisit_test/exp361_echodiff_lr5e5_bs48_test.log,log,pre-radial era artifact for exp361,,no,"pre-radial era; user rule: non-radial 실험은 전부 삭제 | metrics=RMSE=1.2396, AbsRel=0.5748, δ1=0.4713, δ2=0.6860, δ3=0.8110, …"
checkpoints/echodiffusion_soundspaces_BS16_Lr0.0001_AdamW_exp362_echodiff_lr1e4_bs16,checkpoint,pre-radial era artifact for exp362,,no,"pre-radial era; user rule: non-radial 실험은 전부 삭제 | metrics=RMSE=1.2292, AbsRel=0.4557, δ1=0.4923, δ2=0.7098, δ3=0.8314, …"
checkpoints/echodiffusion_soundspaces_BS32_Lr0.0001_AdamW_exp362_echodiff_lr1e4_bs32,checkpoint,pre-radial era artifact for exp362,,no,"pre-radial era; user rule: non-radial 실험은 전부 삭제 | metrics=RMSE=1.2292, AbsRel=0.4557, δ1=0.4923, δ2=0.7098, δ3=0.8314, …"
checkpoints/echodiffusion_soundspaces_BS4_Lr0.0001_AdamW_exp362_echodiff_lr1e4_bs4,checkpoint,pre-radial era artifact for exp362,,no,"pre-radial era; user rule: non-radial 실험은 전부 삭제 | metrics=RMSE=1.2292, AbsRel=0.4557, δ1=0.4923, δ2=0.7098, δ3=0.8314, …"
checkpoints/echodiffusion_soundspaces_BS8_Lr0.0001_AdamW_exp362_echodiff_lr1e4_bs8,checkpoint,pre-radial era artifact for exp362,,no,"pre-radial era; user rule: non-radial 실험은 전부 삭제 | metrics=RMSE=1.2292, AbsRel=0.4557, δ1=0.4923, δ2=0.7098, δ3=0.8314, …"
results/echodiffusion_soundspaces_BS16_Lr0.0001_AdamW_exp362_echodiff_lr1e4_bs16,result,pre-radial era artifact for exp362,,no,"pre-radial era; user rule: non-radial 실험은 전부 삭제 | metrics=RMSE=1.2292, AbsRel=0.4557, δ1=0.4923, δ2=0.7098, δ3=0.8314, …"
results/echodiffusion_soundspaces_BS32_Lr0.0001_AdamW_exp362_echodiff_lr1e4_bs32,result,pre-radial era artifact for exp362,,no,"pre-radial era; user rule: non-radial 실험은 전부 삭제 | metrics=RMSE=1.2292, AbsRel=0.4557, δ1=0.4923, δ2=0.7098, δ3=0.8314, …"
results/echodiffusion_soundspaces_BS4_Lr0.0001_AdamW_exp362_echodiff_lr1e4_bs4,result,pre-radial era artifact for exp362,,no,"pre-radial era; user rule: non-radial 실험은 전부 삭제 | metrics=RMSE=1.2292, AbsRel=0.4557, δ1=0.4923, δ2=0.7098, δ3=0.8314, …"
results/echodiffusion_soundspaces_BS8_Lr0.0001_AdamW_exp362_echodiff_lr1e4_bs8,result,pre-radial era artifact for exp362,,no,"pre-radial era; user rule: non-radial 실험은 전부 삭제 | metrics=RMSE=1.2292, AbsRel=0.4557, δ1=0.4923, δ2=0.7098, δ3=0.8314, …"
logs/n2_revisit_train/exp362_echodiff_lr1e4_bs8.log,log,pre-radial era artifact for exp362,,no,"pre-radial era; user rule: non-radial 실험은 전부 삭제 | metrics=RMSE=1.2292, AbsRel=0.4557, δ1=0.4923, δ2=0.7098, δ3=0.8314, …"
logs/n2_revisit_train/exp362_echodiff_lr1e4_bs32.log,log,pre-radial era artifact for exp362,,no,"pre-radial era; user rule: non-radial 실험은 전부 삭제 | metrics=RMSE=1.2292, AbsRel=0.4557, δ1=0.4923, δ2=0.7098, δ3=0.8314, …"
logs/n2_revisit_test/exp362_echodiff_lr1e4_bs32_test.log,log,pre-radial era artifact for exp362,,no,"pre-radial era; user rule: non-radial 실험은 전부 삭제 | metrics=RMSE=1.2292, AbsRel=0.4557, δ1=0.4923, δ2=0.7098, δ3=0.8314, …"
checkpoints/echodiffusion_soundspaces_BS16_Lr0.0005_AdamW_exp363_echodiff_lr5e4_bs16,checkpoint,pre-radial era artifact for exp363,,no,"pre-radial era; user rule: non-radial 실험은 전부 삭제 | metrics=RMSE=1.2307, AbsRel=0.5035, δ1=0.4861, δ2=0.6982, δ3=0.8218, …"
checkpoints/echodiffusion_soundspaces_BS32_Lr0.0005_AdamW_exp363_echodiff_lr5e4_bs32,checkpoint,pre-radial era artifact for exp363,,no,"pre-radial era; user rule: non-radial 실험은 전부 삭제 | metrics=RMSE=1.2307, AbsRel=0.5035, δ1=0.4861, δ2=0.6982, δ3=0.8218, …"
checkpoints/echodiffusion_soundspaces_BS48_Lr0.0005_AdamW_exp363_echodiff_lr5e4_bs48,checkpoint,pre-radial era artifact for exp363,,no,"pre-radial era; user rule: non-radial 실험은 전부 삭제 | metrics=RMSE=1.2307, AbsRel=0.5035, δ1=0.4861, δ2=0.6982, δ3=0.8218, …"
checkpoints/echodiffusion_soundspaces_BS8_Lr0.0005_AdamW_exp363_echodiff_lr5e4_bs8,checkpoint,pre-radial era artifact for exp363,,no,"pre-radial era; user rule: non-radial 실험은 전부 삭제 | metrics=RMSE=1.2307, AbsRel=0.5035, δ1=0.4861, δ2=0.6982, δ3=0.8218, …"
results/echodiffusion_soundspaces_BS16_Lr0.0005_AdamW_exp363_echodiff_lr5e4_bs16,result,pre-radial era artifact for exp363,,no,"pre-radial era; user rule: non-radial 실험은 전부 삭제 | metrics=RMSE=1.2307, AbsRel=0.5035, δ1=0.4861, δ2=0.6982, δ3=0.8218, …"
results/echodiffusion_soundspaces_BS32_Lr0.0005_AdamW_exp363_echodiff_lr5e4_bs32,result,pre-radial era artifact for exp363,,no,"pre-radial era; user rule: non-radial 실험은 전부 삭제 | metrics=RMSE=1.2307, AbsRel=0.5035, δ1=0.4861, δ2=0.6982, δ3=0.8218, …"
results/echodiffusion_soundspaces_BS48_Lr0.0005_AdamW_exp363_echodiff_lr5e4_bs48,result,pre-radial era artifact for exp363,,no,"pre-radial era; user rule: non-radial 실험은 전부 삭제 | metrics=RMSE=1.2307, AbsRel=0.5035, δ1=0.4861, δ2=0.6982, δ3=0.8218, …"
results/echodiffusion_soundspaces_BS8_Lr0.0005_AdamW_exp363_echodiff_lr5e4_bs8,result,pre-radial era artifact for exp363,,no,"pre-radial era; user rule: non-radial 실험은 전부 삭제 | metrics=RMSE=1.2307, AbsRel=0.5035, δ1=0.4861, δ2=0.6982, δ3=0.8218, …"
logs/n2_revisit_train/exp363_echodiff_lr5e4_bs16.log,log,pre-radial era artifact for exp363,,no,"pre-radial era; user rule: non-radial 실험은 전부 삭제 | metrics=RMSE=1.2307, AbsRel=0.5035, δ1=0.4861, δ2=0.6982, δ3=0.8218, …"
logs/n2_revisit_train/exp363_echodiff_lr5e4_bs48.log,log,pre-radial era artifact for exp363,,no,"pre-radial era; user rule: non-radial 실험은 전부 삭제 | metrics=RMSE=1.2307, AbsRel=0.5035, δ1=0.4861, δ2=0.6982, δ3=0.8218, …"
logs/n2_revisit_test/exp363_echodiff_lr5e4_bs48_test.log,log,pre-radial era artifact for exp363,,no,"pre-radial era; user rule: non-radial 실험은 전부 삭제 | metrics=RMSE=1.2307, AbsRel=0.5035, δ1=0.4861, δ2=0.6982, δ3=0.8218, …"
checkpoints/echodiffusion_soundspaces_BS16_Lr0.0005_AdamW_exp363_echodiff_lr5e4_bs16,checkpoint,pre-radial era artifact for exp363,,no,"pre-radial era; user rule: non-radial 실험은 전부 삭제 | metrics=RMSE=1.2198, AbsRel=0.4482, δ1=0.4936, δ2=0.7097, δ3=0.8328, …"
checkpoints/echodiffusion_soundspaces_BS32_Lr0.0005_AdamW_exp363_echodiff_lr5e4_bs32,checkpoint,pre-radial era artifact for exp363,,no,"pre-radial era; user rule: non-radial 실험은 전부 삭제 | metrics=RMSE=1.2198, AbsRel=0.4482, δ1=0.4936, δ2=0.7097, δ3=0.8328, …"
checkpoints/echodiffusion_soundspaces_BS48_Lr0.0005_AdamW_exp363_echodiff_lr5e4_bs48,checkpoint,pre-radial era artifact for exp363,,no,"pre-radial era; user rule: non-radial 실험은 전부 삭제 | metrics=RMSE=1.2198, AbsRel=0.4482, δ1=0.4936, δ2=0.7097, δ3=0.8328, …"
checkpoints/echodiffusion_soundspaces_BS8_Lr0.0005_AdamW_exp363_echodiff_lr5e4_bs8,checkpoint,pre-radial era artifact for exp363,,no,"pre-radial era; user rule: non-radial 실험은 전부 삭제 | metrics=RMSE=1.2198, AbsRel=0.4482, δ1=0.4936, δ2=0.7097, δ3=0.8328, …"
results/echodiffusion_soundspaces_BS16_Lr0.0005_AdamW_exp363_echodiff_lr5e4_bs16,result,pre-radial era artifact for exp363,,no,"pre-radial era; user rule: non-radial 실험은 전부 삭제 | metrics=RMSE=1.2198, AbsRel=0.4482, δ1=0.4936, δ2=0.7097, δ3=0.8328, …"
results/echodiffusion_soundspaces_BS32_Lr0.0005_AdamW_exp363_echodiff_lr5e4_bs32,result,pre-radial era artifact for exp363,,no,"pre-radial era; user rule: non-radial 실험은 전부 삭제 | metrics=RMSE=1.2198, AbsRel=0.4482, δ1=0.4936, δ2=0.7097, δ3=0.8328, …"
results/echodiffusion_soundspaces_BS48_Lr0.0005_AdamW_exp363_echodiff_lr5e4_bs48,result,pre-radial era artifact for exp363,,no,"pre-radial era; user rule: non-radial 실험은 전부 삭제 | metrics=RMSE=1.2198, AbsRel=0.4482, δ1=0.4936, δ2=0.7097, δ3=0.8328, …"
results/echodiffusion_soundspaces_BS8_Lr0.0005_AdamW_exp363_echodiff_lr5e4_bs8,result,pre-radial era artifact for exp363,,no,"pre-radial era; user rule: non-radial 실험은 전부 삭제 | metrics=RMSE=1.2198, AbsRel=0.4482, δ1=0.4936, δ2=0.7097, δ3=0.8328, …"
logs/n2_revisit_train/exp363_echodiff_lr5e4_bs16.log,log,pre-radial era artifact for exp363,,no,"pre-radial era; user rule: non-radial 실험은 전부 삭제 | metrics=RMSE=1.2198, AbsRel=0.4482, δ1=0.4936, δ2=0.7097, δ3=0.8328, …"
logs/n2_revisit_train/exp363_echodiff_lr5e4_bs48.log,log,pre-radial era artifact for exp363,,no,"pre-radial era; user rule: non-radial 실험은 전부 삭제 | metrics=RMSE=1.2198, AbsRel=0.4482, δ1=0.4936, δ2=0.7097, δ3=0.8328, …"
logs/n2_revisit_test/exp363_echodiff_lr5e4_bs48_test.log,log,pre-radial era artifact for exp363,,no,"pre-radial era; user rule: non-radial 실험은 전부 삭제 | metrics=RMSE=1.2198, AbsRel=0.4482, δ1=0.4936, δ2=0.7097, δ3=0.8328, …"
checkpoints/pretrained_resnet_soundspaces_BS32_Lr0.0001_AdamW_exp365_resnet_lr1e4_bs32,checkpoint,pre-radial era artifact for exp365,,no,"pre-radial era; user rule: non-radial 실험은 전부 삭제 | metrics=RMSE=1.3154, AbsRel=0.5554, δ1=0.4688, δ2=0.6761, δ3=0.8044, …"
results/pretrained_resnet_soundspaces_BS32_Lr0.0001_AdamW_exp365_resnet_lr1e4_bs32,result,pre-radial era artifact for exp365,,no,"pre-radial era; user rule: non-radial 실험은 전부 삭제 | metrics=RMSE=1.3154, AbsRel=0.5554, δ1=0.4688, δ2=0.6761, δ3=0.8044, …"
logs/n2_revisit_test/exp365_resnet_lr1e4_bs32_test.log,log,pre-radial era artifact for exp365,,no,"pre-radial era; user rule: non-radial 실험은 전부 삭제 | metrics=RMSE=1.3154, AbsRel=0.5554, δ1=0.4688, δ2=0.6761, δ3=0.8044, …"
checkpoints/pretrained_resnet_soundspaces_BS160_Lr5e-05_AdamW_exp366_resnet_lr5e5_bs160,checkpoint,pre-radial era artifact for exp366,,no,"pre-radial era; user rule: non-radial 실험은 전부 삭제 | metrics=RMSE=1.3332, AbsRel=0.5022, δ1=0.4482, δ2=0.6641, δ3=0.7982, …"
checkpoints/pretrained_resnet_soundspaces_BS32_Lr5e-05_AdamW_exp366_resnet_lr5e5_bs32,checkpoint,pre-radial era artifact for exp366,,no,"pre-radial era; user rule: non-radial 실험은 전부 삭제 | metrics=RMSE=1.3332, AbsRel=0.5022, δ1=0.4482, δ2=0.6641, δ3=0.7982, …"
results/pretrained_resnet_soundspaces_BS160_Lr5e-05_AdamW_exp366_resnet_lr5e5_bs160,result,pre-radial era artifact for exp366,,no,"pre-radial era; user rule: non-radial 실험은 전부 삭제 | metrics=RMSE=1.3332, AbsRel=0.5022, δ1=0.4482, δ2=0.6641, δ3=0.7982, …"
results/pretrained_resnet_soundspaces_BS32_Lr5e-05_AdamW_exp366_resnet_lr5e5_bs32,result,pre-radial era artifact for exp366,,no,"pre-radial era; user rule: non-radial 실험은 전부 삭제 | metrics=RMSE=1.3332, AbsRel=0.5022, δ1=0.4482, δ2=0.6641, δ3=0.7982, …"
logs/n2_revisit_train/exp366_resnet_lr5e5_bs32.log,log,pre-radial era artifact for exp366,,no,"pre-radial era; user rule: non-radial 실험은 전부 삭제 | metrics=RMSE=1.3332, AbsRel=0.5022, δ1=0.4482, δ2=0.6641, δ3=0.7982, …"
logs/n2_revisit_train/exp366_resnet_lr5e5_bs160.log,log,pre-radial era artifact for exp366,,no,"pre-radial era; user rule: non-radial 실험은 전부 삭제 | metrics=RMSE=1.3332, AbsRel=0.5022, δ1=0.4482, δ2=0.6641, δ3=0.7982, …"
logs/n2_revisit_test/exp366_resnet_lr5e5_bs32_test.log,log,pre-radial era artifact for exp366,,no,"pre-radial era; user rule: non-radial 실험은 전부 삭제 | metrics=RMSE=1.3332, AbsRel=0.5022, δ1=0.4482, δ2=0.6641, δ3=0.7982, …"
checkpoints/pretrained_resnet_soundspaces_BS160_Lr0.0005_AdamW_exp367_resnet_lr5e4_bs160,checkpoint,pre-radial era artifact for exp367,,no,"pre-radial era; user rule: non-radial 실험은 전부 삭제 | metrics=RMSE=1.3413, AbsRel=0.5171, δ1=0.4636, δ2=0.6690, δ3=0.7982, …"
checkpoints/pretrained_resnet_soundspaces_BS32_Lr0.0005_AdamW_exp367_resnet_lr5e4_bs32,checkpoint,pre-radial era artifact for exp367,,no,"pre-radial era; user rule: non-radial 실험은 전부 삭제 | metrics=RMSE=1.3413, AbsRel=0.5171, δ1=0.4636, δ2=0.6690, δ3=0.7982, …"
results/pretrained_resnet_soundspaces_BS160_Lr0.0005_AdamW_exp367_resnet_lr5e4_bs160,result,pre-radial era artifact for exp367,,no,"pre-radial era; user rule: non-radial 실험은 전부 삭제 | metrics=RMSE=1.3413, AbsRel=0.5171, δ1=0.4636, δ2=0.6690, δ3=0.7982, …"
results/pretrained_resnet_soundspaces_BS32_Lr0.0005_AdamW_exp367_resnet_lr5e4_bs32,result,pre-radial era artifact for exp367,,no,"pre-radial era; user rule: non-radial 실험은 전부 삭제 | metrics=RMSE=1.3413, AbsRel=0.5171, δ1=0.4636, δ2=0.6690, δ3=0.7982, …"
logs/n2_revisit_train/exp367_resnet_lr5e4_bs32.log,log,pre-radial era artifact for exp367,,no,"pre-radial era; user rule: non-radial 실험은 전부 삭제 | metrics=RMSE=1.3413, AbsRel=0.5171, δ1=0.4636, δ2=0.6690, δ3=0.7982, …"
logs/n2_revisit_train/exp367_resnet_lr5e4_bs160.log,log,pre-radial era artifact for exp367,,no,"pre-radial era; user rule: non-radial 실험은 전부 삭제 | metrics=RMSE=1.3413, AbsRel=0.5171, δ1=0.4636, δ2=0.6690, δ3=0.7982, …"
logs/n2_revisit_test/exp367_resnet_lr5e4_bs160_test.log,log,pre-radial era artifact for exp367,,no,"pre-radial era; user rule: non-radial 실험은 전부 삭제 | metrics=RMSE=1.3413, AbsRel=0.5171, δ1=0.4636, δ2=0.6690, δ3=0.7982, …"
checkpoints/pretrained_resnet_soundspaces_BS160_Lr0.0005_AdamW_exp367_resnet_lr5e4_bs160,checkpoint,pre-radial era artifact for exp367,,no,"pre-radial era; user rule: non-radial 실험은 전부 삭제 | metrics=RMSE=1.2906, AbsRel=0.5373, δ1=0.4638, δ2=0.6784, δ3=0.8089, …"
checkpoints/pretrained_resnet_soundspaces_BS32_Lr0.0005_AdamW_exp367_resnet_lr5e4_bs32,checkpoint,pre-radial era artifact for exp367,,no,"pre-radial era; user rule: non-radial 실험은 전부 삭제 | metrics=RMSE=1.2906, AbsRel=0.5373, δ1=0.4638, δ2=0.6784, δ3=0.8089, …"
results/pretrained_resnet_soundspaces_BS160_Lr0.0005_AdamW_exp367_resnet_lr5e4_bs160,result,pre-radial era artifact for exp367,,no,"pre-radial era; user rule: non-radial 실험은 전부 삭제 | metrics=RMSE=1.2906, AbsRel=0.5373, δ1=0.4638, δ2=0.6784, δ3=0.8089, …"
results/pretrained_resnet_soundspaces_BS32_Lr0.0005_AdamW_exp367_resnet_lr5e4_bs32,result,pre-radial era artifact for exp367,,no,"pre-radial era; user rule: non-radial 실험은 전부 삭제 | metrics=RMSE=1.2906, AbsRel=0.5373, δ1=0.4638, δ2=0.6784, δ3=0.8089, …"
logs/n2_revisit_train/exp367_resnet_lr5e4_bs32.log,log,pre-radial era artifact for exp367,,no,"pre-radial era; user rule: non-radial 실험은 전부 삭제 | metrics=RMSE=1.2906, AbsRel=0.5373, δ1=0.4638, δ2=0.6784, δ3=0.8089, …"
logs/n2_revisit_train/exp367_resnet_lr5e4_bs160.log,log,pre-radial era artifact for exp367,,no,"pre-radial era; user rule: non-radial 실험은 전부 삭제 | metrics=RMSE=1.2906, AbsRel=0.5373, δ1=0.4638, δ2=0.6784, δ3=0.8089, …"
logs/n2_revisit_test/exp367_resnet_lr5e4_bs160_test.log,log,pre-radial era artifact for exp367,,no,"pre-radial era; user rule: non-radial 실험은 전부 삭제 | metrics=RMSE=1.2906, AbsRel=0.5373, δ1=0.4638, δ2=0.6784, δ3=0.8089, …"
checkpoints/pretrained_resnet_soundspaces_BS16_Lr0.0001_AdamW_exp368_resnet_lr1e4_bs16,checkpoint,pre-radial era artifact for exp368,,no,"pre-radial era; user rule: non-radial 실험은 전부 삭제 | metrics=RMSE=1.2748, AbsRel=0.5274, δ1=0.4722, δ2=0.6849, δ3=0.8108, …"
checkpoints/pretrained_resnet_soundspaces_BS96_Lr0.0001_AdamW_exp368_resnet_lr1e4_bs96,checkpoint,pre-radial era artifact for exp368,,no,"pre-radial era; user rule: non-radial 실험은 전부 삭제 | metrics=RMSE=1.2748, AbsRel=0.5274, δ1=0.4722, δ2=0.6849, δ3=0.8108, …"
results/pretrained_resnet_soundspaces_BS16_Lr0.0001_AdamW_exp368_resnet_lr1e4_bs16,result,pre-radial era artifact for exp368,,no,"pre-radial era; user rule: non-radial 실험은 전부 삭제 | metrics=RMSE=1.2748, AbsRel=0.5274, δ1=0.4722, δ2=0.6849, δ3=0.8108, …"
results/pretrained_resnet_soundspaces_BS96_Lr0.0001_AdamW_exp368_resnet_lr1e4_bs96,result,pre-radial era artifact for exp368,,no,"pre-radial era; user rule: non-radial 실험은 전부 삭제 | metrics=RMSE=1.2748, AbsRel=0.5274, δ1=0.4722, δ2=0.6849, δ3=0.8108, …"
logs/n2_revisit_train/exp368_resnet_lr1e4_bs16.log,log,pre-radial era artifact for exp368,,no,"pre-radial era; user rule: non-radial 실험은 전부 삭제 | metrics=RMSE=1.2748, AbsRel=0.5274, δ1=0.4722, δ2=0.6849, δ3=0.8108, …"
logs/n2_revisit_train/exp368_resnet_lr1e4_bs96.log,log,pre-radial era artifact for exp368,,no,"pre-radial era; user rule: non-radial 실험은 전부 삭제 | metrics=RMSE=1.2748, AbsRel=0.5274, δ1=0.4722, δ2=0.6849, δ3=0.8108, …"
logs/n2_revisit_test/exp368_resnet_lr1e4_bs96_test.log,log,pre-radial era artifact for exp368,,no,"pre-radial era; user rule: non-radial 실험은 전부 삭제 | metrics=RMSE=1.2748, AbsRel=0.5274, δ1=0.4722, δ2=0.6849, δ3=0.8108, …"
checkpoints/pretrained_resnet_soundspaces_BS16_Lr0.0001_AdamW_exp368_resnet_lr1e4_bs16,checkpoint,pre-radial era artifact for exp368,,no,"pre-radial era; user rule: non-radial 실험은 전부 삭제 | metrics=RMSE=1.3213, AbsRel=0.5183, δ1=0.4668, δ2=0.6747, δ3=0.8020, …"
checkpoints/pretrained_resnet_soundspaces_BS96_Lr0.0001_AdamW_exp368_resnet_lr1e4_bs96,checkpoint,pre-radial era artifact for exp368,,no,"pre-radial era; user rule: non-radial 실험은 전부 삭제 | metrics=RMSE=1.3213, AbsRel=0.5183, δ1=0.4668, δ2=0.6747, δ3=0.8020, …"
results/pretrained_resnet_soundspaces_BS16_Lr0.0001_AdamW_exp368_resnet_lr1e4_bs16,result,pre-radial era artifact for exp368,,no,"pre-radial era; user rule: non-radial 실험은 전부 삭제 | metrics=RMSE=1.3213, AbsRel=0.5183, δ1=0.4668, δ2=0.6747, δ3=0.8020, …"
results/pretrained_resnet_soundspaces_BS96_Lr0.0001_AdamW_exp368_resnet_lr1e4_bs96,result,pre-radial era artifact for exp368,,no,"pre-radial era; user rule: non-radial 실험은 전부 삭제 | metrics=RMSE=1.3213, AbsRel=0.5183, δ1=0.4668, δ2=0.6747, δ3=0.8020, …"
logs/n2_revisit_train/exp368_resnet_lr1e4_bs16.log,log,pre-radial era artifact for exp368,,no,"pre-radial era; user rule: non-radial 실험은 전부 삭제 | metrics=RMSE=1.3213, AbsRel=0.5183, δ1=0.4668, δ2=0.6747, δ3=0.8020, …"
logs/n2_revisit_train/exp368_resnet_lr1e4_bs96.log,log,pre-radial era artifact for exp368,,no,"pre-radial era; user rule: non-radial 실험은 전부 삭제 | metrics=RMSE=1.3213, AbsRel=0.5183, δ1=0.4668, δ2=0.6747, δ3=0.8020, …"
logs/n2_revisit_test/exp368_resnet_lr1e4_bs96_test.log,log,pre-radial era artifact for exp368,,no,"pre-radial era; user rule: non-radial 실험은 전부 삭제 | metrics=RMSE=1.3213, AbsRel=0.5183, δ1=0.4668, δ2=0.6747, δ3=0.8020, …"
checkpoints/renew_single_soundspaces_BS16_Lr0.0001_AdamW_exp301_renew_single_lr1e4_lsh0.1,checkpoint,pre-radial era artifact for exp301,,no,"pre-radial era; user rule: non-radial 실험은 전부 삭제 | metrics=RMSE=1.0994, AbsRel=0.4492, δ1=0.4859, Log10=0.1580, MAE=0.68…"
results/renew_single_soundspaces_BS16_Lr0.0001_AdamW_exp301_renew_single_lr1e4_lsh0.1,result,pre-radial era artifact for exp301,,no,"pre-radial era; user rule: non-radial 실험은 전부 삭제 | metrics=RMSE=1.0994, AbsRel=0.4492, δ1=0.4859, Log10=0.1580, MAE=0.68…"
logs/renew_train/exp301_renew_single_lr1e4_lsh0.1.log,log,pre-radial era artifact for exp301,,no,"pre-radial era; user rule: non-radial 실험은 전부 삭제 | metrics=RMSE=1.0994, AbsRel=0.4492, δ1=0.4859, Log10=0.1580, MAE=0.68…"
logs/renew_test/exp301_renew_single_lr1e4_lsh0.1_test.log,log,pre-radial era artifact for exp301,,no,"pre-radial era; user rule: non-radial 실험은 전부 삭제 | metrics=RMSE=1.0994, AbsRel=0.4492, δ1=0.4859, Log10=0.1580, MAE=0.68…"
checkpoints/renew_single_soundspaces_BS32_Lr0.0001_AdamW_exp302_renew_v2_lr1e4_lsh0.3,checkpoint,pre-radial era artifact for exp302,,no,"pre-radial era; user rule: non-radial 실험은 전부 삭제 | metrics=RMSE=1.0921, AbsRel=0.4615, δ1=0.5023, Log10=0.1575, MAE=0.67…"
results/renew_single_soundspaces_BS32_Lr0.0001_AdamW_exp302_renew_v2_lr1e4_lsh0.3,result,pre-radial era artifact for exp302,,no,"pre-radial era; user rule: non-radial 실험은 전부 삭제 | metrics=RMSE=1.0921, AbsRel=0.4615, δ1=0.5023, Log10=0.1575, MAE=0.67…"
logs/renew_train/exp302_renew_v2_lr1e4_lsh0.3.log,log,pre-radial era artifact for exp302,,no,"pre-radial era; user rule: non-radial 실험은 전부 삭제 | metrics=RMSE=1.0921, AbsRel=0.4615, δ1=0.5023, Log10=0.1575, MAE=0.67…"
logs/renew_test/exp302_renew_v2_lr1e4_lsh0.3_test.log,log,pre-radial era artifact for exp302,,no,"pre-radial era; user rule: non-radial 실험은 전부 삭제 | metrics=RMSE=1.0921, AbsRel=0.4615, δ1=0.5023, Log10=0.1575, MAE=0.67…"
checkpoints/renew_single_soundspaces_BS32_Lr0.0001_AdamW_exp303_dpt_only_lr1e4_lsh0.3,checkpoint,pre-radial era artifact for exp303,,no,"pre-radial era; user rule: non-radial 실험은 전부 삭제 | metrics=RMSE=1.0999, AbsRel=0.4685, δ1=0.4928, Log10=0.1589, MAE=0.68…"
results/renew_single_soundspaces_BS32_Lr0.0001_AdamW_exp303_dpt_only_lr1e4_lsh0.3,result,pre-radial era artifact for exp303,,no,"pre-radial era; user rule: non-radial 실험은 전부 삭제 | metrics=RMSE=1.0999, AbsRel=0.4685, δ1=0.4928, Log10=0.1589, MAE=0.68…"
logs/renew_train/exp303_dpt_only_lr1e4_lsh0.3.log,log,pre-radial era artifact for exp303,,no,"pre-radial era; user rule: non-radial 실험은 전부 삭제 | metrics=RMSE=1.0999, AbsRel=0.4685, δ1=0.4928, Log10=0.1589, MAE=0.68…"
logs/renew_test/exp303_dpt_only_lr1e4_lsh0.3_test.log,log,pre-radial era artifact for exp303,,no,"pre-radial era; user rule: non-radial 실험은 전부 삭제 | metrics=RMSE=1.0999, AbsRel=0.4685, δ1=0.4928, Log10=0.1589, MAE=0.68…"
checkpoints/renew_single_soundspaces_BS32_Lr0.0001_AdamW_exp304_dpt_only_nokl_lr1e4_lsh0.3,checkpoint,pre-radial era artifact for exp304,,no,"pre-radial era; user rule: non-radial 실험은 전부 삭제 | metrics=RMSE=1.0696, AbsRel=0.5011, δ1=0.4916, Log10=0.1586, MAE=0.68…"
results/renew_single_soundspaces_BS32_Lr0.0001_AdamW_exp304_dpt_only_nokl_lr1e4_lsh0.3,result,pre-radial era artifact for exp304,,no,"pre-radial era; user rule: non-radial 실험은 전부 삭제 | metrics=RMSE=1.0696, AbsRel=0.5011, δ1=0.4916, Log10=0.1586, MAE=0.68…"
logs/renew_train/exp304_dpt_only_nokl_lr1e4_lsh0.3.log,log,pre-radial era artifact for exp304,,no,"pre-radial era; user rule: non-radial 실험은 전부 삭제 | metrics=RMSE=1.0696, AbsRel=0.5011, δ1=0.4916, Log10=0.1586, MAE=0.68…"
logs/renew_test/exp304_dpt_only_nokl_lr1e4_lsh0.3_test.log,log,pre-radial era artifact for exp304,,no,"pre-radial era; user rule: non-radial 실험은 전부 삭제 | metrics=RMSE=1.0696, AbsRel=0.5011, δ1=0.4916, Log10=0.1586, MAE=0.68…"
checkpoints/n9_0424_soundspaces_BS8_Lr0.0001_AdamW_exp390_n9A_lr1e4,checkpoint,pre-radial era artifact for exp390,,no,"pre-radial era; user rule: non-radial 실험은 전부 삭제 | metrics=RMSE=1.2274, AbsRel=0.4739, δ1=0.4795, Log10=0.1597, MAE=0.79…"
results/n9_0424_soundspaces_BS8_Lr0.0001_AdamW_exp390_n9A_lr1e4,result,pre-radial era artifact for exp390,,no,"pre-radial era; user rule: non-radial 실험은 전부 삭제 | metrics=RMSE=1.2274, AbsRel=0.4739, δ1=0.4795, Log10=0.1597, MAE=0.79…"
logs/renew_train/exp390_n9A_lr1e4.log,log,pre-radial era artifact for exp390,,no,"pre-radial era; user rule: non-radial 실험은 전부 삭제 | metrics=RMSE=1.2274, AbsRel=0.4739, δ1=0.4795, Log10=0.1597, MAE=0.79…"
logs/renew_test/exp390_n9A_lr1e4_test.log,log,pre-radial era artifact for exp390,,no,"pre-radial era; user rule: non-radial 실험은 전부 삭제 | metrics=RMSE=1.2274, AbsRel=0.4739, δ1=0.4795, Log10=0.1597, MAE=0.79…"
checkpoints/n9_0424_soundspaces_BS32_Lr5e-05_AdamW_exp391_n9A_lr5e5,checkpoint,pre-radial era artifact for exp391,,no,"pre-radial era; user rule: non-radial 실험은 전부 삭제 | metrics=RMSE=1.2349, AbsRel=0.4474, δ1=0.4835, Log10=0.1569, MAE=0.78…"
checkpoints/n9_0424_soundspaces_BS64_Lr5e-05_AdamW_exp391_n9A_lr5e5,checkpoint,pre-radial era artifact for exp391,,no,"pre-radial era; user rule: non-radial 실험은 전부 삭제 | metrics=RMSE=1.2349, AbsRel=0.4474, δ1=0.4835, Log10=0.1569, MAE=0.78…"
results/n9_0424_soundspaces_BS32_Lr5e-05_AdamW_exp391_n9A_lr5e5,result,pre-radial era artifact for exp391,,no,"pre-radial era; user rule: non-radial 실험은 전부 삭제 | metrics=RMSE=1.2349, AbsRel=0.4474, δ1=0.4835, Log10=0.1569, MAE=0.78…"
results/n9_0424_soundspaces_BS64_Lr5e-05_AdamW_exp391_n9A_lr5e5,result,pre-radial era artifact for exp391,,no,"pre-radial era; user rule: non-radial 실험은 전부 삭제 | metrics=RMSE=1.2349, AbsRel=0.4474, δ1=0.4835, Log10=0.1569, MAE=0.78…"
logs/renew_train/exp391_n9A_lr5e5.log,log,pre-radial era artifact for exp391,,no,"pre-radial era; user rule: non-radial 실험은 전부 삭제 | metrics=RMSE=1.2349, AbsRel=0.4474, δ1=0.4835, Log10=0.1569, MAE=0.78…"
logs/renew_test/exp391_n9A_lr5e5_test.log,log,pre-radial era artifact for exp391,,no,"pre-radial era; user rule: non-radial 실험은 전부 삭제 | metrics=RMSE=1.2349, AbsRel=0.4474, δ1=0.4835, Log10=0.1569, MAE=0.78…"
checkpoints/n9_0424_soundspaces_BS64_Lr0.0001_AdamW_exp392_n9B_lr1e4_lsh005,checkpoint,pre-radial era artifact for exp392,,no,"pre-radial era; user rule: non-radial 실험은 전부 삭제 | metrics=RMSE=1.2198, AbsRel=0.4685, δ1=0.4976, Log10=0.1554, MAE=0.78…"
results/n9_0424_soundspaces_BS64_Lr0.0001_AdamW_exp392_n9B_lr1e4_lsh005,result,pre-radial era artifact for exp392,,no,"pre-radial era; user rule: non-radial 실험은 전부 삭제 | metrics=RMSE=1.2198, AbsRel=0.4685, δ1=0.4976, Log10=0.1554, MAE=0.78…"
logs/renew_train/exp392_n9B_lr1e4_lsh005.log,log,pre-radial era artifact for exp392,,no,"pre-radial era; user rule: non-radial 실험은 전부 삭제 | metrics=RMSE=1.2198, AbsRel=0.4685, δ1=0.4976, Log10=0.1554, MAE=0.78…"
logs/renew_test/exp392_n9B_lr1e4_lsh005_test.log,log,pre-radial era artifact for exp392,,no,"pre-radial era; user rule: non-radial 실험은 전부 삭제 | metrics=RMSE=1.2198, AbsRel=0.4685, δ1=0.4976, Log10=0.1554, MAE=0.78…"
checkpoints/n9_0424_soundspaces_BS64_Lr0.0001_AdamW_exp396_n9C_lr1e4_lsh005,checkpoint,pre-radial era artifact for exp396,,no,"pre-radial era; user rule: non-radial 실험은 전부 삭제 | metrics=RMSE=1.2379, AbsRel=0.4646, δ1=0.4972, Log10=0.1575, MAE=0.79…"
results/n9_0424_soundspaces_BS64_Lr0.0001_AdamW_exp396_n9C_lr1e4_lsh005,result,pre-radial era artifact for exp396,,no,"pre-radial era; user rule: non-radial 실험은 전부 삭제 | metrics=RMSE=1.2379, AbsRel=0.4646, δ1=0.4972, Log10=0.1575, MAE=0.79…"
logs/renew_train/exp396_n9C_lr1e4_lsh005.log,log,pre-radial era artifact for exp396,,no,"pre-radial era; user rule: non-radial 실험은 전부 삭제 | metrics=RMSE=1.2379, AbsRel=0.4646, δ1=0.4972, Log10=0.1575, MAE=0.79…"
logs/renew_test/exp396_n9C_lr1e4_lsh005_test_earlypeek.log,log,pre-radial era artifact for exp396,,no,"pre-radial era; user rule: non-radial 실험은 전부 삭제 | metrics=RMSE=1.2379, AbsRel=0.4646, δ1=0.4972, Log10=0.1575, MAE=0.79…"
logs/renew_test/exp396_n9C_lr1e4_lsh005_test_earlypeek_ep20.log,log,pre-radial era artifact for exp396,,no,"pre-radial era; user rule: non-radial 실험은 전부 삭제 | metrics=RMSE=1.2379, AbsRel=0.4646, δ1=0.4972, Log10=0.1575, MAE=0.79…"
logs/renew_test/exp396_n9C_lr1e4_lsh005_test_fixed.log,log,pre-radial era artifact for exp396,,no,"pre-radial era; user rule: non-radial 실험은 전부 삭제 | metrics=RMSE=1.2379, AbsRel=0.4646, δ1=0.4972, Log10=0.1575, MAE=0.79…"
logs/renew_test/exp396_n9C_lr1e4_lsh005_test.log,log,pre-radial era artifact for exp396,,no,"pre-radial era; user rule: non-radial 실험은 전부 삭제 | metrics=RMSE=1.2379, AbsRel=0.4646, δ1=0.4972, Log10=0.1575, MAE=0.79…"
checkpoints/n9_0424_soundspaces_BS64_Lr5e-05_AdamW_exp398_n9C_lr5e5_lsh005,checkpoint,pre-radial era artifact for exp398,,no,"pre-radial era; user rule: non-radial 실험은 전부 삭제 | metrics=RMSE=1.2228, AbsRel=0.5135, δ1=0.4861, Log10=0.1618, MAE=0.80…"
results/n9_0424_soundspaces_BS64_Lr5e-05_AdamW_exp398_n9C_lr5e5_lsh005,result,pre-radial era artifact for exp398,,no,"pre-radial era; user rule: non-radial 실험은 전부 삭제 | metrics=RMSE=1.2228, AbsRel=0.5135, δ1=0.4861, Log10=0.1618, MAE=0.80…"
logs/renew_train/exp398_n9C_lr5e5_lsh005.log,log,pre-radial era artifact for exp398,,no,"pre-radial era; user rule: non-radial 실험은 전부 삭제 | metrics=RMSE=1.2228, AbsRel=0.5135, δ1=0.4861, Log10=0.1618, MAE=0.80…"
logs/renew_test/exp398_n9C_lr5e5_lsh005_test.log,log,pre-radial era artifact for exp398,,no,"pre-radial era; user rule: non-radial 실험은 전부 삭제 | metrics=RMSE=1.2228, AbsRel=0.5135, δ1=0.4861, Log10=0.1618, MAE=0.80…"
checkpoints/n9_0424_soundspaces_BS64_Lr0.0003_AdamW_exp399_n9C_lr3e4_lsh005,checkpoint,pre-radial era artifact for exp399,,no,"pre-radial era; user rule: non-radial 실험은 전부 삭제 | metrics=RMSE=1.2331, AbsRel=0.5075, δ1=0.4822, Log10=0.1614, MAE=0.80…"
results/n9_0424_soundspaces_BS64_Lr0.0003_AdamW_exp399_n9C_lr3e4_lsh005,result,pre-radial era artifact for exp399,,no,"pre-radial era; user rule: non-radial 실험은 전부 삭제 | metrics=RMSE=1.2331, AbsRel=0.5075, δ1=0.4822, Log10=0.1614, MAE=0.80…"
logs/renew_train/exp399_n9C_lr3e4_lsh005.log,log,pre-radial era artifact for exp399,,no,"pre-radial era; user rule: non-radial 실험은 전부 삭제 | metrics=RMSE=1.2331, AbsRel=0.5075, δ1=0.4822, Log10=0.1614, MAE=0.80…"
logs/renew_test/exp399_n9C_lr3e4_lsh005_test.log,log,pre-radial era artifact for exp399,,no,"pre-radial era; user rule: non-radial 실험은 전부 삭제 | metrics=RMSE=1.2331, AbsRel=0.5075, δ1=0.4822, Log10=0.1614, MAE=0.80…"
checkpoints/n4_0425_soundspaces_BS128_Lr0.0001_AdamW_exp400_n4_lam0.0_lr1e4_bs128,checkpoint,pre-radial era artifact for exp400,,no,"pre-radial era; user rule: non-radial 실험은 전부 삭제 | metrics=RMSE=1.2413, AbsRel=0.4711, δ1=0.4831, Log10=0.1601, MAE=0.79…"
checkpoints/n4_0425_soundspaces_BS16_Lr0.0001_AdamW_exp400_n4_lam0.0_lr1e4_bs16,checkpoint,pre-radial era artifact for exp400,,no,"pre-radial era; user rule: non-radial 실험은 전부 삭제 | metrics=RMSE=1.2413, AbsRel=0.4711, δ1=0.4831, Log10=0.1601, MAE=0.79…"
checkpoints/n4_0425_soundspaces_BS48_Lr0.0001_AdamW_exp400_n4_lam0.0_lr1e4_bs48,checkpoint,pre-radial era artifact for exp400,,no,"pre-radial era; user rule: non-radial 실험은 전부 삭제 | metrics=RMSE=1.2413, AbsRel=0.4711, δ1=0.4831, Log10=0.1601, MAE=0.79…"
checkpoints/n4_0425_soundspaces_BS64_Lr0.0001_AdamW_exp400_n4_lam0.0_lr1e4_bs64,checkpoint,pre-radial era artifact for exp400,,no,"pre-radial era; user rule: non-radial 실험은 전부 삭제 | metrics=RMSE=1.2413, AbsRel=0.4711, δ1=0.4831, Log10=0.1601, MAE=0.79…"
checkpoints/n9_0424_soundspaces_BS128_Lr0.0001_AdamW_exp400_n9C_lr1e4_lsh005_bs128,checkpoint,pre-radial era artifact for exp400,,no,"pre-radial era; user rule: non-radial 실험은 전부 삭제 | metrics=RMSE=1.2413, AbsRel=0.4711, δ1=0.4831, Log10=0.1601, MAE=0.79…"
checkpoints/unet_256_soundspaces_BS128_Lr0.0005_AdamW_exp400_n2_trms_film_lr5e4_lsh0.1,checkpoint,pre-radial era artifact for exp400,,no,"pre-radial era; user rule: non-radial 실험은 전부 삭제 | metrics=RMSE=1.2413, AbsRel=0.4711, δ1=0.4831, Log10=0.1601, MAE=0.79…"
results/n4_0425_soundspaces_BS128_Lr0.0001_AdamW_exp400_n4_lam0.0_lr1e4_bs128,result,pre-radial era artifact for exp400,,no,"pre-radial era; user rule: non-radial 실험은 전부 삭제 | metrics=RMSE=1.2413, AbsRel=0.4711, δ1=0.4831, Log10=0.1601, MAE=0.79…"
results/n4_0425_soundspaces_BS16_Lr0.0001_AdamW_exp400_n4_lam0.0_lr1e4_bs16,result,pre-radial era artifact for exp400,,no,"pre-radial era; user rule: non-radial 실험은 전부 삭제 | metrics=RMSE=1.2413, AbsRel=0.4711, δ1=0.4831, Log10=0.1601, MAE=0.79…"
results/n4_0425_soundspaces_BS48_Lr0.0001_AdamW_exp400_n4_lam0.0_lr1e4_bs48,result,pre-radial era artifact for exp400,,no,"pre-radial era; user rule: non-radial 실험은 전부 삭제 | metrics=RMSE=1.2413, AbsRel=0.4711, δ1=0.4831, Log10=0.1601, MAE=0.79…"
results/n4_0425_soundspaces_BS64_Lr0.0001_AdamW_exp400_n4_lam0.0_lr1e4_bs64,result,pre-radial era artifact for exp400,,no,"pre-radial era; user rule: non-radial 실험은 전부 삭제 | metrics=RMSE=1.2413, AbsRel=0.4711, δ1=0.4831, Log10=0.1601, MAE=0.79…"
results/n9_0424_soundspaces_BS128_Lr0.0001_AdamW_exp400_n9C_lr1e4_lsh005_bs128,result,pre-radial era artifact for exp400,,no,"pre-radial era; user rule: non-radial 실험은 전부 삭제 | metrics=RMSE=1.2413, AbsRel=0.4711, δ1=0.4831, Log10=0.1601, MAE=0.79…"
results/unet_256_soundspaces_BS128_Lr0.0005_AdamW_exp400_n2_trms_film_lr5e4_lsh0.1,result,pre-radial era artifact for exp400,,no,"pre-radial era; user rule: non-radial 실험은 전부 삭제 | metrics=RMSE=1.2413, AbsRel=0.4711, δ1=0.4831, Log10=0.1601, MAE=0.79…"
logs/renew_train/exp400_n9C_lr1e4_lsh005_bs128.log,log,pre-radial era artifact for exp400,,no,"pre-radial era; user rule: non-radial 실험은 전부 삭제 | metrics=RMSE=1.2413, AbsRel=0.4711, δ1=0.4831, Log10=0.1601, MAE=0.79…"
logs/renew_test/exp400_n9C_lr1e4_lsh005_bs128_test.log,log,pre-radial era artifact for exp400,,no,"pre-radial era; user rule: non-radial 실험은 전부 삭제 | metrics=RMSE=1.2413, AbsRel=0.4711, δ1=0.4831, Log10=0.1601, MAE=0.79…"
logs/n4_train/exp400_n4_lam0.0_lr1e4_bs64.log,log,pre-radial era artifact for exp400,,no,"pre-radial era; user rule: non-radial 실험은 전부 삭제 | metrics=RMSE=1.2413, AbsRel=0.4711, δ1=0.4831, Log10=0.1601, MAE=0.79…"
logs/n4_test/exp400_n4_lam0.0_lr1e4_bs64_test.log,log,pre-radial era artifact for exp400,,no,"pre-radial era; user rule: non-radial 실험은 전부 삭제 | metrics=RMSE=1.2413, AbsRel=0.4711, δ1=0.4831, Log10=0.1601, MAE=0.79…"
checkpoints/n4_0425_soundspaces_BS128_Lr0.0001_AdamW_exp401_n4_lam0.01_lr1e4_bs128,checkpoint,pre-radial era artifact for exp401,,no,"pre-radial era; user rule: non-radial 실험은 전부 삭제 | metrics=RMSE=1.2606, AbsRel=0.4350, δ1=0.4984, Log10=0.1591, MAE=0.80…"
checkpoints/n4_0425_soundspaces_BS16_Lr0.0001_AdamW_exp401_n4_lam0.01_lr1e4_bs16,checkpoint,pre-radial era artifact for exp401,,no,"pre-radial era; user rule: non-radial 실험은 전부 삭제 | metrics=RMSE=1.2606, AbsRel=0.4350, δ1=0.4984, Log10=0.1591, MAE=0.80…"
checkpoints/n4_0425_soundspaces_BS64_Lr0.0001_AdamW_exp401_n4_lam0.01_lr1e4_bs64,checkpoint,pre-radial era artifact for exp401,,no,"pre-radial era; user rule: non-radial 실험은 전부 삭제 | metrics=RMSE=1.2606, AbsRel=0.4350, δ1=0.4984, Log10=0.1591, MAE=0.80…"
checkpoints/unet_256_soundspaces_BS128_Lr0.0005_AdamW_exp401_n2_temap_lr5e4_lsh0.1,checkpoint,pre-radial era artifact for exp401,,no,"pre-radial era; user rule: non-radial 실험은 전부 삭제 | metrics=RMSE=1.2606, AbsRel=0.4350, δ1=0.4984, Log10=0.1591, MAE=0.80…"
results/n4_0425_soundspaces_BS128_Lr0.0001_AdamW_exp401_n4_lam0.01_lr1e4_bs128,result,pre-radial era artifact for exp401,,no,"pre-radial era; user rule: non-radial 실험은 전부 삭제 | metrics=RMSE=1.2606, AbsRel=0.4350, δ1=0.4984, Log10=0.1591, MAE=0.80…"
results/n4_0425_soundspaces_BS16_Lr0.0001_AdamW_exp401_n4_lam0.01_lr1e4_bs16,result,pre-radial era artifact for exp401,,no,"pre-radial era; user rule: non-radial 실험은 전부 삭제 | metrics=RMSE=1.2606, AbsRel=0.4350, δ1=0.4984, Log10=0.1591, MAE=0.80…"
results/n4_0425_soundspaces_BS64_Lr0.0001_AdamW_exp401_n4_lam0.01_lr1e4_bs64,result,pre-radial era artifact for exp401,,no,"pre-radial era; user rule: non-radial 실험은 전부 삭제 | metrics=RMSE=1.2606, AbsRel=0.4350, δ1=0.4984, Log10=0.1591, MAE=0.80…"
results/unet_256_soundspaces_BS128_Lr0.0005_AdamW_exp401_n2_temap_lr5e4_lsh0.1,result,pre-radial era artifact for exp401,,no,"pre-radial era; user rule: non-radial 실험은 전부 삭제 | metrics=RMSE=1.2606, AbsRel=0.4350, δ1=0.4984, Log10=0.1591, MAE=0.80…"
logs/n4_train/exp401_n4_lam0.01_lr1e4_bs64.log,log,pre-radial era artifact for exp401,,no,"pre-radial era; user rule: non-radial 실험은 전부 삭제 | metrics=RMSE=1.2606, AbsRel=0.4350, δ1=0.4984, Log10=0.1591, MAE=0.80…"
logs/n4_test/exp401_n4_lam0.01_lr1e4_bs64_test.log,log,pre-radial era artifact for exp401,,no,"pre-radial era; user rule: non-radial 실험은 전부 삭제 | metrics=RMSE=1.2606, AbsRel=0.4350, δ1=0.4984, Log10=0.1591, MAE=0.80…"
__pycache__,cache,Python bytecode cache; always regenerable,,yes,
data/__pycache__,cache,Python bytecode cache; always regenerable,,yes,
models/__pycache__,cache,Python bytecode cache; always regenerable,,yes,
models/echodiffusion/__pycache__,cache,Python bytecode cache; always regenerable,,yes,
models/n2_0417/__pycache__,cache,Python bytecode cache; always regenerable,,yes,
models/n3_0419/__pycache__,cache,Python bytecode cache; always regenerable,,yes,
models/n9_0425/__pycache__,cache,Python bytecode cache; always regenerable,,yes,
models/pretrain/__pycache__,cache,Python bytecode cache; always regenerable,,yes,
models/echonet/__pycache__,cache,Python bytecode cache; always regenerable,,yes,
models/batvision/__pycache__,cache,Python bytecode cache; always regenerable,,yes,
models/bin_based/__pycache__,cache,Python bytecode cache; always regenerable,,yes,
models/renew/__pycache__,cache,Python bytecode cache; always regenerable,,yes,
models/n4_0425/__pycache__,cache,Python bytecode cache; always regenerable,,yes,
models/n3_0425/__pycache__,cache,Python bytecode cache; always regenerable,,yes,
models/n2_0427/__pycache__,cache,Python bytecode cache; always regenerable,,yes,
models/n1_4020/__pycache__,cache,Python bytecode cache; always regenerable,,yes,
models/n3_0417/__pycache__,cache,Python bytecode cache; always regenerable,,yes,
models/n9_0424/__pycache__,cache,Python bytecode cache; always regenerable,,yes,
models/n9_0426/__pycache__,cache,Python bytecode cache; always regenerable,,yes,
utils/__pycache__,cache,Python bytecode cache; always regenerable,,yes,
checkpoints/echodiffusion_ambi_sh_soundspaces_BS64_Lr0.0001_AdamW_exp721_eda_sh5_lr1e4_bs64,checkpoint,empty checkpoint dir (no nonzero file),,yes,
checkpoints/echodiffusion_ambi_sh_soundspaces_BS64_Lr0.0005_AdamW_exp720_eda_sh5_lr5e4_bs64,checkpoint,empty checkpoint dir (no nonzero file),,yes,
checkpoints/echodiffusion_ambi_sh_soundspaces_BS64_Lr0.001_AdamW_exp723_eda_sh5_lr1e3_bs64,checkpoint,empty checkpoint dir (no nonzero file),,yes,
checkpoints/echodiffusion_ambi_sh_soundspaces_BS64_Lr5e-05_AdamW_exp722_eda_sh5_lr5e5_bs64,checkpoint,empty checkpoint dir (no nonzero file),,yes,
checkpoints/echodiffusion_ambi_soundspaces_BS128_Lr5e-05_AdamW_exp702_eda_input_lr5e5_bs64,checkpoint,empty checkpoint dir (no nonzero file),,yes,
checkpoints/echodiffusion_ambi_soundspaces_BS128_Lr5e-05_AdamW_exp706_eda_cond_lr5e5_bs64,checkpoint,empty checkpoint dir (no nonzero file),,yes,
checkpoints/echodiffusion_ambi_soundspaces_BS12_Lr0.0001_AdamW_exp713_eda_cide_cond_lr1e4_bs32,checkpoint,empty checkpoint dir (no nonzero file),,yes,
checkpoints/echodiffusion_ambi_soundspaces_BS32_Lr0.0001_AdamW_exp711_eda_cide_input_lr1e4_bs32,checkpoint,empty checkpoint dir (no nonzero file),,yes,
checkpoints/echodiffusion_ambi_soundspaces_BS32_Lr0.0001_AdamW_exp713_eda_cide_cond_lr1e4_bs32,checkpoint,empty checkpoint dir (no nonzero file),,yes,
checkpoints/echodiffusion_ambi_soundspaces_BS32_Lr0.0005_AdamW_exp712_eda_cide_cond_lr5e4_bs32,checkpoint,empty checkpoint dir (no nonzero file),,yes,
checkpoints/echodiffusion_ambi_soundspaces_BS64_Lr0.0001_AdamW_exp701_eda_input_lr1e4_bs64,checkpoint,empty checkpoint dir (no nonzero file),,yes,
checkpoints/echodiffusion_ambi_soundspaces_BS64_Lr0.0001_AdamW_exp705_eda_cond_lr1e4_bs64,checkpoint,empty checkpoint dir (no nonzero file),,yes,
checkpoints/echodiffusion_ambi_soundspaces_BS64_Lr0.0001_AdamW_exp711_eda_cide_input_lr1e4_bs64,checkpoint,empty checkpoint dir (no nonzero file),,yes,
checkpoints/echodiffusion_ambi_soundspaces_BS64_Lr0.0001_AdamW_exp713_eda_cide_cond_lr1e4_bs64,checkpoint,empty checkpoint dir (no nonzero file),,yes,
checkpoints/echodiffusion_ambi_soundspaces_BS64_Lr0.0005_AdamW_exp704_eda_cond_lr5e4_bs64,checkpoint,empty checkpoint dir (no nonzero file),,yes,
checkpoints/echodiffusion_ambi_soundspaces_BS64_Lr0.0005_AdamW_exp710_eda_cide_input_lr5e4_bs64,checkpoint,empty checkpoint dir (no nonzero file),,yes,
checkpoints/echodiffusion_ambi_soundspaces_BS64_Lr0.0005_AdamW_exp712_eda_cide_cond_lr5e4_bs64,checkpoint,empty checkpoint dir (no nonzero file),,yes,
checkpoints/echodiffusion_ambi_soundspaces_BS64_Lr0.001_AdamW_exp703_eda_input_lr1e3_bs64,checkpoint,empty checkpoint dir (no nonzero file),,yes,
checkpoints/echodiffusion_ambi_soundspaces_BS64_Lr0.001_AdamW_exp707_eda_cond_lr1e3_bs64,checkpoint,empty checkpoint dir (no nonzero file),,yes,
checkpoints/echodiffusion_soundspaces_BS16_Lr5e-05_AdamW_exp388_echodiff_wav2vec_lr5e5_bs16,checkpoint,empty checkpoint dir (no nonzero file),,yes,
checkpoints/echodiffusion_soundspaces_BS32_Lr0.0001_AdamW_SMOKE_echodiff_w2v,checkpoint,empty checkpoint dir (no nonzero file),,yes,
checkpoints/echodiffusion_soundspaces_BS8_Lr0.0001_AdamW_SMOKE_echodiff,checkpoint,empty checkpoint dir (no nonzero file),,yes,
checkpoints/echonet_soundspaces_BS16_Lr0.0001_AdamW_exp377_echonet_lr1e4_bs16,checkpoint,empty checkpoint dir (no nonzero file),,yes,
checkpoints/echonet_soundspaces_BS16_Lr0.0005_AdamW_exp376_echonet_lr5e4_bs16,checkpoint,empty checkpoint dir (no nonzero file),,yes,
checkpoints/echonet_soundspaces_BS16_Lr0.001_AdamW_exp378_echonet_lr1e3_bs16,checkpoint,empty checkpoint dir (no nonzero file),,yes,
checkpoints/echonet_soundspaces_BS24_Lr0.001_AdamW_exp375_echonet_lr1e3_bs24,checkpoint,empty checkpoint dir (no nonzero file),,yes,
checkpoints/echonet_soundspaces_BS32_Lr0.0001_AdamW_SMOKE_echonet,checkpoint,empty checkpoint dir (no nonzero file),,yes,
checkpoints/echonet_soundspaces_BS48_Lr0.0001_AdamW_exp377_echonet_lr1e4_bs48,checkpoint,empty checkpoint dir (no nonzero file),,yes,
checkpoints/echonet_soundspaces_BS48_Lr0.0005_AdamW_exp376_echonet_lr5e4_bs48,checkpoint,empty checkpoint dir (no nonzero file),,yes,
checkpoints/echonet_soundspaces_BS48_Lr0.001_AdamW_exp378_echonet_lr1e3_bs48,checkpoint,empty checkpoint dir (no nonzero file),,yes,
checkpoints/echonet_soundspaces_BS48_Lr0.002_AdamW_exp379_echonet_lr2e3_bs48,checkpoint,empty checkpoint dir (no nonzero file),,yes,
checkpoints/echonet_soundspaces_BS8_Lr0.001_AdamW_exp375_echonet_lr1e3_bs8,checkpoint,empty checkpoint dir (no nonzero file),,yes,
checkpoints/n4_0425_soundspaces_BS128_Lr0.0001_AdamW_exp401_n4_lam0.01_lr1e4_bs128,checkpoint,empty checkpoint dir (no nonzero file),,yes,
checkpoints/n4_0425_soundspaces_BS128_Lr0.0001_AdamW_exp402_n4_lam0.05_lr1e4_bs128,checkpoint,empty checkpoint dir (no nonzero file),,yes,
checkpoints/n4_0425_soundspaces_BS128_Lr0.0001_AdamW_exp404_n4_lam0.5_lr1e4_bs128,checkpoint,empty checkpoint dir (no nonzero file),,yes,
checkpoints/n4_0425_soundspaces_BS128_Lr0.0001_AdamW_exp412_n4_drop2_lr1e4_bs128,checkpoint,empty checkpoint dir (no nonzero file),,yes,
checkpoints/n4_0425_soundspaces_BS128_Lr0.0001_AdamW_exp414_n4_drop4_lr1e4_bs128,checkpoint,empty checkpoint dir (no nonzero file),,yes,
checkpoints/n4_0425_soundspaces_BS128_Lr0.0001_AdamW_exp418_n4_binaural_lr1e4_bs128,checkpoint,empty checkpoint dir (no nonzero file),,yes,
checkpoints/n4_0425_soundspaces_BS128_Lr0.0003_AdamW_exp406_n4_lam0.05_lr3e4_bs128,checkpoint,empty checkpoint dir (no nonzero file),,yes,
checkpoints/n4_0425_soundspaces_BS128_Lr0.0005_AdamW_exp405_n4_lam0.05_lr5e4_bs128,checkpoint,empty checkpoint dir (no nonzero file),,yes,
checkpoints/n4_0425_soundspaces_BS128_Lr1e-05_AdamW_exp409_n4_lam0.05_lr1e5_bs128,checkpoint,empty checkpoint dir (no nonzero file),,yes,
checkpoints/n4_0425_soundspaces_BS128_Lr5e-05_AdamW_exp408_n4_lam0.05_lr5e5_bs128,checkpoint,empty checkpoint dir (no nonzero file),,yes,
checkpoints/n4_0425_soundspaces_BS16_Lr0.0001_AdamW_exp400_n4_lam0.0_lr1e4_bs16,checkpoint,empty checkpoint dir (no nonzero file),,yes,
checkpoints/n4_0425_soundspaces_BS16_Lr0.0001_AdamW_exp401_n4_lam0.01_lr1e4_bs16,checkpoint,empty checkpoint dir (no nonzero file),,yes,
checkpoints/n4_0425_soundspaces_BS16_Lr0.0001_AdamW_exp402_n4_lam0.05_lr1e4_bs16,checkpoint,empty checkpoint dir (no nonzero file),,yes,
checkpoints/n4_0425_soundspaces_BS16_Lr0.0001_AdamW_exp403_n4_lam0.1_lr1e4_bs16,checkpoint,empty checkpoint dir (no nonzero file),,yes,
checkpoints/n4_0425_soundspaces_BS16_Lr0.0001_AdamW_exp404_n4_lam0.5_lr1e4_bs16,checkpoint,empty checkpoint dir (no nonzero file),,yes,
checkpoints/n4_0425_soundspaces_BS16_Lr0.0001_AdamW_exp410_n4_drop0_lr1e4_bs16,checkpoint,empty checkpoint dir (no nonzero file),,yes,
checkpoints/n4_0425_soundspaces_BS16_Lr0.0001_AdamW_exp411_n4_drop1_lr1e4_bs16,checkpoint,empty checkpoint dir (no nonzero file),,yes,
checkpoints/n4_0425_soundspaces_BS16_Lr0.0001_AdamW_exp412_n4_drop2_lr1e4_bs16,checkpoint,empty checkpoint dir (no nonzero file),,yes,
checkpoints/n4_0425_soundspaces_BS16_Lr0.0001_AdamW_exp413_n4_drop3_lr1e4_bs16,checkpoint,empty checkpoint dir (no nonzero file),,yes,
checkpoints/n4_0425_soundspaces_BS16_Lr0.0001_AdamW_exp414_n4_drop4_lr1e4_bs16,checkpoint,empty checkpoint dir (no nonzero file),,yes,
checkpoints/n4_0425_soundspaces_BS16_Lr0.0001_AdamW_exp415_n4_drop5_lr1e4_bs16,checkpoint,empty checkpoint dir (no nonzero file),,yes,
checkpoints/n4_0425_soundspaces_BS16_Lr0.0001_AdamW_exp416_n4_drop6_lr1e4_bs16,checkpoint,empty checkpoint dir (no nonzero file),,yes,
checkpoints/n4_0425_soundspaces_BS16_Lr0.0001_AdamW_exp417_n4_drop7_lr1e4_bs16,checkpoint,empty checkpoint dir (no nonzero file),,yes,
checkpoints/n4_0425_soundspaces_BS16_Lr0.0001_AdamW_exp418_n4_binaural_lr1e4_bs16,checkpoint,empty checkpoint dir (no nonzero file),,yes,
checkpoints/n4_0425_soundspaces_BS16_Lr0.0001_AdamW_exp419_n4_alt_K4_lr1e4_bs16,checkpoint,empty checkpoint dir (no nonzero file),,yes,
checkpoints/n4_0425_soundspaces_BS16_Lr0.0003_AdamW_exp406_n4_lam0.05_lr3e4_bs16,checkpoint,empty checkpoint dir (no nonzero file),,yes,
checkpoints/n4_0425_soundspaces_BS16_Lr0.0005_AdamW_exp405_n4_lam0.05_lr5e4_bs16,checkpoint,empty checkpoint dir (no nonzero file),,yes,
checkpoints/n4_0425_soundspaces_BS16_Lr0.001_AdamW_exp407_n4_lam0.05_lr1e3_bs16,checkpoint,empty checkpoint dir (no nonzero file),,yes,
checkpoints/n4_0425_soundspaces_BS16_Lr1e-05_AdamW_exp409_n4_lam0.05_lr1e5_bs16,checkpoint,empty checkpoint dir (no nonzero file),,yes,
checkpoints/n4_0425_soundspaces_BS16_Lr5e-05_AdamW_exp408_n4_lam0.05_lr5e5_bs16,checkpoint,empty checkpoint dir (no nonzero file),,yes,
checkpoints/n9_0424_soundspaces_BS64_Lr0.0001_AdamW_exp393_n9B_lr1e4_lsh01,checkpoint,empty checkpoint dir (no nonzero file),,yes,
checkpoints/pretrained_resnet_soundspaces_BS160_Lr5e-05_AdamW_exp366_resnet_lr5e5_bs160,checkpoint,empty checkpoint dir (no nonzero file),,yes,
checkpoints/pretrained_resnet_soundspaces_BS32_Lr0.0003_AdamW_exp352_resnet_lr3e4_bs32,checkpoint,empty checkpoint dir (no nonzero file),,yes,
checkpoints/pretrained_resnet_soundspaces_BS8_Lr0.0001_AdamW_SMOKE_resnet,checkpoint,empty checkpoint dir (no nonzero file),,yes,
checkpoints/pretrained_vit_soundspaces_BS32_Lr0.0001_AdamW_SMOKE_pretrain_vit,checkpoint,empty checkpoint dir (no nonzero file),,yes,
checkpoints/pretrained_vit_soundspaces_BS8_Lr0.0001_AdamW_exp353_vit_lr1e4_bs8,checkpoint,empty checkpoint dir (no nonzero file),,yes,
checkpoints/pvit_n1_temap_input_soundspaces_BS2_Lr0.0001_AdamW_smoke_exp241,checkpoint,empty checkpoint dir (no nonzero file),,yes,
checkpoints/unet_256_soundspaces_BS128_Lr0.0005_AdamW_exp400_n2_trms_film_lr5e4_lsh0.1,checkpoint,empty checkpoint dir (no nonzero file),,yes,
checkpoints/unet_256_soundspaces_BS128_Lr0.0005_AdamW_exp401_n2_temap_lr5e4_lsh0.1,checkpoint,empty checkpoint dir (no nonzero file),,yes,
checkpoints/unet_256_soundspaces_BS128_Lr0.0005_AdamW_exp402_n2_xattn_lr5e4_lsh0.1,checkpoint,empty checkpoint dir (no nonzero file),,yes,
checkpoints/unet_256_soundspaces_BS128_Lr0.0005_AdamW_exp403_n2_tenergy_ov3_lr5e4_lsh0.1,checkpoint,empty checkpoint dir (no nonzero file),,yes,
checkpoints/unet_256_soundspaces_BS16_Lr0.0001_AdamW_exp352_baseline_lr1e4_bs16,checkpoint,empty checkpoint dir (no nonzero file),,yes,
checkpoints/unet_256_soundspaces_BS16_Lr0.0005_AdamW_exp350_baseline_lr5e4_bs16,checkpoint,empty checkpoint dir (no nonzero file),,yes,
checkpoints/unet_256_soundspaces_BS16_Lr0.0005_AdamW_exp351_baseline_lr5e4_bs16,checkpoint,empty checkpoint dir (no nonzero file),,yes,
checkpoints/unet_256_soundspaces_BS16_Lr0.001_AdamW_exp350_baseline_lr1e3_bs16,checkpoint,empty checkpoint dir (no nonzero file),,yes,
checkpoints/unet_256_soundspaces_BS16_Lr0.001_AdamW_exp351_baseline_lr1e3_bs16,checkpoint,empty checkpoint dir (no nonzero file),,yes,
checkpoints/unet_256_soundspaces_BS32_Lr0.0001_AdamW_SMOKE_baseline,checkpoint,empty checkpoint dir (no nonzero file),,yes,
checkpoints/unet_256_soundspaces_BS32_Lr0.0001_AdamW_SMOKE_batvision,checkpoint,empty checkpoint dir (no nonzero file),,yes,
checkpoints/unet_256_soundspaces_BS32_Lr0.0005_AdamW_exp351_foav2_lr5e4_dw1.0_fw0.2_hw0.2,checkpoint,empty checkpoint dir (no nonzero file),,yes,
checkpoints/unet_256_soundspaces_BS32_Lr0.0005_AdamW_exp353_baseline_lr5e4_bs32,checkpoint,empty checkpoint dir (no nonzero file),,yes,
checkpoints/unet_256_soundspaces_BS32_Lr0.001_AdamW_exp354_baseline_lr1e3_bs32,checkpoint,empty checkpoint dir (no nonzero file),,yes,
checkpoints/unet_256_soundspaces_BS32_Lr0.001_AdamW_exp380_batvision_lr1e3_bs32,checkpoint,empty checkpoint dir (no nonzero file),,yes,
checkpoints/unet_256_soundspaces_BS32_Lr0.001_AdamW_test_dryrun_n3film,checkpoint,empty checkpoint dir (no nonzero file),,yes,
checkpoints/unet_256_soundspaces_BS32_Lr0.001_AdamW_test_dryrun_oracle_nc3,checkpoint,empty checkpoint dir (no nonzero file),,yes,
checkpoints/unet_256_soundspaces_BS32_Lr0.002_AdamW_exp384_batvision_lr2e3_bs32,checkpoint,empty checkpoint dir (no nonzero file),,yes,
checkpoints/unet_256_soundspaces_BS4_Lr0.001_AdamW_full_run_foa_v2_js_rgb,checkpoint,empty checkpoint dir (no nonzero file),,yes,
checkpoints/unet_256_soundspaces_BS4_Lr0.001_AdamW_our_hope_foa_v2_js_rgb,checkpoint,empty checkpoint dir (no nonzero file),,yes,
checkpoints/unet_256_soundspaces_BS8_Lr0.0001_AdamW_SMOKE_baseline,checkpoint,empty checkpoint dir (no nonzero file),,yes,
checkpoints/unet_256_soundspaces_BS8_Lr0.001_AdamW_exp353_baseline_lr1e3_bs8,checkpoint,empty checkpoint dir (no nonzero file),,yes,
checkpoints/vit_soundspaces_BS16_Lr0.0005_AdamW_exp358_vit_lr5e4_bs32,checkpoint,empty checkpoint dir (no nonzero file),,yes,
checkpoints/vit_soundspaces_BS16_Lr5e-05_AdamW_exp356_vit_lr5e5_bs32,checkpoint,empty checkpoint dir (no nonzero file),,yes,
checkpoints/vit_soundspaces_BS32_Lr0.0001_AdamW_SMOKE_vit,checkpoint,empty checkpoint dir (no nonzero file),,yes,
checkpoints/vit_soundspaces_BS32_Lr0.0001_AdamW_exp356_vit_lr1e4_bs32,checkpoint,empty checkpoint dir (no nonzero file),,yes,
checkpoints/vit_soundspaces_BS32_Lr0.0005_AdamW_exp357_vit_lr5e4_bs32,checkpoint,empty checkpoint dir (no nonzero file),,yes,
checkpoints/vit_soundspaces_BS8_Lr0.0001_AdamW_SMOKE_vit,checkpoint,empty checkpoint dir (no nonzero file),,yes,
checkpoints/vit_soundspaces_BS8_Lr0.0001_AdamW_exp357_vit_lr1e4_bs16,checkpoint,empty checkpoint dir (no nonzero file),,yes,
models/foa_v2_js_0415.py,code,no reference found in train/test/utils/configs/__init__,,no,manual review required
models/foa_js_swin.py,code,no reference found in train/test/utils/configs/__init__,,no,manual review required
models/n3_0419/n3_energy_only.py,code,no reference found in train/test/utils/configs/__init__,,no,manual review required
models/renew/renew_ablation.py,code,no reference found in train/test/utils/configs/__init__,,no,manual review required
models/n3_0417/n3_oracle.py,code,no reference found in train/test/utils/configs/__init__,,no,manual review required
config/baseline.yaml,config,model.name=unet_baseline only used by delete_candidate runs,,no,needs review
config/batvision.yaml,config,model.name=batvision only used by delete_candidate runs,,no,needs review
config/echodiffusion.yaml,config,model.name=echodiffusion only used by delete_candidate runs,,no,needs review
config/echonet.yaml,config,model.name=echonet only used by delete_candidate runs,,no,needs review
config/foa.yaml,config,model.name=audio_depth_foa only used by delete_candidate runs,,no,needs review
config/renew_dpt_only_nokl.yaml,config,model.name=renew_dpt_only only used by delete_candidate runs,,no,needs review
config/renew_dpt_only_nokl_radial.yaml,config,model.name=renew_dpt_only only used by delete_candidate runs,,no,needs review
config/renew_dpt_only_radial.yaml,config,model.name=renew_dpt_only only used by delete_candidate runs,,no,needs review
config/renew_single_radial.yaml,config,model.name=renew_single only used by delete_candidate runs,,no,needs review
config/renew_single_v2.yaml,config,model.name=renew_single only used by delete_candidate runs,,no,needs review
config/renew_single_v2_radial.yaml,config,model.name=renew_single only used by delete_candidate runs,,no,needs review
config/vit.yaml,config,model.name=vit_baseline only used by delete_candidate runs,,no,needs review
archive/_phase_a.py,code,temporary scaffolding from Phase A; remove after index files are finalized,,no,remove only when Phase B/C/D no longer needs to regenerate the indexes
