run_id,model_name,role,era,config_path,log_path,checkpoint_path,result_path,qualitative_path,git_commit,status,notes
exp241,Temporal energy-map input,ours,pre-radial,config/vit.yaml,logs/n1_train/exp241_n1_pvit_temap_lr1e4_lsh0.1.log;logs/n1_test/exp241_n1_pvit_temap_lr1e4_lsh0.1_test.log,checkpoints/pvit_n1_temap_input_soundspaces_BS16_Lr0.0001_AdamW_exp241_n1_pvit_temap_lr1e4_lsh0.1;checkpoints/pvit_n1_temap_input_soundspaces_BS2_Lr0.0001_AdamW_smoke_exp241,results/pvit_n1_temap_input_soundspaces_BS16_Lr0.0001_AdamW_exp241_n1_pvit_temap_lr1e4_lsh0.1;results/pvit_n1_temap_input_soundspaces_BS2_Lr0.0001_AdamW_smoke_exp241,,97b6668,delete_candidate,"pre-radial era; user rule: non-radial 실험은 전부 삭제 | metrics=RMSE=1.0454, AbsRel=0.4516, δ1=0.4923"
exp201,Temporal energy-map input,ours,pre-radial,,logs/n2_train/exp201_n2_temap_lr1e3_lsh0.1.log;logs/n2_test/exp201_n2_temap_lr1e3_lsh0.1_test.log,checkpoints/unet_256_soundspaces_BS128_Lr0.001_AdamW_exp201_n2_temap_lr1e3_lsh0.1,results/unet_256_soundspaces_BS128_Lr0.001_AdamW_exp201_n2_temap_lr1e3_lsh0.1,,97b6668,delete_candidate,"pre-radial era; user rule: non-radial 실험은 전부 삭제 | metrics=RMSE=1.0464, AbsRel=0.4380, δ1=0.4958"
exp179,FOA oracle nc3,ablation,pre-radial,config/foa.yaml,logs/summary_train/exp179_oracle_nc3_lr5e4_lsh0.1.log;logs/summary_test/exp179_oracle_nc3_lr5e4_lsh0.1_test.log,,results/unet_256_soundspaces_BS128_Lr0.0005_AdamW_exp179_oracle_nc3_lr5e4_lsh0.1;results/unet_256_soundspaces_BS32_Lr0.0005_AdamW_exp179_oracle_nc3_lr5e4_lsh0.1,,97b6668,delete_candidate,"pre-radial era; user rule: non-radial 실험은 전부 삭제 | metrics=RMSE=1.0477, AbsRel=0.4774, δ1=0.5002"
exp202,Temporal energy-map input,ours,pre-radial,,logs/n2_train/exp202_n2_temap_lr5e4_lsh0.1.log;logs/n2_test/exp202_n2_temap_lr5e4_lsh0.1_test.log,checkpoints/unet_256_soundspaces_BS128_Lr0.0005_AdamW_exp202_n2_temap_lr5e4_lsh0.1,results/unet_256_soundspaces_BS128_Lr0.0005_AdamW_exp202_n2_temap_lr5e4_lsh0.1,,97b6668,delete_candidate,"pre-radial era; user rule: non-radial 실험은 전부 삭제 | metrics=RMSE=1.0497, AbsRel=0.4379, δ1=0.4985"
exp178,FOA oracle nc3,ablation,pre-radial,config/foa.yaml,logs/summary_train/exp178_oracle_nc3_lr1e3_lsh0.1.log;logs/summary_test/exp178_oracle_nc3_lr1e3_lsh0.1_test.log,,results/unet_256_soundspaces_BS128_Lr0.001_AdamW_exp178_oracle_nc3_lr1e3_lsh0.1;results/unet_256_soundspaces_BS32_Lr0.001_AdamW_exp178_oracle_nc3_lr1e3_lsh0.1,,97b6668,delete_candidate,"pre-radial era; user rule: non-radial 실험은 전부 삭제 | metrics=RMSE=1.0565, AbsRel=0.4216, δ1=0.4979"
exp203,Temporal energy-map input,ours,pre-radial,,logs/n2_train/exp203_n2_temap_lr1e3_lsh0.3.log;logs/n2_test/exp203_n2_temap_lr1e3_lsh0.3_test.log,checkpoints/unet_256_soundspaces_BS128_Lr0.001_AdamW_exp203_n2_temap_lr1e3_lsh0.3,results/unet_256_soundspaces_BS128_Lr0.001_AdamW_exp203_n2_temap_lr1e3_lsh0.3,,97b6668,delete_candidate,"pre-radial era; user rule: non-radial 실험은 전부 삭제 | metrics=RMSE=1.0568, AbsRel=0.4415, δ1=0.4980"
exp242,Temporal energy-map input,ours,pre-radial,config/vit.yaml,logs/n1_train/exp242_n1_pvit_temap_lr5e5_lsh0.1.log;logs/n1_test/exp242_n1_pvit_temap_lr5e5_lsh0.1_test.log,checkpoints/pvit_n1_temap_input_soundspaces_BS16_Lr5e-05_AdamW_exp242_n1_pvit_temap_lr5e5_lsh0.1,results/pvit_n1_temap_input_soundspaces_BS16_Lr5e-05_AdamW_exp242_n1_pvit_temap_lr5e5_lsh0.1,,97b6668,delete_candidate,"pre-radial era; user rule: non-radial 실험은 전부 삭제 | metrics=RMSE=1.0586, AbsRel=0.4556, δ1=0.5038"
exp219,FOA oracle nc3,ablation,pre-radial,config/foa.yaml,logs/n3_train/exp219_pvit_oracle_nc3_lr1e4_lsh0.1.log;logs/n3_test/exp219_pvit_oracle_nc3_lr1e4_lsh0.1_test.log,checkpoints/pretrained_vit_foa_v6_oracle_nc3_soundspaces_BS32_Lr0.0001_AdamW_exp219_pvit_oracle_nc3_lr1e4_lsh0.1,results/pretrained_vit_foa_v6_oracle_nc3_soundspaces_BS32_Lr0.0001_AdamW_exp219_pvit_oracle_nc3_lr1e4_lsh0.1,,97b6668,delete_candidate,"pre-radial era; user rule: non-radial 실험은 전부 삭제 | metrics=RMSE=1.0612, AbsRel=0.4400, δ1=0.4947"
exp196,N2 dual encoder,ours,pre-radial,,logs/n2_train/exp196_n2_dual_lr5e4_lsh0.1.log;logs/n2_test/exp196_n2_dual_lr5e4_lsh0.1_test.log,,results/unet_256_soundspaces_BS128_Lr0.0005_AdamW_exp196_n2_dual_lr5e4_lsh0.1,,97b6668,delete_candidate,"pre-radial era; user rule: non-radial 실험은 전부 삭제 | metrics=RMSE=1.0614, AbsRel=0.4775, δ1=0.5112"
exp243,Temporal energy-map input,ours,pre-radial,config/vit.yaml,logs/n1_train/exp243_n1_pvit_temap_lr1e4_lsh0.3.log;logs/n1_test/exp243_n1_pvit_temap_lr1e4_lsh0.3_test.log,checkpoints/pvit_n1_temap_input_soundspaces_BS16_Lr0.0001_AdamW_exp243_n1_pvit_temap_lr1e4_lsh0.3,results/pvit_n1_temap_input_soundspaces_BS16_Lr0.0001_AdamW_exp243_n1_pvit_temap_lr1e4_lsh0.3,,97b6668,delete_candidate,"pre-radial era; user rule: non-radial 실험은 전부 삭제 | metrics=RMSE=1.0661, AbsRel=0.4265, δ1=0.4995"
exp187,N2 direct FOA spectrogram input,ours,pre-radial,config/foa.yaml,logs/n2_train/exp187_n2_6ch_lr1e3_lsh0.1.log;logs/n2_test/exp187_n2_6ch_lr1e3_lsh0.1_test.log,,results/unet_256_soundspaces_BS128_Lr0.001_AdamW_exp187_n2_6ch_lr1e3_lsh0.1,,97b6668,delete_candidate,"pre-radial era; user rule: non-radial 실험은 전부 삭제 | metrics=RMSE=1.0713, AbsRel=0.4728, δ1=0.5111"
exp195,N2 dual encoder,ours,pre-radial,,logs/n2_train/exp195_n2_dual_lr1e3_lsh0.1.log;logs/n2_test/exp195_n2_dual_lr1e3_lsh0.1_test.log,,results/unet_256_soundspaces_BS128_Lr0.001_AdamW_exp195_n2_dual_lr1e3_lsh0.1,,97b6668,delete_candidate,"pre-radial era; user rule: non-radial 실험은 전부 삭제 | metrics=RMSE=1.0725, AbsRel=0.4642, δ1=0.5069"
exp230,Distillation from oracle,ablation,pre-radial,config/vit.yaml,logs/n3_train/exp230_pvit_distill_lkd0.5.log;logs/n3_test/exp230_pvit_distill_lkd0.5_test.log,checkpoints/pretrained_vit_foa_v3_soundspaces_BS32_Lr0.0001_AdamW_exp230_pvit_distill_lkd0.5,results/pretrained_vit_foa_v3_soundspaces_BS32_Lr0.0001_AdamW_exp230_pvit_distill_lkd0.5,,97b6668,delete_candidate,"pre-radial era; user rule: non-radial 실험은 전부 삭제 | metrics=RMSE=1.0735, AbsRel=0.4834, δ1=0.5029"
exp180,FOA oracle nc3,ablation,pre-radial,config/foa.yaml,logs/summary_train/exp180_oracle_nc3_lr1e3_lsh0.3.log;logs/summary_test/exp180_oracle_nc3_lr1e3_lsh0.3_test.log,,results/unet_256_soundspaces_BS128_Lr0.001_AdamW_exp180_oracle_nc3_lr1e3_lsh0.3;results/unet_256_soundspaces_BS32_Lr0.001_AdamW_exp180_oracle_nc3_lr1e3_lsh0.3,,97b6668,delete_candidate,"pre-radial era; user rule: non-radial 실험은 전부 삭제 | metrics=RMSE=1.0741, AbsRel=0.4017, δ1=0.4817"
exp172,N3 energy attention,ours,pre-radial,,logs/summary_train/exp172_n3eattn_lr1e3_lsh0.1.log;logs/summary_test/exp172_n3eattn_lr1e3_lsh0.1_test.log,,results/unet_256_soundspaces_BS32_Lr0.001_AdamW_exp172_n3eattn_lr1e3_lsh0.1,,97b6668,delete_candidate,"pre-radial era; user rule: non-radial 실험은 전부 삭제 | metrics=RMSE=1.0744, AbsRel=0.4792, δ1=0.5030"
exp213,N3 MSSH + energy attention,ours,pre-radial,,logs/n3_train/exp213_n3mssh_eattn_lr1e3_lsh0.1.log;logs/n3_test/exp213_n3mssh_eattn_lr1e3_lsh0.1_test.log,checkpoints/unet_256_soundspaces_BS32_Lr0.001_AdamW_exp213_n3mssh_eattn_lr1e3_lsh0.1,results/unet_256_soundspaces_BS32_Lr0.001_AdamW_exp213_n3mssh_eattn_lr1e3_lsh0.1,,97b6668,delete_candidate,"pre-radial era; user rule: non-radial 실험은 전부 삭제 | metrics=RMSE=1.0777, AbsRel=0.4645, δ1=0.5017"
exp111,Original FOA UNet,ours,pre-radial,config/foa.yaml,logs/summary_train/exp111_foa_lr1e3_dw1.0_fw0.1_hw0.1_freeze15.log;logs/summary_test/exp111_foa_lr1e3_dw1.0_fw0.1_hw0.1_freeze15_test.log,,,,97b6668,delete_candidate,"pre-radial era; user rule: non-radial 실험은 전부 삭제 | metrics=RMSE=1.0781, AbsRel=0.4535, δ1=0.4998"
exp189,N2 direct FOA spectrogram input,ours,pre-radial,config/foa.yaml,logs/n2_train/exp189_n2_6ch_lr1e3_lsh0.3.log;logs/n2_test/exp189_n2_6ch_lr1e3_lsh0.3_test.log,,results/unet_256_soundspaces_BS128_Lr0.001_AdamW_exp189_n2_6ch_lr1e3_lsh0.3,,97b6668,delete_candidate,"pre-radial era; user rule: non-radial 실험은 전부 삭제 | metrics=RMSE=1.0781, AbsRel=0.4393, δ1=0.4974"
exp100,Original FOA UNet,ours,pre-radial,config/foa.yaml,logs/summary_train/exp100_foa_lr1e3_fw0.15_hw0.1.log;logs/summary_test/exp100_foa_lr1e3_fw0.15_hw0.1_test.log,,,,97b6668,delete_candidate,"pre-radial era; user rule: non-radial 실험은 전부 삭제 | metrics=RMSE=1.0793, AbsRel=0.5043, δ1=0.4821"
exp49,Original FOA UNet,ours,pre-radial,config/foa.yaml,logs/summary_train/exp49_foa_lr1e3_dw1.0_fw0.1_hw0.05.log;logs/summary_test/exp49_foa_lr1e3_dw1.0_fw0.1_hw0.05_test.log,,,,97b6668,delete_candidate,"pre-radial era; user rule: non-radial 실험은 전부 삭제 | metrics=RMSE=1.0803, AbsRel=0.4631, δ1=0.5023"
exp192,Temporal energy attention/supervision,ours,pre-radial,,logs/n2_train/exp192_n2_tenergy_lr1e3_lsh0.1.log;logs/n2_test/exp192_n2_tenergy_lr1e3_lsh0.1_test.log,,results/unet_256_soundspaces_BS128_Lr0.001_AdamW_exp192_n2_tenergy_lr1e3_lsh0.1,,97b6668,delete_candidate,"pre-radial era; user rule: non-radial 실험은 전부 삭제 | metrics=RMSE=1.0805, AbsRel=0.4734, δ1=0.4912"
exp218,N3 FiLM,ours,pre-radial,config/vit.yaml,logs/n3_train/exp218_pvit_film_dw2_lr1e4_lsh0.1.log;logs/n3_test/exp218_pvit_film_dw2_lr1e4_lsh0.1_test.log,checkpoints/pretrained_vit_foa_v3_soundspaces_BS32_Lr0.0001_AdamW_exp218_pvit_film_dw2_lr1e4_lsh0.1,results/pretrained_vit_foa_v3_soundspaces_BS32_Lr0.0001_AdamW_exp218_pvit_film_dw2_lr1e4_lsh0.1,,97b6668,delete_candidate,"pre-radial era; user rule: non-radial 실험은 전부 삭제 | metrics=RMSE=1.0805, AbsRel=0.4504, δ1=0.4867"
exp198,N2 FOA STFT FiLM,ours,pre-radial,config/foa.yaml,logs/n2_train/exp198_n2_stft_lr5e4_lsh0.1.log;logs/n2_test/exp198_n2_stft_lr5e4_lsh0.1_test.log,,results/unet_256_soundspaces_BS128_Lr0.0005_AdamW_exp198_n2_stft_lr5e4_lsh0.1,,97b6668,delete_candidate,"pre-radial era; user rule: non-radial 실험은 전부 삭제 | metrics=RMSE=1.0807, AbsRel=0.4719, δ1=0.5108"
exp200,Temporal RMS FiLM,ours,pre-radial,,logs/n2_train/exp200_n2_trms_film_lr5e4_lsh0.1.log;logs/n2_test/exp200_n2_trms_film_lr5e4_lsh0.1_test.log,checkpoints/unet_256_soundspaces_BS128_Lr0.0005_AdamW_exp200_n2_trms_film_lr5e4_lsh0.1,results/unet_256_soundspaces_BS128_Lr0.0005_AdamW_exp200_n2_trms_film_lr5e4_lsh0.1,,97b6668,delete_candidate,"pre-radial era; user rule: non-radial 실험은 전부 삭제 | metrics=RMSE=1.0808, AbsRel=0.4649, δ1=0.5016"
exp225,N3 multi-scale SH,ours,pre-radial,,logs/n3_train/exp225_n3mssh_freeze10_lr1e3_lsh0.3.log;logs/n3_test/exp225_n3mssh_freeze10_lr1e3_lsh0.3_test.log,checkpoints/unet_256_soundspaces_BS32_Lr0.001_AdamW_exp225_n3mssh_freeze10_lr1e3_lsh0.3,results/unet_256_soundspaces_BS32_Lr0.001_AdamW_exp225_n3mssh_freeze10_lr1e3_lsh0.3,,97b6668,delete_candidate,"pre-radial era; user rule: non-radial 실험은 전부 삭제 | metrics=RMSE=1.0811, AbsRel=0.4821, δ1=0.4958"
exp208,N3 energy attention,ours,pre-radial,,logs/n3_train/exp208_n3eattn_dw2_lr1e3_lsh0.1.log;logs/n3_test/exp208_n3eattn_dw2_lr1e3_lsh0.1_test.log,checkpoints/unet_256_soundspaces_BS32_Lr0.001_AdamW_exp208_n3eattn_dw2_lr1e3_lsh0.1,results/unet_256_soundspaces_BS32_Lr0.001_AdamW_exp208_n3eattn_dw2_lr1e3_lsh0.1,,97b6668,delete_candidate,"pre-radial era; user rule: non-radial 실험은 전부 삭제 | metrics=RMSE=1.0813, AbsRel=0.5003, δ1=0.4829"
exp52,Original FOA UNet,ours,pre-radial,config/foa.yaml,logs/summary_train/exp52_foa_lr5e4_dw1.0_fw0.2_hw0.2.log;logs/summary_test/exp52_foa_lr5e4_dw1.0_fw0.2_hw0.2_test.log,,,,97b6668,delete_candidate,"pre-radial era; user rule: non-radial 실험은 전부 삭제 | metrics=RMSE=1.0814, AbsRel=0.4921, δ1=0.4933"
exp28,FOA multi-scale attention,ours,pre-radial,config/foa.yaml,logs/summary_train/exp28_msattn_lr1e4_fw0.1.log;logs/summary_test/exp28_msattn_lr1e4_fw0.1_test.log,,,,97b6668,delete_candidate,"pre-radial era; user rule: non-radial 실험은 전부 삭제 | metrics=RMSE=1.0816, AbsRel=0.4917, δ1=0.4995"
exp01,Baseline UNet,ours,pre-radial,config/baseline.yaml,logs/summary_train/exp01_baseline_lr1e3_bs32.log;logs/summary_test/exp01_baseline_lr1e3_bs32_test.log,,,,97b6668,delete_candidate,"pre-radial era; user rule: non-radial 실험은 전부 삭제 | metrics=RMSE=1.0817, AbsRel=0.4553, δ1=0.5031"
exp74,BatVision UNet,comparison_baseline,pre-radial,config/batvision.yaml,logs/summary_train/exp74_batvision_lr1e3_bs16.log;logs/summary_test/exp74_batvision_lr1e3_bs16_test.log,,,,97b6668,delete_candidate,"pre-radial era; user rule: non-radial 실험은 전부 삭제 | metrics=RMSE=1.0817, AbsRel=0.4652, δ1=0.4944"
exp65,ViT from scratch,ours,pre-radial,config/vit.yaml,logs/summary_train/exp65_vit_lr3e5_bs16.log;logs/summary_test/exp65_vit_lr3e5_bs16_test.log,,,,97b6668,delete_candidate,"pre-radial era; user rule: non-radial 실험은 전부 삭제 | metrics=RMSE=1.0818, AbsRel=0.4467, δ1=0.4959"
exp160,Pretrained ViT + FOA aux,pretrained_backbone,pre-radial,config/foa.yaml,logs/summary_train/exp160_pvitfoav1_lr1e4_w0.1.log;logs/summary_test/exp160_pvitfoav1_lr1e4_w0.1_test.log,,results/pretrained_vit_foa_soundspaces_BS16_Lr0.0001_AdamW_exp160_pvitfoa_lr1e4_lsh0.1;results/pretrained_vit_foa_soundspaces_BS16_Lr0.0001_AdamW_exp160_pvitfoav1_lr1e4_w0.1,,97b6668,delete_candidate,"pre-radial era; user rule: non-radial 실험은 전부 삭제 | metrics=RMSE=1.0820, AbsRel=0.4619, δ1=0.4948"
exp107,Original FOA UNet,ours,pre-radial,config/foa.yaml,logs/summary_train/exp107_foa_lr5e4_fw0.3_hw0.1.log;logs/summary_test/exp107_foa_lr5e4_fw0.3_hw0.1_test.log,,,,97b6668,delete_candidate,"pre-radial era; user rule: non-radial 실험은 전부 삭제 | metrics=RMSE=1.0824, AbsRel=0.4574, δ1=0.4945"
exp61,ViT from scratch,ours,pre-radial,config/vit.yaml,logs/summary_train/exp61_vit_lr1e4_bs16.log;logs/summary_test/exp61_vit_lr1e4_bs16_test.log,,,,97b6668,delete_candidate,"pre-radial era; user rule: non-radial 실험은 전부 삭제 | metrics=RMSE=1.0824, AbsRel=0.4496, δ1=0.4989"
exp174,N3 energy attention,ours,pre-radial,,logs/summary_train/exp174_n3eattn_lr1e3_lsh0.3.log;logs/summary_test/exp174_n3eattn_lr1e3_lsh0.3_test.log,,results/unet_256_soundspaces_BS32_Lr0.001_AdamW_exp174_n3eattn_lr1e3_lsh0.3,,97b6668,delete_candidate,"pre-radial era; user rule: non-radial 실험은 전부 삭제 | metrics=RMSE=1.0835, AbsRel=0.4767, δ1=0.4836"
exp71,BatVision UNet,comparison_baseline,pre-radial,config/batvision.yaml,logs/summary_train/exp71_batvision_lr1e3_bs32.log;logs/summary_test/exp71_batvision_lr1e3_bs32_test.log,,,,97b6668,delete_candidate,"pre-radial era; user rule: non-radial 실험은 전부 삭제 | metrics=RMSE=1.0835, AbsRel=0.4430, δ1=0.4897"
exp226,N3 multi-scale SH,ours,pre-radial,,logs/n3_train/exp226_n3mssh_dw2_lr1e3_lsh0.3.log;logs/n3_test/exp226_n3mssh_dw2_lr1e3_lsh0.3_test.log,checkpoints/unet_256_soundspaces_BS32_Lr0.001_AdamW_exp226_n3mssh_dw2_lr1e3_lsh0.3,results/unet_256_soundspaces_BS32_Lr0.001_AdamW_exp226_n3mssh_dw2_lr1e3_lsh0.3,,97b6668,delete_candidate,"pre-radial era; user rule: non-radial 실험은 전부 삭제 | metrics=RMSE=1.0845, AbsRel=0.4396, δ1=0.4947"
exp20,FOA cross-attention,ours,pre-radial,config/foa.yaml,logs/summary_train/exp20_crossattn_lr5e4_fw0.2.log;logs/summary_test/exp20_crossattn_lr5e4_fw0.2_test.log,,,,97b6668,delete_candidate,"pre-radial era; user rule: non-radial 실험은 전부 삭제 | metrics=RMSE=1.0850, AbsRel=0.4735, δ1=0.4931"
exp125,EchoDiffusion,comparison_baseline,pre-radial,config/echodiffusion.yaml,logs/summary_train/exp125_echodiff_wav2vec_lr1e4_bs8.log;logs/summary_test/exp125_echodiff_wav2vec_lr1e4_bs8_test.log,,results/echodiffusion_soundspaces_BS8_Lr0.0001_AdamW_exp125_echodiff_wav2vec_lr1e4_bs8,,97b6668,delete_candidate,"pre-radial era; user rule: non-radial 실험은 전부 삭제 | metrics=RMSE=1.0852, AbsRel=0.4750, δ1=0.4994"
exp215,Distillation from oracle,ablation,pre-radial,,logs/n3_train/exp215_n3eattn_distill_lkd0.5.log;logs/n3_test/exp215_n3eattn_distill_lkd0.5_test.log,checkpoints/unet_256_soundspaces_BS32_Lr0.001_AdamW_exp215_n3eattn_distill_lkd0.5,results/unet_256_soundspaces_BS32_Lr0.001_AdamW_exp215_n3eattn_distill_lkd0.5,,97b6668,delete_candidate,"pre-radial era; user rule: non-radial 실험은 전부 삭제 | metrics=RMSE=1.0853, AbsRel=0.4288, δ1=0.4943"
exp120,Original FOA UNet,ours,pre-radial,config/foa.yaml,logs/summary_train/exp120_foa_lr5e4_fw0.05_hw0.1_freeze5.log;logs/summary_test/exp120_foa_lr5e4_fw0.05_hw0.1_freeze5_test.log,,,,97b6668,delete_candidate,"pre-radial era; user rule: non-radial 실험은 전부 삭제 | metrics=RMSE=1.0858, AbsRel=0.4568, δ1=0.4884"
exp50,Original FOA UNet,ours,pre-radial,config/foa.yaml,logs/summary_train/exp50_foa_lr1e3_dw1.0_fw0.1_hw0.1_freeze5.log;logs/summary_test/exp50_foa_lr1e3_dw1.0_fw0.1_hw0.1_freeze5_test.log,,,,97b6668,delete_candidate,"pre-radial era; user rule: non-radial 실험은 전부 삭제 | metrics=RMSE=1.0858, AbsRel=0.4691, δ1=0.4860"
exp173,N3 energy attention,ours,pre-radial,,logs/summary_train/exp173_n3eattn_lr5e4_lsh0.1.log;logs/summary_test/exp173_n3eattn_lr5e4_lsh0.1_test.log,,results/unet_256_soundspaces_BS32_Lr0.0005_AdamW_exp173_n3eattn_lr5e4_lsh0.1,,97b6668,delete_candidate,"pre-radial era; user rule: non-radial 실험은 전부 삭제 | metrics=RMSE=1.0859, AbsRel=0.4511, δ1=0.4866"
exp216,N3 energy attention,ours,pre-radial,config/vit.yaml,logs/n3_train/exp216_pvit_eattn_lr1e4_lsh0.1.log;logs/n3_test/exp216_pvit_eattn_lr1e4_lsh0.1_test.log,checkpoints/pretrained_vit_foa_v6_eattn_soundspaces_BS32_Lr0.0001_AdamW_exp216_pvit_eattn_lr1e4_lsh0.1,results/pretrained_vit_foa_v6_eattn_soundspaces_BS32_Lr0.0001_AdamW_exp216_pvit_eattn_lr1e4_lsh0.1,,97b6668,delete_candidate,"pre-radial era; user rule: non-radial 실험은 전부 삭제 | metrics=RMSE=1.0863, AbsRel=0.4639, δ1=0.4974"
exp96,Original FOA UNet,ours,pre-radial,config/foa.yaml,logs/summary_train/exp96_foa_lr2e4_dw1.0_fw0.1_hw0.1.log;logs/summary_test/exp96_foa_lr2e4_dw1.0_fw0.1_hw0.1_test.log,,,,97b6668,delete_candidate,"pre-radial era; user rule: non-radial 실험은 전부 삭제 | metrics=RMSE=1.0866, AbsRel=0.4752, δ1=0.4929"
exp23,FOA feature bank,ours,pre-radial,config/foa.yaml,logs/summary_train/exp23_featbank_lr1e4_fw0.1.log;logs/summary_test/exp23_featbank_lr1e4_fw0.1_test.log,,,,97b6668,delete_candidate,"pre-radial era; user rule: non-radial 실험은 전부 삭제 | metrics=RMSE=1.0869, AbsRel=0.4913, δ1=0.4977"
exp214,N3 energy attention SH9,ours,pre-radial,,logs/n3_train/exp214_n3eattn_sh9_lr1e3_lsh0.1.log;logs/n3_test/exp214_n3eattn_sh9_lr1e3_lsh0.1_test.log,checkpoints/unet_256_soundspaces_BS32_Lr0.001_AdamW_exp214_n3eattn_sh9_lr1e3_lsh0.1,results/unet_256_soundspaces_BS32_Lr0.001_AdamW_exp214_n3eattn_sh9_lr1e3_lsh0.1,,97b6668,delete_candidate,"pre-radial era; user rule: non-radial 실험은 전부 삭제 | metrics=RMSE=1.0870, AbsRel=0.4373, δ1=0.4954"
exp44,Original FOA UNet,ours,pre-radial,config/foa.yaml,logs/summary_train/exp44_foa_lr5e4_dw1.0_fw0.1_hw0.2.log;logs/summary_test/exp44_foa_lr5e4_dw1.0_fw0.1_hw0.2_test.log,,,,97b6668,delete_candidate,"pre-radial era; user rule: non-radial 실험은 전부 삭제 | metrics=RMSE=1.0871, AbsRel=0.4781, δ1=0.4986"
exp109,Original FOA UNet,ours,pre-radial,config/foa.yaml,logs/summary_train/exp109_foa_lr1e3_dw1.0_fw0.2_hw0.2_freeze5.log;logs/summary_test/exp109_foa_lr1e3_dw1.0_fw0.2_hw0.2_freeze5_test.log,,,,97b6668,delete_candidate,"pre-radial era; user rule: non-radial 실험은 전부 삭제 | metrics=RMSE=1.0873, AbsRel=0.4889, δ1=0.4923"
exp188,N2 direct FOA spectrogram input,ours,pre-radial,config/foa.yaml,logs/n2_train/exp188_n2_6ch_lr5e4_lsh0.1.log;logs/n2_test/exp188_n2_6ch_lr5e4_lsh0.1_test.log,,results/unet_256_soundspaces_BS128_Lr0.0005_AdamW_exp188_n2_6ch_lr5e4_lsh0.1,,97b6668,delete_candidate,"pre-radial era; user rule: non-radial 실험은 전부 삭제 | metrics=RMSE=1.0875, AbsRel=0.4444, δ1=0.4983"
exp41,Original FOA UNet,ours,pre-radial,config/foa.yaml,logs/summary_train/exp41_foa_lr1e3_dw1.0_fw0.2_hw0.1.log;logs/summary_test/exp41_foa_lr1e3_dw1.0_fw0.2_hw0.1_test.log,,,,97b6668,delete_candidate,"pre-radial era; user rule: non-radial 실험은 전부 삭제 | metrics=RMSE=1.0875, AbsRel=0.4568, δ1=0.4900"
exp170,N3 multi-scale SH,ours,pre-radial,,logs/summary_train/exp170_n3mssh_lr5e4_lsh0.1.log;logs/summary_test/exp170_n3mssh_lr5e4_lsh0.1_test.log,,results/unet_256_soundspaces_BS32_Lr0.0005_AdamW_exp170_n3mssh_lr5e4_lsh0.1,,97b6668,delete_candidate,"pre-radial era; user rule: non-radial 실험은 전부 삭제 | metrics=RMSE=1.0878, AbsRel=0.4676, δ1=0.4985"
exp16,FOA cross-attention,ours,pre-radial,config/foa.yaml,logs/summary_train/exp16_crossattn_lr1e3_fw0.1.log;logs/summary_test/exp16_crossattn_lr1e3_fw0.1_test.log,,,,97b6668,delete_candidate,"pre-radial era; user rule: non-radial 실험은 전부 삭제 | metrics=RMSE=1.0880, AbsRel=0.4570, δ1=0.4958"
exp51,Original FOA UNet,ours,pre-radial,config/foa.yaml,logs/summary_train/exp51_foa_lr1e3_dw1.0_fw0.1_hw0.1_freeze10.log;logs/summary_test/exp51_foa_lr1e3_dw1.0_fw0.1_hw0.1_freeze10_test.log,,,,97b6668,delete_candidate,"pre-radial era; user rule: non-radial 실험은 전부 삭제 | metrics=RMSE=1.0881, AbsRel=0.4839, δ1=0.4913"
exp105,Original FOA UNet,ours,pre-radial,config/foa.yaml,logs/summary_train/exp105_foa_lr1e3_fw0.3_hw0.1.log;logs/summary_test/exp105_foa_lr1e3_fw0.3_hw0.1_test.log,,,,97b6668,delete_candidate,"pre-radial era; user rule: non-radial 실험은 전부 삭제 | metrics=RMSE=1.0884, AbsRel=0.4638, δ1=0.4940"
exp36,Original FOA UNet,ours,pre-radial,config/foa.yaml,logs/summary_train/exp36_foa_lr1e3_dw1.0_fw0.1_hw0.1.log;logs/summary_test/exp36_foa_lr1e3_dw1.0_fw0.1_hw0.1_test.log,,,,97b6668,delete_candidate,"pre-radial era; user rule: non-radial 실험은 전부 삭제 | metrics=RMSE=1.0884, AbsRel=0.4850, δ1=0.4943"
exp186,N3 energy attention,ours,pre-radial,,logs/summary_train/exp186_n3eattn_lr1e3_lsh0.5.log;logs/summary_test/exp186_n3eattn_lr1e3_lsh0.5_test.log,,results/unet_256_soundspaces_BS128_Lr0.001_AdamW_exp186_n3eattn_lr1e3_lsh0.5,,97b6668,delete_candidate,"pre-radial era; user rule: non-radial 실험은 전부 삭제 | metrics=RMSE=1.0885, AbsRel=0.4504, δ1=0.4893"
exp48,Original FOA UNet,ours,pre-radial,config/foa.yaml,logs/summary_train/exp48_foa_lr1e3_dw1.0_fw0.05_hw0.1.log;logs/summary_test/exp48_foa_lr1e3_dw1.0_fw0.05_hw0.1_test.log,,,,97b6668,delete_candidate,"pre-radial era; user rule: non-radial 실험은 전부 삭제 | metrics=RMSE=1.0886, AbsRel=0.4625, δ1=0.4920"
exp56,FOA v2,ours,pre-radial,config/foa.yaml,logs/summary_train/exp56_foav2_lr1e3_dw1.0_fw0.1_hw0.1.log;logs/summary_train/exp56_resnet_lr1e4_bs32.log;logs/summary_test/exp56_foav2_lr1e3_dw1.0_fw0.1_hw0.1_test.log;logs/summary_test/exp56_resnet_lr1e4_bs32_test.log,,,,97b6668,delete_candidate,"pre-radial era; user rule: non-radial 실험은 전부 삭제 | metrics=RMSE=1.0886, AbsRel=0.4672, δ1=0.4905"
exp40,Original FOA UNet,ours,pre-radial,config/foa.yaml,logs/summary_train/exp40_foa_lr5e4_bs16_dw1.0_fw0.1_hw0.1.log;logs/summary_test/exp40_foa_lr5e4_bs16_dw1.0_fw0.1_hw0.1_test.log,,,,97b6668,delete_candidate,"pre-radial era; user rule: non-radial 실험은 전부 삭제 | metrics=RMSE=1.0888, AbsRel=0.4693, δ1=0.4962"
exp99,Original FOA UNet,ours,pre-radial,config/foa.yaml,logs/summary_train/exp99_foa_lr1e3_dw1.5_fw0.1_hw0.1.log;logs/summary_test/exp99_foa_lr1e3_dw1.5_fw0.1_hw0.1_test.log,,,,97b6668,delete_candidate,"pre-radial era; user rule: non-radial 실험은 전부 삭제 | metrics=RMSE=1.0888, AbsRel=0.4748, δ1=0.5034"
exp184,UNKNOWN,ours,pre-radial,,logs/summary_train/exp184_v1base_lr1e3_lsh0.1.log;logs/summary_test/exp184_v1base_lr1e3_lsh0.1_test.log,,results/unet_256_soundspaces_BS128_Lr0.001_AdamW_exp184_v1base_lr1e3_lsh0.1,,97b6668,delete_candidate,"pre-radial era; user rule: non-radial 실험은 전부 삭제 | metrics=RMSE=1.0889, AbsRel=0.4836, δ1=0.4939"
exp121,EchoDiffusion,comparison_baseline,pre-radial,config/echodiffusion.yaml,logs/summary_train/exp121_echodiff_wav2vec_lr1e4_bs16.log;logs/summary_test/exp121_echodiff_wav2vec_lr1e4_bs16_test.log,checkpoints/echodiffusion_soundspaces_BS16_Lr0.0001_AdamW_exp121_echodiff_wav2vec_lr1e4_bs16,results/echodiffusion_soundspaces_BS16_Lr0.0001_AdamW_exp121_echodiff_wav2vec_lr1e4_bs16,,97b6668,delete_candidate,"pre-radial era; user rule: non-radial 실험은 전부 삭제 | metrics=RMSE=1.0892, AbsRel=0.4485, δ1=0.4887"
exp72,BatVision UNet,comparison_baseline,pre-radial,config/batvision.yaml,logs/summary_train/exp72_batvision_lr5e4_bs32.log;logs/summary_test/exp72_batvision_lr5e4_bs32_test.log,,,,97b6668,delete_candidate,"pre-radial era; user rule: non-radial 실험은 전부 삭제 | metrics=RMSE=1.0893, AbsRel=0.4552, δ1=0.4894"
exp03,Baseline UNet,ours,pre-radial,config/baseline.yaml,logs/summary_train/exp03_baseline_lr1e4_bs32.log;logs/summary_test/exp03_baseline_lr1e4_bs32_test.log,,,,97b6668,delete_candidate,"pre-radial era; user rule: non-radial 실험은 전부 삭제 | metrics=RMSE=1.0894, AbsRel=0.4295, δ1=0.4934"
exp227,N3 MSSH + energy attention,ours,pre-radial,,logs/n3_train/exp227_n3mssh_eattn_lr1e3_lsh0.3.log;logs/n3_test/exp227_n3mssh_eattn_lr1e3_lsh0.3_test.log,checkpoints/unet_256_soundspaces_BS32_Lr0.001_AdamW_exp227_n3mssh_eattn_lr1e3_lsh0.3,results/unet_256_soundspaces_BS32_Lr0.001_AdamW_exp227_n3mssh_eattn_lr1e3_lsh0.3,,97b6668,delete_candidate,"pre-radial era; user rule: non-radial 실험은 전부 삭제 | metrics=RMSE=1.0895, AbsRel=0.4331, δ1=0.5008"
exp228,N3 MSSH + energy attention,ours,pre-radial,,logs/n3_train/exp228_n3mssh_eattn_lenergy_lr1e3_lsh0.1.log;logs/n3_test/exp228_n3mssh_eattn_lenergy_lr1e3_lsh0.1_test.log,checkpoints/unet_256_soundspaces_BS32_Lr0.001_AdamW_exp228_n3mssh_eattn_lenergy_lr1e3_lsh0.1,results/unet_256_soundspaces_BS32_Lr0.001_AdamW_exp228_n3mssh_eattn_lenergy_lr1e3_lsh0.1,,97b6668,delete_candidate,"pre-radial era; user rule: non-radial 실험은 전부 삭제 | metrics=RMSE=1.0898, AbsRel=0.4332, δ1=0.4964"
exp117,Original FOA UNet,ours,pre-radial,config/foa.yaml,logs/summary_train/exp117_foa_lr2e4_dw1.0_fw0.2_hw0.2.log;logs/summary_test/exp117_foa_lr2e4_dw1.0_fw0.2_hw0.2_test.log,,,,97b6668,delete_candidate,"pre-radial era; user rule: non-radial 실험은 전부 삭제 | metrics=RMSE=1.0899, AbsRel=0.4742, δ1=0.4908"
exp27,FOA multi-scale attention,ours,pre-radial,config/foa.yaml,logs/summary_train/exp27_msattn_lr5e4_fw0.1.log;logs/summary_test/exp27_msattn_lr5e4_fw0.1_test.log,,,,97b6668,delete_candidate,"pre-radial era; user rule: non-radial 실험은 전부 삭제 | metrics=RMSE=1.0901, AbsRel=0.4483, δ1=0.4913"
exp116,Original FOA UNet,ours,pre-radial,config/foa.yaml,logs/summary_train/exp116_foa_lr3e4_fw0.2_hw0.1.log;logs/summary_test/exp116_foa_lr3e4_fw0.2_hw0.1_test.log,,,,97b6668,delete_candidate,"pre-radial era; user rule: non-radial 실험은 전부 삭제 | metrics=RMSE=1.0902, AbsRel=0.4452, δ1=0.4944"
exp161,Pretrained ViT + FOA aux,pretrained_backbone,pre-radial,config/foa.yaml,logs/summary_train/exp161_pvitfoav1_lr5e5_w0.3.log;logs/summary_test/exp161_pvitfoav1_lr5e5_w0.3_test.log,,results/pretrained_vit_foa_soundspaces_BS16_Lr5e-05_AdamW_exp161_pvitfoav1_lr5e5_w0.3,,97b6668,delete_candidate,"pre-radial era; user rule: non-radial 실험은 전부 삭제 | metrics=RMSE=1.0903, AbsRel=0.4673, δ1=0.5000"
exp42,Original FOA UNet,ours,pre-radial,config/foa.yaml,logs/summary_train/exp42_foa_lr5e4_dw1.0_fw0.2_hw0.1.log;logs/summary_test/exp42_foa_lr5e4_dw1.0_fw0.2_hw0.1_test.log,,,,97b6668,delete_candidate,"pre-radial era; user rule: non-radial 실험은 전부 삭제 | metrics=RMSE=1.0904, AbsRel=0.4572, δ1=0.5018"
exp91,FOA channel attention,ours,pre-radial,config/foa.yaml,logs/summary_train/exp91_channelattn_lr1e3_fw0.1_kl0.02.log;logs/summary_test/exp91_channelattn_lr1e3_fw0.1_kl0.02_test.log,,,,97b6668,delete_candidate,"pre-radial era; user rule: non-radial 실험은 전부 삭제 | metrics=RMSE=1.0907, AbsRel=0.4470, δ1=0.4869"
exp14,EchoDiffusion,comparison_baseline,pre-radial,config/echodiffusion.yaml,logs/summary_train/exp14_echodiff_lr5e4_bs32.log;logs/summary_test/exp14_echodiff_lr5e4_bs32_test.log,,,,97b6668,delete_candidate,"pre-radial era; user rule: non-radial 실험은 전부 삭제 | metrics=RMSE=1.0908, AbsRel=0.4664, δ1=0.4932"
exp210,N3 energy attention,ours,pre-radial,,logs/n3_train/exp210_n3eattn_lenergy0.3_lr1e3_lsh0.1.log;logs/n3_test/exp210_n3eattn_lenergy0.3_lr1e3_lsh0.1_test.log,checkpoints/unet_256_soundspaces_BS32_Lr0.001_AdamW_exp210_n3eattn_lenergy0.3_lr1e3_lsh0.1,results/unet_256_soundspaces_BS32_Lr0.001_AdamW_exp210_n3eattn_lenergy0.3_lr1e3_lsh0.1,,97b6668,delete_candidate,"pre-radial era; user rule: non-radial 실험은 전부 삭제 | metrics=RMSE=1.0913, AbsRel=0.4763, δ1=0.4930"
exp80,FOA cross-attention,ours,pre-radial,config/foa.yaml,logs/summary_train/exp80_crossattn_lr1e3_fw0.3_kl0.01.log;logs/summary_test/exp80_crossattn_lr1e3_fw0.3_kl0.01_test.log,,,,97b6668,delete_candidate,"pre-radial era; user rule: non-radial 실험은 전부 삭제 | metrics=RMSE=1.0913, AbsRel=0.4731, δ1=0.5007"
exp53,Original FOA UNet,ours,pre-radial,config/foa.yaml,logs/summary_train/exp53_foa_lr5e4_dw0.5_fw0.2_hw0.1.log;logs/summary_test/exp53_foa_lr5e4_dw0.5_fw0.2_hw0.1_test.log,,,,97b6668,delete_candidate,"pre-radial era; user rule: non-radial 실험은 전부 삭제 | metrics=RMSE=1.0917, AbsRel=0.4669, δ1=0.4878"
exp29,FOA multi-scale attention,ours,pre-radial,config/foa.yaml,logs/summary_train/exp29_msattn_lr1e3_fw0.2.log;logs/summary_test/exp29_msattn_lr1e3_fw0.2_test.log,,,,97b6668,delete_candidate,"pre-radial era; user rule: non-radial 실험은 전부 삭제 | metrics=RMSE=1.0922, AbsRel=0.4723, δ1=0.4936"
exp103,Original FOA UNet,ours,pre-radial,config/foa.yaml,logs/summary_train/exp103_foa_lr5e4_fw0.15_hw0.1.log;logs/summary_test/exp103_foa_lr5e4_fw0.15_hw0.1_test.log,,,,97b6668,delete_candidate,"pre-radial era; user rule: non-radial 실험은 전부 삭제 | metrics=RMSE=1.0925, AbsRel=0.4662, δ1=0.4871"
exp05,Baseline UNet,ours,pre-radial,config/baseline.yaml,logs/summary_train/exp05_baseline_lr5e4_bs16.log;logs/summary_test/exp05_baseline_lr5e4_bs16_test.log,checkpoints/unet_256_soundspaces_BS16_Lr0.0005_AdamW_exp05_baseline_lr5e4_bs16,results/unet_256_soundspaces_BS16_Lr0.0005_AdamW_exp05_baseline_lr5e4_bs16,,97b6668,delete_candidate,"pre-radial era; user rule: non-radial 실험은 전부 삭제 | metrics=RMSE=1.0927, AbsRel=0.4688, δ1=0.4863"
exp25,FOA feature bank,ours,pre-radial,config/foa.yaml,logs/summary_train/exp25_featbank_lr5e4_fw0.2.log;logs/summary_test/exp25_featbank_lr5e4_fw0.2_test.log,,,,97b6668,delete_candidate,"pre-radial era; user rule: non-radial 실험은 전부 삭제 | metrics=RMSE=1.0928, AbsRel=0.4558, δ1=0.4913"
exp73,BatVision UNet,comparison_baseline,pre-radial,config/batvision.yaml,logs/summary_train/exp73_batvision_lr1e4_bs32.log;logs/summary_test/exp73_batvision_lr1e4_bs32_test.log,,,,97b6668,delete_candidate,"pre-radial era; user rule: non-radial 실험은 전부 삭제 | metrics=RMSE=1.0928, AbsRel=0.4551, δ1=0.4998"
exp164,Pretrained ViT + FOA aux,pretrained_backbone,pre-radial,config/foa.yaml,logs/summary_train/exp164_pvitfoav3_lr1e4_w0.1.log;logs/summary_test/exp164_pvitfoav3_lr1e4_w0.1_test.log,,results/pretrained_vit_foa_v3_soundspaces_BS16_Lr0.0001_AdamW_exp164_pvitfoav3_lr1e4_w0.1,,97b6668,delete_candidate,"pre-radial era; user rule: non-radial 실험은 전부 삭제 | metrics=RMSE=1.0929, AbsRel=0.4372, δ1=0.4972"
exp83,FOA feature bank,ours,pre-radial,config/foa.yaml,logs/summary_train/exp83_featbank_lr1e3_fw0.05_kl0.01.log;logs/summary_test/exp83_featbank_lr1e3_fw0.05_kl0.01_test.log,,,,97b6668,delete_candidate,"pre-radial era; user rule: non-radial 실험은 전부 삭제 | metrics=RMSE=1.0930, AbsRel=0.4701, δ1=0.4817"
exp204,N2 temporal-bin cross-attention,ours,pre-radial,,logs/n2_train/exp204_n2_xattn_lr1e3_lsh0.1.log;logs/n2_test/exp204_n2_xattn_lr1e3_lsh0.1_test.log,checkpoints/unet_256_soundspaces_BS128_Lr0.001_AdamW_exp204_n2_xattn_lr1e3_lsh0.1,results/unet_256_soundspaces_BS128_Lr0.001_AdamW_exp204_n2_xattn_lr1e3_lsh0.1,,97b6668,delete_candidate,"pre-radial era; user rule: non-radial 실험은 전부 삭제 | metrics=RMSE=1.0931, AbsRel=0.4510, δ1=0.5010"
exp209,N3 energy attention,ours,pre-radial,,,,,,97b6668,delete_candidate,"pre-radial era; user rule: non-radial 실험은 전부 삭제 | metrics=RMSE=1.0931, AbsRel=0.4410, δ1=0.4954"
exp169,N3 multi-scale SH,ours,pre-radial,,logs/summary_train/exp169_n3mssh_lr1e3_lsh0.1.log;logs/summary_test/exp169_n3mssh_lr1e3_lsh0.1_test.log,,results/unet_256_soundspaces_BS32_Lr0.001_AdamW_exp169_n3mssh_lr1e3_lsh0.1,,97b6668,delete_candidate,"pre-radial era; user rule: non-radial 실험은 전부 삭제 | metrics=RMSE=1.0937, AbsRel=0.4418, δ1=0.4972"
exp199,Temporal RMS FiLM,ours,pre-radial,,logs/n2_train/exp199_n2_trms_film_lr1e3_lsh0.1.log;logs/n2_test/exp199_n2_trms_film_lr1e3_lsh0.1_test.log,,results/unet_256_soundspaces_BS128_Lr0.001_AdamW_exp199_n2_trms_film_lr1e3_lsh0.1,,97b6668,delete_candidate,"pre-radial era; user rule: non-radial 실험은 전부 삭제 | metrics=RMSE=1.0937, AbsRel=0.4356, δ1=0.4855"
exp32,FOA channel attention,ours,pre-radial,config/foa.yaml,logs/summary_train/exp32_channelattn_lr5e4_fw0.1.log;logs/summary_test/exp32_channelattn_lr5e4_fw0.1_test.log,,,,97b6668,delete_candidate,"pre-radial era; user rule: non-radial 실험은 전부 삭제 | metrics=RMSE=1.0938, AbsRel=0.4510, δ1=0.4960"
exp17,FOA cross-attention,ours,pre-radial,config/foa.yaml,logs/summary_train/exp17_crossattn_lr5e4_fw0.1.log;logs/summary_test/exp17_crossattn_lr5e4_fw0.1_test.log,,,,97b6668,delete_candidate,"pre-radial era; user rule: non-radial 실험은 전부 삭제 | metrics=RMSE=1.0939, AbsRel=0.4599, δ1=0.4927"
exp24,FOA feature bank,ours,pre-radial,config/foa.yaml,logs/summary_train/exp24_featbank_lr1e3_fw0.2.log;logs/summary_test/exp24_featbank_lr1e3_fw0.2_test.log,,,,97b6668,delete_candidate,"pre-radial era; user rule: non-radial 실험은 전부 삭제 | metrics=RMSE=1.0939, AbsRel=0.4759, δ1=0.5010"
exp197,N2 FOA STFT FiLM,ours,pre-radial,config/foa.yaml,logs/n2_train/exp197_n2_stft_lr1e3_lsh0.1.log;logs/n2_test/exp197_n2_stft_lr1e3_lsh0.1_test.log,,results/unet_256_soundspaces_BS128_Lr0.001_AdamW_exp197_n2_stft_lr1e3_lsh0.1,,97b6668,delete_candidate,"pre-radial era; user rule: non-radial 실험은 전부 삭제 | metrics=RMSE=1.0941, AbsRel=0.4578, δ1=0.4821"
exp222,N3 multi-scale SH,ours,pre-radial,,logs/n3_train/exp222_n3mssh_lr1e3_lsh0.7.log;logs/n3_test/exp222_n3mssh_lr1e3_lsh0.7_test.log,checkpoints/unet_256_soundspaces_BS32_Lr0.001_AdamW_exp222_n3mssh_lr1e3_lsh0.7,results/unet_256_soundspaces_BS32_Lr0.001_AdamW_exp222_n3mssh_lr1e3_lsh0.7,,97b6668,delete_candidate,"pre-radial era; user rule: non-radial 실험은 전부 삭제 | metrics=RMSE=1.0941, AbsRel=0.4546, δ1=0.5022"
exp81,FOA feature bank,ours,pre-radial,config/foa.yaml,logs/summary_train/exp81_featbank_lr1e3_fw0.1_kl0.02.log;logs/summary_test/exp81_featbank_lr1e3_fw0.1_kl0.02_test.log,,,,97b6668,delete_candidate,"pre-radial era; user rule: non-radial 실험은 전부 삭제 | metrics=RMSE=1.0943, AbsRel=0.4462, δ1=0.4900"
exp55,Original FOA UNet,ours,pre-radial,config/foa.yaml,logs/summary_train/exp55_foa_lr1e4_bs16_dw1.0_fw0.1_hw0.1.log;logs/summary_test/exp55_foa_lr1e4_bs16_dw1.0_fw0.1_hw0.1_test.log,,,,97b6668,delete_candidate,"pre-radial era; user rule: non-radial 실험은 전부 삭제 | metrics=RMSE=1.0945, AbsRel=0.4656, δ1=0.4919"
exp92,FOA channel attention,ours,pre-radial,config/foa.yaml,logs/summary_train/exp92_channelattn_lr5e4_fw0.2_kl0.005.log;logs/summary_test/exp92_channelattn_lr5e4_fw0.2_kl0.005_test.log,,,,97b6668,delete_candidate,"pre-radial era; user rule: non-radial 실험은 전부 삭제 | metrics=RMSE=1.0945, AbsRel=0.4561, δ1=0.4948"
exp113,Original FOA UNet,ours,pre-radial,config/foa.yaml,logs/summary_train/exp113_foa_lr1e3_dw1.0_fw0.05_hw0.05.log;logs/summary_test/exp113_foa_lr1e3_dw1.0_fw0.05_hw0.05_test.log,,,,97b6668,delete_candidate,"pre-radial era; user rule: non-radial 실험은 전부 삭제 | metrics=RMSE=1.0948, AbsRel=0.4440, δ1=0.4862"
exp34,FOA channel attention,ours,pre-radial,config/foa.yaml,logs/summary_train/exp34_channelattn_lr1e3_fw0.2.log;logs/summary_test/exp34_channelattn_lr1e3_fw0.2_test.log,,,,97b6668,delete_candidate,"pre-radial era; user rule: non-radial 실험은 전부 삭제 | metrics=RMSE=1.0951, AbsRel=0.4631, δ1=0.4890"
exp119,Original FOA UNet,ours,pre-radial,config/foa.yaml,logs/summary_train/exp119_foa_lr1e3_fw0.1_hw0.2_freeze3.log;logs/summary_test/exp119_foa_lr1e3_fw0.1_hw0.2_freeze3_test.log,,,,97b6668,delete_candidate,"pre-radial era; user rule: non-radial 실험은 전부 삭제 | metrics=RMSE=1.0952, AbsRel=0.4566, δ1=0.4845"
exp58,FOA v2,ours,pre-radial,config/foa.yaml,logs/summary_train/exp58_foav2_lr1e4_dw1.0_fw0.1_hw0.1.log;logs/summary_train/exp58_resnet_lr5e4_bs32.log;logs/summary_test/exp58_foav2_lr1e4_dw1.0_fw0.1_hw0.1_test.log;logs/summary_test/exp58_resnet_lr5e4_bs32_test.log,,,,97b6668,delete_candidate,"pre-radial era; user rule: non-radial 실험은 전부 삭제 | metrics=RMSE=1.0952, AbsRel=0.4824, δ1=0.4854"
exp19,FOA cross-attention,ours,pre-radial,config/foa.yaml,logs/summary_train/exp19_crossattn_lr1e3_fw0.2.log;logs/summary_test/exp19_crossattn_lr1e3_fw0.2_test.log,,,,97b6668,delete_candidate,"pre-radial era; user rule: non-radial 실험은 전부 삭제 | metrics=RMSE=1.0957, AbsRel=0.4652, δ1=0.4995"
exp122,EchoDiffusion,comparison_baseline,pre-radial,config/echodiffusion.yaml,logs/summary_train/exp122_echodiff_wav2vec_lr5e4_bs16.log;logs/summary_test/exp122_echodiff_wav2vec_lr5e4_bs16_test.log,,,,97b6668,delete_candidate,"pre-radial era; user rule: non-radial 실험은 전부 삭제 | metrics=RMSE=1.0958, AbsRel=0.4585, δ1=0.4882"
exp124,EchoDiffusion,comparison_baseline,pre-radial,config/echodiffusion.yaml,logs/summary_train/exp124_echodiff_wav2vec_lr5e5_bs16.log;logs/summary_test/exp124_echodiff_wav2vec_lr5e5_bs16_test.log,,results/echodiffusion_soundspaces_BS16_Lr5e-05_AdamW_exp124_echodiff_wav2vec_lr5e5_bs16,,97b6668,delete_candidate,"pre-radial era; user rule: non-radial 실험은 전부 삭제 | metrics=RMSE=1.0958, AbsRel=0.4901, δ1=0.4721"
exp104,Original FOA UNet,ours,pre-radial,config/foa.yaml,logs/summary_train/exp104_foa_lr5e4_fw0.1_hw0.15.log;logs/summary_test/exp104_foa_lr5e4_fw0.1_hw0.15_test.log,,,,97b6668,delete_candidate,"pre-radial era; user rule: non-radial 실험은 전부 삭제 | metrics=RMSE=1.0964, AbsRel=0.4745, δ1=0.4886"
exp62,ViT from scratch,ours,pre-radial,config/vit.yaml,logs/summary_train/exp62_vit_lr5e5_bs16.log;logs/summary_test/exp62_vit_lr5e5_bs16_test.log,,,,97b6668,delete_candidate,"pre-radial era; user rule: non-radial 실험은 전부 삭제 | metrics=RMSE=1.0964, AbsRel=0.4449, δ1=0.4869"
exp47,Original FOA UNet,ours,pre-radial,config/foa.yaml,logs/summary_train/exp47_foa_lr1e3_dw2.0_fw0.1_hw0.1.log;logs/summary_test/exp47_foa_lr1e3_dw2.0_fw0.1_hw0.1_test.log,,,,97b6668,delete_candidate,"pre-radial era; user rule: non-radial 실험은 전부 삭제 | metrics=RMSE=1.0968, AbsRel=0.4463, δ1=0.4858"
exp45,Original FOA UNet,ours,pre-radial,config/foa.yaml,logs/summary_train/exp45_foa_lr1e3_dw1.0_fw0.2_hw0.2.log;logs/summary_test/exp45_foa_lr1e3_dw1.0_fw0.2_hw0.2_test.log,,,,97b6668,delete_candidate,"pre-radial era; user rule: non-radial 실험은 전부 삭제 | metrics=RMSE=1.0969, AbsRel=0.4955, δ1=0.4913"
exp206,N2 temporal-bin cross-attention,ours,pre-radial,,logs/n2_train/exp206_n2_xattn_lr1e3_lsh0.3.log;logs/n2_test/exp206_n2_xattn_lr1e3_lsh0.3_test.log,checkpoints/unet_256_soundspaces_BS128_Lr0.001_AdamW_exp206_n2_xattn_lr1e3_lsh0.3,results/unet_256_soundspaces_BS128_Lr0.001_AdamW_exp206_n2_xattn_lr1e3_lsh0.3,,97b6668,delete_candidate,"pre-radial era; user rule: non-radial 실험은 전부 삭제 | metrics=RMSE=1.0972, AbsRel=0.4604, δ1=0.4844"
exp35,FOA channel attention,ours,pre-radial,config/foa.yaml,logs/summary_train/exp35_channelattn_lr5e4_fw0.2.log;logs/summary_test/exp35_channelattn_lr5e4_fw0.2_test.log,,,,97b6668,delete_candidate,"pre-radial era; user rule: non-radial 실험은 전부 삭제 | metrics=RMSE=1.0972, AbsRel=0.4579, δ1=0.4909"
exp43,Original FOA UNet,ours,pre-radial,config/foa.yaml,logs/summary_train/exp43_foa_lr1e3_dw1.0_fw0.1_hw0.2.log;logs/summary_test/exp43_foa_lr1e3_dw1.0_fw0.1_hw0.2_test.log,,,,97b6668,delete_candidate,"pre-radial era; user rule: non-radial 실험은 전부 삭제 | metrics=RMSE=1.0972, AbsRel=0.4660, δ1=0.4930"
exp39,Original FOA UNet,ours,pre-radial,config/foa.yaml,logs/summary_train/exp39_foa_lr1e3_bs16_dw1.0_fw0.1_hw0.1.log;logs/summary_test/exp39_foa_lr1e3_bs16_dw1.0_fw0.1_hw0.1_test.log,,,,97b6668,delete_candidate,"pre-radial era; user rule: non-radial 실험은 전부 삭제 | metrics=RMSE=1.0973, AbsRel=0.4953, δ1=0.4973"
exp88,FOA multi-scale attention,ours,pre-radial,config/foa.yaml,logs/summary_train/exp88_msattn_lr1e3_fw0.05_kl0.01.log;logs/summary_test/exp88_msattn_lr1e3_fw0.05_kl0.01_test.log,,,,97b6668,delete_candidate,"pre-radial era; user rule: non-radial 실험은 전부 삭제 | metrics=RMSE=1.0975, AbsRel=0.4724, δ1=0.4998"
exp30,FOA multi-scale attention,ours,pre-radial,config/foa.yaml,logs/summary_train/exp30_msattn_lr5e4_fw0.2.log;logs/summary_test/exp30_msattn_lr5e4_fw0.2_test.log,,,,97b6668,delete_candidate,"pre-radial era; user rule: non-radial 실험은 전부 삭제 | metrics=RMSE=1.0977, AbsRel=0.4551, δ1=0.4912"
exp46,Original FOA UNet,ours,pre-radial,config/foa.yaml,logs/summary_train/exp46_foa_lr1e3_dw0.5_fw0.1_hw0.1.log;logs/summary_test/exp46_foa_lr1e3_dw0.5_fw0.1_hw0.1_test.log,,,,97b6668,delete_candidate,"pre-radial era; user rule: non-radial 실험은 전부 삭제 | metrics=RMSE=1.0977, AbsRel=0.4663, δ1=0.4937"
exp18,FOA cross-attention,ours,pre-radial,config/foa.yaml,logs/summary_train/exp18_crossattn_lr1e4_fw0.1.log;logs/summary_test/exp18_crossattn_lr1e4_fw0.1_test.log,,,,97b6668,delete_candidate,"pre-radial era; user rule: non-radial 실험은 전부 삭제 | metrics=RMSE=1.0978, AbsRel=0.4856, δ1=0.4905"
exp76,FOA cross-attention,ours,pre-radial,config/foa.yaml,logs/summary_train/exp76_crossattn_lr1e3_fw0.1_kl0.02.log;logs/summary_test/exp76_crossattn_lr1e3_fw0.1_kl0.02_test.log,,,,97b6668,delete_candidate,"pre-radial era; user rule: non-radial 실험은 전부 삭제 | metrics=RMSE=1.0981, AbsRel=0.4588, δ1=0.4895"
exp22,FOA feature bank,ours,pre-radial,config/foa.yaml,logs/summary_train/exp22_featbank_lr5e4_fw0.1.log;logs/summary_test/exp22_featbank_lr5e4_fw0.1_test.log,,,,97b6668,delete_candidate,"pre-radial era; user rule: non-radial 실험은 전부 삭제 | metrics=RMSE=1.0983, AbsRel=0.4702, δ1=0.4944"
exp60,FOA v2,ours,pre-radial,config/foa.yaml,logs/summary_train/exp60_foav2_lr5e4_dw1.0_fw0.2_hw0.2.log;logs/summary_train/exp60_resnet_lr3e4_bs32.log;logs/summary_test/exp60_foav2_lr5e4_dw1.0_fw0.2_hw0.2_test.log;logs/summary_test/exp60_resnet_lr3e4_bs32_test.log,checkpoints/pretrained_resnet_soundspaces_BS32_Lr0.0003_AdamW_exp60_resnet_lr3e4_bs32;checkpoints/unet_256_soundspaces_BS32_Lr0.0005_AdamW_exp60_foav2_lr5e4_dw1.0_fw0.2_hw0.2,results/pretrained_resnet_soundspaces_BS32_Lr0.0003_AdamW_exp60_resnet_lr3e4_bs32;results/unet_256_soundspaces_BS32_Lr0.0005_AdamW_exp60_foav2_lr5e4_dw1.0_fw0.2_hw0.2,,97b6668,delete_candidate,"pre-radial era; user rule: non-radial 실험은 전부 삭제 | metrics=RMSE=1.0988, AbsRel=0.4700, δ1=0.4906"
exp02,Baseline UNet,ours,pre-radial,config/baseline.yaml,logs/summary_train/exp02_baseline_lr5e4_bs32.log;logs/summary_test/exp02_baseline_lr5e4_bs32_test.log,,,,97b6668,delete_candidate,"pre-radial era; user rule: non-radial 실험은 전부 삭제 | metrics=RMSE=1.0989, AbsRel=0.4127, δ1=0.4943"
exp87,FOA multi-scale attention,ours,pre-radial,config/foa.yaml,logs/summary_train/exp87_msattn_lr5e4_fw0.2_kl0.005.log;logs/summary_test/exp87_msattn_lr5e4_fw0.2_kl0.005_test.log,,,,97b6668,delete_candidate,"pre-radial era; user rule: non-radial 실험은 전부 삭제 | metrics=RMSE=1.0990, AbsRel=0.4751, δ1=0.4868"
exp77,FOA cross-attention,ours,pre-radial,config/foa.yaml,logs/summary_train/exp77_crossattn_lr5e4_fw0.2_kl0.005.log;logs/summary_test/exp77_crossattn_lr5e4_fw0.2_kl0.005_test.log,,,,97b6668,delete_candidate,"pre-radial era; user rule: non-radial 실험은 전부 삭제 | metrics=RMSE=1.0992, AbsRel=0.5034, δ1=0.4989"
exp115,Original FOA UNet,ours,pre-radial,config/foa.yaml,logs/summary_train/exp115_foa_lr1e3_dw2.0_fw0.2_hw0.1.log;logs/summary_test/exp115_foa_lr1e3_dw2.0_fw0.2_hw0.1_test.log,,,,97b6668,delete_candidate,"pre-radial era; user rule: non-radial 실험은 전부 삭제 | metrics=RMSE=1.0994, AbsRel=0.4513, δ1=0.4943"
exp75,BatVision UNet,comparison_baseline,pre-radial,config/batvision.yaml,logs/summary_train/exp75_batvision_lr2e3_bs32.log;logs/summary_test/exp75_batvision_lr2e3_bs32_test.log,checkpoints/unet_256_soundspaces_BS32_Lr0.002_AdamW_exp75_batvision_lr2e3_bs32,results/unet_256_soundspaces_BS32_Lr0.002_AdamW_exp75_batvision_lr2e3_bs32,,97b6668,delete_candidate,"pre-radial era; user rule: non-radial 실험은 전부 삭제 | metrics=RMSE=1.0994, AbsRel=0.4659, δ1=0.4938"
exp205,N2 temporal-bin cross-attention,ours,pre-radial,,logs/n2_train/exp205_n2_xattn_lr5e4_lsh0.1.log;logs/n2_test/exp205_n2_xattn_lr5e4_lsh0.1_test.log,checkpoints/unet_256_soundspaces_BS128_Lr0.0005_AdamW_exp205_n2_xattn_lr5e4_lsh0.1,results/unet_256_soundspaces_BS128_Lr0.0005_AdamW_exp205_n2_xattn_lr5e4_lsh0.1,,97b6668,delete_candidate,"pre-radial era; user rule: non-radial 실험은 전부 삭제 | metrics=RMSE=1.0998, AbsRel=0.4373, δ1=0.4926"
exp89,FOA multi-scale attention,ours,pre-radial,config/foa.yaml,logs/summary_train/exp89_msattn_lr5e4_fw0.1_hw0.2_kl0.01.log;logs/summary_test/exp89_msattn_lr5e4_fw0.1_hw0.2_kl0.01_test.log,,,,97b6668,delete_candidate,"pre-radial era; user rule: non-radial 실험은 전부 삭제 | metrics=RMSE=1.0999, AbsRel=0.4686, δ1=0.4921"
exp162,Pretrained ViT + FOA aux,pretrained_backbone,pre-radial,config/foa.yaml,logs/summary_train/exp162_pvitfoav2_lr1e4_w0.1.log;logs/summary_test/exp162_pvitfoav2_lr1e4_w0.1_test.log,,results/pretrained_vit_foa_v2_soundspaces_BS16_Lr0.0001_AdamW_exp162_pvitfoav2_lr1e4_w0.1,,97b6668,delete_candidate,"pre-radial era; user rule: non-radial 실험은 전부 삭제 | metrics=RMSE=1.1000, AbsRel=0.4782, δ1=0.4833"
exp207,N3 energy attention,ours,pre-radial,,,,,,97b6668,delete_candidate,"pre-radial era; user rule: non-radial 실험은 전부 삭제 | metrics=RMSE=1.1000, AbsRel=0.4350, δ1=0.4966"
exp97,Original FOA UNet,ours,pre-radial,config/foa.yaml,logs/summary_train/exp97_foa_lr3e4_dw1.0_fw0.1_hw0.1.log;logs/summary_test/exp97_foa_lr3e4_dw1.0_fw0.1_hw0.1_test.log,,,,97b6668,delete_candidate,"pre-radial era; user rule: non-radial 실험은 전부 삭제 | metrics=RMSE=1.1010, AbsRel=0.4299, δ1=0.4922"
exp229,N3 MSSH + energy attention,ours,pre-radial,,,,,,97b6668,delete_candidate,"pre-radial era; user rule: non-radial 실험은 전부 삭제 | metrics=RMSE=1.1013, AbsRel=0.4394, δ1=0.4940"
exp59,FOA v2,ours,pre-radial,config/foa.yaml,logs/summary_train/exp59_foav2_lr1e3_dw1.0_fw0.2_hw0.1.log;logs/summary_train/exp59_resnet_lr1e4_bs16.log;logs/summary_test/exp59_foav2_lr1e3_dw1.0_fw0.2_hw0.1_test.log;logs/summary_test/exp59_resnet_lr1e4_bs16_test.log,,,,97b6668,delete_candidate,"pre-radial era; user rule: non-radial 실험은 전부 삭제 | metrics=RMSE=1.1021, AbsRel=0.4663, δ1=0.4966"
exp84,FOA feature bank,ours,pre-radial,config/foa.yaml,logs/summary_train/exp84_featbank_lr5e4_fw0.1_hw0.2_kl0.01.log;logs/summary_test/exp84_featbank_lr5e4_fw0.1_hw0.2_kl0.01_test.log,,,,97b6668,delete_candidate,"pre-radial era; user rule: non-radial 실험은 전부 삭제 | metrics=RMSE=1.1022, AbsRel=0.4747, δ1=0.4869"
exp57,FOA v2,ours,pre-radial,config/foa.yaml,logs/summary_train/exp57_foav2_lr5e4_dw1.0_fw0.1_hw0.1.log;logs/summary_train/exp57_resnet_lr5e5_bs32.log;logs/summary_test/exp57_foav2_lr5e4_dw1.0_fw0.1_hw0.1_test.log;logs/summary_test/exp57_resnet_lr5e5_bs32_test.log,,,,97b6668,delete_candidate,"pre-radial era; user rule: non-radial 실험은 전부 삭제 | metrics=RMSE=1.1023, AbsRel=0.4821, δ1=0.4922"
exp212,N3 FiLM,ours,pre-radial,,logs/n3_train/exp212_n3film_eattn_lr1e3_lsh0.1.log;logs/n3_test/exp212_n3film_eattn_lr1e3_lsh0.1_test.log,checkpoints/unet_256_soundspaces_BS32_Lr0.001_AdamW_exp212_n3film_eattn_lr1e3_lsh0.1,results/unet_256_soundspaces_BS32_Lr0.001_AdamW_exp212_SMOKE;results/unet_256_soundspaces_BS32_Lr0.001_AdamW_exp212_n3film_eattn_lr1e3_lsh0.1,,97b6668,delete_candidate,"pre-radial era; user rule: non-radial 실험은 전부 삭제 | metrics=RMSE=1.1025, AbsRel=0.4307, δ1=0.4828"
exp64,ViT from scratch,ours,pre-radial,config/vit.yaml,logs/summary_train/exp64_vit_lr1e4_bs8.log;logs/summary_test/exp64_vit_lr1e4_bs8_test.log,checkpoints/pretrained_vit_soundspaces_BS8_Lr0.0001_AdamW_exp64_vit_lr1e4_bs8,results/pretrained_vit_soundspaces_BS8_Lr0.0001_AdamW_exp64_vit_lr1e4_bs8,,97b6668,delete_candidate,"pre-radial era; user rule: non-radial 실험은 전부 삭제 | metrics=RMSE=1.1028, AbsRel=0.4654, δ1=0.4803"
exp21,FOA feature bank,ours,pre-radial,config/foa.yaml,logs/summary_train/exp21_featbank_lr1e3_fw0.1.log;logs/summary_test/exp21_featbank_lr1e3_fw0.1_test.log,,,,97b6668,delete_candidate,"pre-radial era; user rule: non-radial 실험은 전부 삭제 | metrics=RMSE=1.1032, AbsRel=0.4900, δ1=0.4894"
exp217,N3 multi-scale SH,ours,pre-radial,config/vit.yaml,logs/n3_train/exp217_pvit_mssh_lr1e4_lsh0.1.log;logs/n3_test/exp217_pvit_mssh_lr1e4_lsh0.1_test.log,checkpoints/pretrained_vit_foa_v6_mssh_soundspaces_BS32_Lr0.0001_AdamW_exp217_pvit_mssh_lr1e4_lsh0.1,results/pretrained_vit_foa_v6_mssh_soundspaces_BS32_Lr0.0001_AdamW_exp217_pvit_mssh_lr1e4_lsh0.1,,97b6668,delete_candidate,"pre-radial era; user rule: non-radial 실험은 전부 삭제 | metrics=RMSE=1.1035, AbsRel=0.4656, δ1=0.4860"
exp211,N3 energy attention,ours,pre-radial,,,,,,97b6668,delete_candidate,"pre-radial era; user rule: non-radial 실험은 전부 삭제 | metrics=RMSE=1.1036, AbsRel=0.4300, δ1=0.4945"
exp166,N3 FiLM,ours,pre-radial,,logs/summary_train/exp166_n3film_lr1e3_lsh0.1.log;logs/summary_test/exp166_n3film_lr1e3_lsh0.1_test.log,,results/pretrained_vit_foa_v4_soundspaces_BS16_Lr0.0001_AdamW_exp166_pvitfoav4_lr1e4_w0.1;results/unet_256_soundspaces_BS32_Lr0.001_AdamW_exp166_n3film_lr1e3_lsh0.1,,97b6668,delete_candidate,"pre-radial era; user rule: non-radial 실험은 전부 삭제 | metrics=RMSE=1.1045, AbsRel=0.4271, δ1=0.4901"
exp85,FOA feature bank,ours,pre-radial,config/foa.yaml,logs/summary_train/exp85_featbank_lr1e3_fw0.3_kl0.01.log;logs/summary_test/exp85_featbank_lr1e3_fw0.3_kl0.01_test.log,,,,97b6668,delete_candidate,"pre-radial era; user rule: non-radial 실험은 전부 삭제 | metrics=RMSE=1.1045, AbsRel=0.4707, δ1=0.4812"
exp112,Original FOA UNet,ours,pre-radial,config/foa.yaml,logs/summary_train/exp112_foa_lr5e4_dw1.0_fw0.1_hw0.1_freeze10.log;logs/summary_test/exp112_foa_lr5e4_dw1.0_fw0.1_hw0.1_freeze10_test.log,,,,97b6668,delete_candidate,"pre-radial era; user rule: non-radial 실험은 전부 삭제 | metrics=RMSE=1.1047, AbsRel=0.4440, δ1=0.4944"
exp221,N3 multi-scale SH,ours,pre-radial,,logs/n3_train/exp221_n3mssh_lr1e3_lsh0.5.log;logs/n3_test/exp221_n3mssh_lr1e3_lsh0.5_test.log,checkpoints/unet_256_soundspaces_BS32_Lr0.001_AdamW_exp221_n3mssh_lr1e3_lsh0.5,results/unet_256_soundspaces_BS32_Lr0.001_AdamW_exp221_n3mssh_lr1e3_lsh0.5,,97b6668,delete_candidate,"pre-radial era; user rule: non-radial 실험은 전부 삭제 | metrics=RMSE=1.1052, AbsRel=0.4351, δ1=0.4941"
exp08,ViT from scratch,ours,pre-radial,config/vit.yaml,logs/summary_train/exp08_vit_lr1e4_bs16.log;logs/summary_test/exp08_vit_lr1e4_bs16_test.log,,,,97b6668,delete_candidate,"pre-radial era; user rule: non-radial 실험은 전부 삭제 | metrics=RMSE=1.1055, AbsRel=0.5163, δ1=0.4805"
exp194,Temporal energy attention/supervision,ours,pre-radial,,logs/n2_train/exp194_n2_tenergy_lr1e3_lsh0.3.log;logs/n2_test/exp194_n2_tenergy_lr1e3_lsh0.3_test.log,,results/unet_256_soundspaces_BS128_Lr0.001_AdamW_exp194_n2_tenergy_lr1e3_lsh0.3,,97b6668,delete_candidate,"pre-radial era; user rule: non-radial 실험은 전부 삭제 | metrics=RMSE=1.1056, AbsRel=0.4736, δ1=0.4950"
exp26,FOA multi-scale attention,ours,pre-radial,config/foa.yaml,logs/summary_train/exp26_msattn_lr1e3_fw0.1.log;logs/summary_test/exp26_msattn_lr1e3_fw0.1_test.log,,,,97b6668,delete_candidate,"pre-radial era; user rule: non-radial 실험은 전부 삭제 | metrics=RMSE=1.1056, AbsRel=0.4410, δ1=0.4955"
exp38,Original FOA UNet,ours,pre-radial,config/foa.yaml,logs/summary_train/exp38_foa_lr1e4_dw1.0_fw0.1_hw0.1.log;logs/summary_test/exp38_foa_lr1e4_dw1.0_fw0.1_hw0.1_test.log,,,,97b6668,delete_candidate,"pre-radial era; user rule: non-radial 실험은 전부 삭제 | metrics=RMSE=1.1058, AbsRel=0.4441, δ1=0.4878"
exp54,Original FOA UNet,ours,pre-radial,config/foa.yaml,logs/summary_train/exp54_foa_lr1e4_dw1.0_fw0.2_hw0.1.log;logs/summary_test/exp54_foa_lr1e4_dw1.0_fw0.2_hw0.1_test.log,,,,97b6668,delete_candidate,"pre-radial era; user rule: non-radial 실험은 전부 삭제 | metrics=RMSE=1.1059, AbsRel=0.4716, δ1=0.4968"
exp11,EchoDiffusion,comparison_baseline,pre-radial,config/echodiffusion.yaml,logs/summary_train/exp11_echodiff_lr1e4_bs32.log;logs/summary_test/exp11_echodiff_lr1e4_bs32_test.log,,,,97b6668,delete_candidate,"pre-radial era; user rule: non-radial 실험은 전부 삭제 | metrics=RMSE=1.1060, AbsRel=0.4300, δ1=0.4876"
exp123,EchoDiffusion,comparison_baseline,pre-radial,config/echodiffusion.yaml,logs/summary_train/exp123_echodiff_wav2vec_lr1e4_bs32.log;logs/summary_test/exp123_echodiff_wav2vec_lr1e4_bs32_test.log,,,,97b6668,delete_candidate,"pre-radial era; user rule: non-radial 실험은 전부 삭제 | metrics=RMSE=1.1062, AbsRel=0.4214, δ1=0.4884"
exp185,UNKNOWN,ours,pre-radial,,logs/summary_train/exp185_v1base_lr5e4_lsh0.1.log;logs/summary_test/exp185_v1base_lr5e4_lsh0.1_test.log,,results/unet_256_soundspaces_BS128_Lr0.0005_AdamW_exp185_v1base_lr5e4_lsh0.1,,97b6668,delete_candidate,"pre-radial era; user rule: non-radial 실험은 전부 삭제 | metrics=RMSE=1.1068, AbsRel=0.4772, δ1=0.4802"
exp108,Original FOA UNet,ours,pre-radial,config/foa.yaml,logs/summary_train/exp108_foa_lr5e4_dw2.0_fw0.1_hw0.1.log;logs/summary_test/exp108_foa_lr5e4_dw2.0_fw0.1_hw0.1_test.log,,,,97b6668,delete_candidate,"pre-radial era; user rule: non-radial 실험은 전부 삭제 | metrics=RMSE=1.1069, AbsRel=0.5068, δ1=0.4916"
exp95,FOA channel attention,ours,pre-radial,config/foa.yaml,logs/summary_train/exp95_channelattn_lr1e3_fw0.3_kl0.01.log;logs/summary_test/exp95_channelattn_lr1e3_fw0.3_kl0.01_test.log,,,,97b6668,delete_candidate,"pre-radial era; user rule: non-radial 실험은 전부 삭제 | metrics=RMSE=1.1071, AbsRel=0.4590, δ1=0.4904"
exp167,N3 FiLM,ours,pre-radial,,logs/summary_train/exp167_n3film_lr5e4_lsh0.1.log;logs/summary_test/exp167_n3film_lr5e4_lsh0.1_test.log,,results/pretrained_vit_foa_v4_soundspaces_BS16_Lr5e-05_AdamW_exp167_pvitfoav4_lr5e5_w0.3;results/unet_256_soundspaces_BS32_Lr0.0005_AdamW_exp167_n3film_lr5e4_lsh0.1,,97b6668,delete_candidate,"pre-radial era; user rule: non-radial 실험은 전부 삭제 | metrics=RMSE=1.1073, AbsRel=0.4612, δ1=0.4983"
exp33,FOA channel attention,ours,pre-radial,config/foa.yaml,logs/summary_train/exp33_channelattn_lr1e4_fw0.1.log;logs/summary_test/exp33_channelattn_lr1e4_fw0.1_test.log,,,,97b6668,delete_candidate,"pre-radial era; user rule: non-radial 실험은 전부 삭제 | metrics=RMSE=1.1074, AbsRel=0.4339, δ1=0.4974"
exp04,Baseline UNet,ours,pre-radial,config/baseline.yaml,logs/summary_train/exp04_baseline_lr1e3_bs16.log;logs/summary_test/exp04_baseline_lr1e3_bs16_test.log,,,,97b6668,delete_candidate,"pre-radial era; user rule: non-radial 실험은 전부 삭제 | metrics=RMSE=1.1076, AbsRel=0.4300, δ1=0.4882"
exp79,FOA cross-attention,ours,pre-radial,config/foa.yaml,logs/summary_train/exp79_crossattn_lr5e4_fw0.1_hw0.2_kl0.01.log;logs/summary_test/exp79_crossattn_lr5e4_fw0.1_hw0.2_kl0.01_test.log,,,,97b6668,delete_candidate,"pre-radial era; user rule: non-radial 실험은 전부 삭제 | metrics=RMSE=1.1085, AbsRel=0.4519, δ1=0.4903"
exp93,FOA channel attention,ours,pre-radial,config/foa.yaml,logs/summary_train/exp93_channelattn_lr1e3_fw0.05_kl0.01.log;logs/summary_test/exp93_channelattn_lr1e3_fw0.05_kl0.01_test.log,,,,97b6668,delete_candidate,"pre-radial era; user rule: non-radial 실험은 전부 삭제 | metrics=RMSE=1.1097, AbsRel=0.4754, δ1=0.4915"
exp37,Original FOA UNet,ours,pre-radial,config/foa.yaml,logs/summary_train/exp37_foa_lr5e4_dw1.0_fw0.1_hw0.1.log;logs/summary_test/exp37_foa_lr5e4_dw1.0_fw0.1_hw0.1_test.log,,,,97b6668,delete_candidate,"pre-radial era; user rule: non-radial 실험은 전부 삭제 | metrics=RMSE=1.1102, AbsRel=0.4520, δ1=0.4753"
exp171,N3 multi-scale SH,ours,pre-radial,,logs/summary_train/exp171_n3mssh_lr1e3_lsh0.3.log;logs/summary_test/exp171_n3mssh_lr1e3_lsh0.3_test.log,,results/unet_256_soundspaces_BS32_Lr0.001_AdamW_exp171_n3mssh_lr1e3_lsh0.3,,97b6668,delete_candidate,"pre-radial era; user rule: non-radial 실험은 전부 삭제 | metrics=RMSE=1.1104, AbsRel=0.4218, δ1=0.4823"
exp101,Original FOA UNet,ours,pre-radial,config/foa.yaml,logs/summary_train/exp101_foa_lr1e3_fw0.1_hw0.15.log;logs/summary_test/exp101_foa_lr1e3_fw0.1_hw0.15_test.log,,,,97b6668,delete_candidate,"pre-radial era; user rule: non-radial 실험은 전부 삭제 | metrics=RMSE=1.1116, AbsRel=0.4414, δ1=0.4831"
exp193,Temporal energy attention/supervision,ours,pre-radial,,logs/n2_train/exp193_n2_tenergy_lr5e4_lsh0.1.log;logs/n2_test/exp193_n2_tenergy_lr5e4_lsh0.1_test.log,,results/unet_256_soundspaces_BS128_Lr0.0005_AdamW_exp193_n2_tenergy_lr5e4_lsh0.1,,97b6668,delete_candidate,"pre-radial era; user rule: non-radial 실험은 전부 삭제 | metrics=RMSE=1.1121, AbsRel=0.4475, δ1=0.4923"
exp31,FOA channel attention,ours,pre-radial,config/foa.yaml,logs/summary_train/exp31_channelattn_lr1e3_fw0.1.log;logs/summary_test/exp31_channelattn_lr1e3_fw0.1_test.log,,,,97b6668,delete_candidate,"pre-radial era; user rule: non-radial 실험은 전부 삭제 | metrics=RMSE=1.1121, AbsRel=0.4547, δ1=0.4804"
exp13,EchoDiffusion,comparison_baseline,pre-radial,config/echodiffusion.yaml,logs/summary_train/exp13_echodiff_lr1e4_bs16.log;logs/summary_test/exp13_echodiff_lr1e4_bs16_test.log,,,,97b6668,delete_candidate,"pre-radial era; user rule: non-radial 실험은 전부 삭제 | metrics=RMSE=1.1134, AbsRel=0.4504, δ1=0.4930"
exp191,Temporal RMS auxiliary,ours,pre-radial,,logs/n2_train/exp191_n2_trms_lr5e4_lsh0.1.log;logs/n2_test/exp191_n2_trms_lr5e4_lsh0.1_test.log,,results/unet_256_soundspaces_BS128_Lr0.0005_AdamW_exp191_n2_trms_lr5e4_lsh0.1,,97b6668,delete_candidate,"pre-radial era; user rule: non-radial 실험은 전부 삭제 | metrics=RMSE=1.1136, AbsRel=0.4408, δ1=0.4984"
exp165,Pretrained ViT + FOA aux,pretrained_backbone,pre-radial,config/foa.yaml,,,,,97b6668,delete_candidate,"pre-radial era; user rule: non-radial 실험은 전부 삭제 | metrics=RMSE=1.1140, AbsRel=0.4369, δ1=0.4896"
exp168,N3 FiLM,ours,pre-radial,,logs/summary_train/exp168_n3film_lr1e3_lsh0.3.log;logs/summary_test/exp168_n3film_lr1e3_lsh0.3_test.log,,results/unet_256_soundspaces_BS32_Lr0.001_AdamW_exp168_n3film_lr1e3_lsh0.3,,97b6668,delete_candidate,"pre-radial era; user rule: non-radial 실험은 전부 삭제 | metrics=RMSE=1.1142, AbsRel=0.4434, δ1=0.4846"
exp66,Echo-Net,comparison_baseline,pre-radial,config/echonet.yaml,logs/summary_test/exp66_echonet_lr1e3_bs8_test.log,,,,97b6668,delete_candidate,"pre-radial era; user rule: non-radial 실험은 전부 삭제 | metrics=RMSE=1.1156, AbsRel=0.4550, δ1=0.4778"
exp223,N3 multi-scale SH,ours,pre-radial,,logs/n3_train/exp223_n3mssh_lr1e3_lsh0.2.log;logs/n3_test/exp223_n3mssh_lr1e3_lsh0.2_test.log,checkpoints/unet_256_soundspaces_BS32_Lr0.001_AdamW_exp223_n3mssh_lr1e3_lsh0.2,results/unet_256_soundspaces_BS32_Lr0.001_AdamW_exp223_n3mssh_lr1e3_lsh0.2,,97b6668,delete_candidate,"pre-radial era; user rule: non-radial 실험은 전부 삭제 | metrics=RMSE=1.1161, AbsRel=0.4171, δ1=0.4904"
exp63,ViT from scratch,ours,pre-radial,config/vit.yaml,logs/summary_train/exp63_vit_lr5e4_bs16.log;logs/summary_test/exp63_vit_lr5e4_bs16_test.log,,,,97b6668,delete_candidate,"pre-radial era; user rule: non-radial 실험은 전부 삭제 | metrics=RMSE=1.1168, AbsRel=0.4578, δ1=0.4733"
exp10,ViT from scratch,ours,pre-radial,config/vit.yaml,logs/summary_train/exp10_vit_lr1e5_bs32.log;logs/summary_test/exp10_vit_lr1e5_bs32_test.log,,,,97b6668,delete_candidate,"pre-radial era; user rule: non-radial 실험은 전부 삭제 | metrics=RMSE=1.1170, AbsRel=0.4720, δ1=0.4812"
exp07,ViT from scratch,ours,pre-radial,config/vit.yaml,logs/summary_train/exp07_vit_lr5e5_bs32.log;logs/summary_test/exp07_vit_lr5e5_bs32_test.log,,,,97b6668,delete_candidate,"pre-radial era; user rule: non-radial 실험은 전부 삭제 | metrics=RMSE=1.1174, AbsRel=0.4755, δ1=0.4731"
exp12,EchoDiffusion,comparison_baseline,pre-radial,config/echodiffusion.yaml,logs/summary_train/exp12_echodiff_lr5e5_bs32.log;logs/summary_test/exp12_echodiff_lr5e5_bs32_test.log,,,,97b6668,delete_candidate,"pre-radial era; user rule: non-radial 실험은 전부 삭제 | metrics=RMSE=1.1208, AbsRel=0.4914, δ1=0.4816"
exp190,Temporal RMS auxiliary,ours,pre-radial,,logs/n2_train/exp190_n2_trms_lr1e3_lsh0.1.log;logs/n2_test/exp190_n2_trms_lr1e3_lsh0.1_test.log,,results/unet_256_soundspaces_BS128_Lr0.001_AdamW_exp190_n2_trms_lr1e3_lsh0.1,,97b6668,delete_candidate,"pre-radial era; user rule: non-radial 실험은 전부 삭제 | metrics=RMSE=1.1231, AbsRel=0.4370, δ1=0.4868"
exp06,ViT from scratch,ours,pre-radial,config/vit.yaml,logs/summary_train/exp06_vit_lr1e4_bs32.log;logs/summary_test/exp06_vit_lr1e4_bs32_test.log,,,,97b6668,delete_candidate,"pre-radial era; user rule: non-radial 실험은 전부 삭제 | metrics=RMSE=1.1265, AbsRel=0.4770, δ1=0.4705"
exp220,ViT from scratch,ours,pre-radial,config/vit.yaml,,,,,97b6668,delete_candidate,"pre-radial era; user rule: non-radial 실험은 전부 삭제 | metrics=RMSE=1.1287, AbsRel=0.4631, δ1=0.4683"
exp15,EchoDiffusion,comparison_baseline,pre-radial,config/echodiffusion.yaml,logs/summary_train/exp15_echodiff_lr1e5_bs32.log;logs/summary_test/exp15_echodiff_lr1e5_bs32_test.log,,,,97b6668,delete_candidate,"pre-radial era; user rule: non-radial 실험은 전부 삭제 | metrics=RMSE=1.1300, AbsRel=0.4708, δ1=0.4728"
exp70,Echo-Net,comparison_baseline,pre-radial,config/echonet.yaml,logs/summary_train/exp70_echonet_lr2e3_bs16.log;logs/summary_test/exp70_echonet_lr2e3_bs16_test.log,,,,97b6668,delete_candidate,"pre-radial era; user rule: non-radial 실험은 전부 삭제 | metrics=RMSE=1.1398, AbsRel=0.4782, δ1=0.4343"
exp177,UNKNOWN,ours,pre-radial,,logs/summary_train/exp177_n3twin_lr1e3_lsh0.3.log;logs/summary_test/exp177_n3twin_lr1e3_lsh0.3_test.log,,results/unet_256_soundspaces_BS32_Lr0.001_AdamW_exp177_n3twin_lr1e3_lsh0.3,,97b6668,delete_candidate,"pre-radial era; user rule: non-radial 실험은 전부 삭제 | metrics=RMSE=1.1442, AbsRel=0.5449, δ1=0.4529"
exp69,Echo-Net,comparison_baseline,pre-radial,config/echonet.yaml,logs/summary_test/exp69_echonet_lr1e3_bs16_test.log,checkpoints/echonet_soundspaces_BS16_Lr0.001_AdamW_exp69_echonet_lr1e3_bs16,results/echonet_soundspaces_BS16_Lr0.001_AdamW_exp69_echonet_lr1e3_bs16,,97b6668,delete_candidate,"pre-radial era; user rule: non-radial 실험은 전부 삭제 | metrics=RMSE=1.1852, AbsRel=0.5718, δ1=0.4039"
exp09,ViT from scratch,ours,pre-radial,config/vit.yaml,logs/summary_train/exp09_vit_lr5e4_bs32.log;logs/summary_test/exp09_vit_lr5e4_bs32_test.log,,,,97b6668,delete_candidate,"pre-radial era; user rule: non-radial 실험은 전부 삭제 | metrics=RMSE=1.1985, AbsRel=0.5593, δ1=0.4443"
exp176,UNKNOWN,ours,pre-radial,,logs/summary_train/exp176_n3twin_lr5e4_lsh0.1.log;logs/summary_test/exp176_n3twin_lr5e4_lsh0.1_test.log,,results/unet_256_soundspaces_BS32_Lr0.0005_AdamW_exp176_n3twin_lr5e4_lsh0.1,,97b6668,delete_candidate,"pre-radial era; user rule: non-radial 실험은 전부 삭제 | metrics=RMSE=1.2022, AbsRel=0.5430, δ1=0.4583"
exp163,Pretrained ViT + FOA aux,pretrained_backbone,pre-radial,config/foa.yaml,,,results/pretrained_vit_foa_soundspaces_BS16_Lr5e-05_AdamW_exp163_pvitfoa_lr5e5_lsh0.5,,97b6668,delete_candidate,"pre-radial era; user rule: non-radial 실험은 전부 삭제 | metrics=RMSE=1.2099, AbsRel=0.5089, δ1=0.4388"
exp175,UNKNOWN,ours,pre-radial,,logs/summary_train/exp175_n3twin_lr1e3_lsh0.1.log;logs/summary_test/exp175_n3twin_lr1e3_lsh0.1_test.log,,results/unet_256_soundspaces_BS32_Lr0.001_AdamW_exp175_n3twin_lr1e3_lsh0.1,,97b6668,delete_candidate,"pre-radial era; user rule: non-radial 실험은 전부 삭제 | metrics=RMSE=1.2325, AbsRel=0.5477, δ1=0.4514"
exp182,FOA oracle nc1,ablation,pre-radial,config/foa.yaml,logs/summary_train/exp182_oracle_nc1_lr5e4_lsh0.1.log;logs/summary_test/exp182_oracle_nc1_lr5e4_lsh0.1_test.log,,results/unet_256_soundspaces_BS128_Lr0.0005_AdamW_exp182_oracle_nc1_lr5e4_lsh0.1;results/unet_256_soundspaces_BS32_Lr0.0005_AdamW_exp182_oracle_nc1_lr5e4_lsh0.1,,97b6668,delete_candidate,"pre-radial era; user rule: non-radial 실험은 전부 삭제 | metrics=RMSE=1.2396, AbsRel=0.5352, δ1=0.4173"
exp183,FOA oracle nc1,ablation,pre-radial,config/foa.yaml,logs/summary_train/exp183_oracle_nc1_lr1e3_lsh0.3.log;logs/summary_test/exp183_oracle_nc1_lr1e3_lsh0.3_test.log,,results/unet_256_soundspaces_BS128_Lr0.001_AdamW_exp183_oracle_nc1_lr1e3_lsh0.3,,97b6668,delete_candidate,"pre-radial era; user rule: non-radial 실험은 전부 삭제 | metrics=RMSE=1.2596, AbsRel=0.5500, δ1=0.4152"
exp181,FOA oracle nc1,ablation,pre-radial,config/foa.yaml,logs/summary_train/exp181_oracle_nc1_lr1e3_lsh0.1.log;logs/summary_test/exp181_oracle_nc1_lr1e3_lsh0.1_test.log,,results/unet_256_soundspaces_BS128_Lr0.001_AdamW_exp181_oracle_nc1_lr1e3_lsh0.1;results/unet_256_soundspaces_BS32_Lr0.001_AdamW_exp181_oracle_nc1_lr1e3_lsh0.1,,97b6668,delete_candidate,"pre-radial era; user rule: non-radial 실험은 전부 삭제 | metrics=RMSE=1.2620, AbsRel=0.5152, δ1=0.4103"
exp68,Echo-Net,comparison_baseline,pre-radial,config/echonet.yaml,logs/summary_test/exp68_echonet_lr1e4_bs16_test.log,,,,97b6668,delete_candidate,"pre-radial era; user rule: non-radial 실험은 전부 삭제 | metrics=RMSE=1.5988, AbsRel=0.6347, δ1=0.1621"
exp67,Echo-Net,comparison_baseline,pre-radial,config/echonet.yaml,logs/summary_test/exp67_echonet_lr5e4_bs16_test.log,,,,97b6668,delete_candidate,"pre-radial era; user rule: non-radial 실험은 전부 삭제 | metrics=RMSE=1.7018, AbsRel=1.0335, δ1=0.2152"
exp350,unet_baseline,ours,pre-radial,config/baseline.yaml,logs/n3_revisit_train/exp350_baseline_lr5e4_bs16.log;logs/n2_revisit_test/exp350_baseline_lr1e3_bs32_test.log,checkpoints/unet_256_soundspaces_BS16_Lr0.0005_AdamW_exp350_baseline_lr5e4_bs16;checkpoints/unet_256_soundspaces_BS16_Lr0.001_AdamW_exp350_baseline_lr1e3_bs16;checkpoints/unet_256_soundspaces_BS32_Lr0.001_AdamW_exp350_baseline_lr1e3_bs32,results/unet_256_soundspaces_BS16_Lr0.0005_AdamW_exp350_baseline_lr5e4_bs16;results/unet_256_soundspaces_BS16_Lr0.001_AdamW_exp350_baseline_lr1e3_bs16;results/unet_256_soundspaces_BS32_Lr0.001_AdamW_exp350_baseline_lr1e3_bs32,,97b6668,delete_candidate,"pre-radial era; user rule: non-radial 실험은 전부 삭제 | metrics=RMSE=1.2337, AbsRel=0.4486, δ1=0.4952, δ2=0.7116, δ3=0.8329, Log10=0.1554, MAE=0.7857"
exp351,unet_baseline,ours,pre-radial,config/baseline.yaml,logs/n3_revisit_train/exp351_foav2_lr5e4_dw1.0_fw0.2_hw0.2.log;logs/n3_revisit_train/exp351_resnet_lr3e4_bs32.log;logs/n2_revisit_test/exp351_baseline_lr5e4_bs32_test.log,checkpoints/unet_256_soundspaces_BS16_Lr0.0005_AdamW_exp351_baseline_lr5e4_bs16;checkpoints/unet_256_soundspaces_BS16_Lr0.001_AdamW_exp351_baseline_lr1e3_bs16;checkpoints/unet_256_soundspaces_BS32_Lr0.0005_AdamW_exp351_baseline_lr5e4_bs32;checkpoints/unet_256_soundspaces_BS32_Lr0.0005_AdamW_exp351_foav2_lr5e4_dw1.0_fw0.2_hw0.2,results/unet_256_soundspaces_BS16_Lr0.0005_AdamW_exp351_baseline_lr5e4_bs16;results/unet_256_soundspaces_BS16_Lr0.001_AdamW_exp351_baseline_lr1e3_bs16;results/unet_256_soundspaces_BS32_Lr0.0005_AdamW_exp351_baseline_lr5e4_bs32;results/unet_256_soundspaces_BS32_Lr0.0005_AdamW_exp351_foav2_lr5e4_dw1.0_fw0.2_hw0.2,,97b6668,delete_candidate,"pre-radial era; user rule: non-radial 실험은 전부 삭제 | metrics=RMSE=1.2386, AbsRel=0.4573, δ1=0.4992, δ2=0.7108, δ3=0.8310, Log10=0.1577, MAE=0.7940"
exp352,unet_baseline,ours,pre-radial,config/baseline.yaml,logs/n3_revisit_train/exp352_resnet_lr3e4_bs32.log;logs/n3_revisit_train/exp352_vit_lr1e4_bs8.log;logs/n2_revisit_test/exp352_baseline_lr1e4_bs32_test.log,checkpoints/pretrained_resnet_soundspaces_BS32_Lr0.0003_AdamW_exp352_resnet_lr3e4_bs32;checkpoints/unet_256_soundspaces_BS16_Lr0.0001_AdamW_exp352_baseline_lr1e4_bs16;checkpoints/unet_256_soundspaces_BS32_Lr0.0001_AdamW_exp352_baseline_lr1e4_bs32,results/pretrained_resnet_soundspaces_BS32_Lr0.0003_AdamW_exp352_resnet_lr3e4_bs32;results/unet_256_soundspaces_BS16_Lr0.0001_AdamW_exp352_baseline_lr1e4_bs16;results/unet_256_soundspaces_BS32_Lr0.0001_AdamW_exp352_baseline_lr1e4_bs32,,97b6668,delete_candidate,"pre-radial era; user rule: non-radial 실험은 전부 삭제 | metrics=RMSE=1.2326, AbsRel=0.4703, δ1=0.4992, δ2=0.7099, δ3=0.8276, Log10=0.1577, MAE=0.7894"
exp353,unet_baseline,ours,pre-radial,config/baseline.yaml,logs/n3_revisit_train/exp353_vit_lr1e4_bs8.log;logs/n3_revisit_train/exp353_echonet_lr1e3_bs16.log;logs/n2_revisit_test/exp353_baseline_lr1e3_bs16_test.log,checkpoints/pretrained_vit_soundspaces_BS8_Lr0.0001_AdamW_exp353_vit_lr1e4_bs8;checkpoints/unet_256_soundspaces_BS16_Lr0.001_AdamW_exp353_baseline_lr1e3_bs16;checkpoints/unet_256_soundspaces_BS32_Lr0.0005_AdamW_exp353_baseline_lr5e4_bs32;checkpoints/unet_256_soundspaces_BS8_Lr0.001_AdamW_exp353_baseline_lr1e3_bs8,results/pretrained_vit_soundspaces_BS8_Lr0.0001_AdamW_exp353_vit_lr1e4_bs8;results/unet_256_soundspaces_BS16_Lr0.001_AdamW_exp353_baseline_lr1e3_bs16;results/unet_256_soundspaces_BS32_Lr0.0005_AdamW_exp353_baseline_lr5e4_bs32;results/unet_256_soundspaces_BS8_Lr0.001_AdamW_exp353_baseline_lr1e3_bs8,,97b6668,delete_candidate,"pre-radial era; user rule: non-radial 실험은 전부 삭제 | metrics=RMSE=1.2319, AbsRel=0.4666, δ1=0.4972, δ2=0.7103, δ3=0.8301, Log10=0.1563, MAE=0.7873"
exp354,unet_baseline,ours,pre-radial,config/baseline.yaml,logs/n2_revisit_test/exp354_baseline_lr5e4_bs16_test.log,checkpoints/unet_256_soundspaces_BS16_Lr0.0005_AdamW_exp354_baseline_lr5e4_bs16;checkpoints/unet_256_soundspaces_BS32_Lr0.001_AdamW_exp354_baseline_lr1e3_bs32,results/unet_256_soundspaces_BS16_Lr0.0005_AdamW_exp354_baseline_lr5e4_bs16;results/unet_256_soundspaces_BS32_Lr0.001_AdamW_exp354_baseline_lr1e3_bs32,,97b6668,delete_candidate,"pre-radial era; user rule: non-radial 실험은 전부 삭제 | metrics=RMSE=1.2117, AbsRel=0.4676, δ1=0.4988, δ2=0.7125, δ3=0.8329, Log10=0.1547, MAE=0.7808"
exp355,vit_baseline,ours,pre-radial,config/baseline.yaml,logs/n2_revisit_train/exp355_vit_lr1e4_bs16.log;logs/n2_revisit_train/exp355_vit_lr1e4_bs8.log;logs/n2_revisit_test/exp355_vit_lr1e4_bs8_test.log,checkpoints/vit_soundspaces_BS16_Lr0.0001_AdamW_exp355_vit_lr1e4_bs16;checkpoints/vit_soundspaces_BS16_Lr0.0001_AdamW_exp355_vit_lr1e4_bs32;checkpoints/vit_soundspaces_BS32_Lr0.0001_AdamW_exp355_vit_lr1e4_bs32;checkpoints/vit_soundspaces_BS8_Lr0.0001_AdamW_exp355_vit_lr1e4_bs8,results/vit_soundspaces_BS16_Lr0.0001_AdamW_exp355_vit_lr1e4_bs16;results/vit_soundspaces_BS16_Lr0.0001_AdamW_exp355_vit_lr1e4_bs32;results/vit_soundspaces_BS32_Lr0.0001_AdamW_exp355_vit_lr1e4_bs32;results/vit_soundspaces_BS8_Lr0.0001_AdamW_exp355_vit_lr1e4_bs8,,97b6668,delete_candidate,"pre-radial era; user rule: non-radial 실험은 전부 삭제 | metrics=RMSE=1.2621, AbsRel=0.4989, δ1=0.4777, δ2=0.6869, δ3=0.8144, Log10=0.1647, MAE=0.8213"
exp356,vit_baseline,ours,pre-radial,config/baseline.yaml,logs/n2_revisit_train/exp356_vit_lr5e5_bs16.log;logs/n2_revisit_train/exp356_vit_lr5e5_bs8.log;logs/n2_revisit_test/exp356_vit_lr5e5_bs8_test.log,checkpoints/vit_soundspaces_BS16_Lr5e-05_AdamW_exp356_vit_lr5e5_bs16;checkpoints/vit_soundspaces_BS16_Lr5e-05_AdamW_exp356_vit_lr5e5_bs32;checkpoints/vit_soundspaces_BS32_Lr0.0001_AdamW_exp356_vit_lr1e4_bs32;checkpoints/vit_soundspaces_BS32_Lr5e-05_AdamW_exp356_vit_lr5e5_bs32;checkpoints/vit_soundspaces_BS8_Lr5e-05_AdamW_exp356_vit_lr5e5_bs8,results/vit_soundspaces_BS16_Lr5e-05_AdamW_exp356_vit_lr5e5_bs16;results/vit_soundspaces_BS16_Lr5e-05_AdamW_exp356_vit_lr5e5_bs32;results/vit_soundspaces_BS32_Lr0.0001_AdamW_exp356_vit_lr1e4_bs32;results/vit_soundspaces_BS32_Lr5e-05_AdamW_exp356_vit_lr5e5_bs32;results/vit_soundspaces_BS8_Lr5e-05_AdamW_exp356_vit_lr5e5_bs8,,97b6668,delete_candidate,"pre-radial era; user rule: non-radial 실험은 전부 삭제 | metrics=RMSE=1.2631, AbsRel=0.5005, δ1=0.4836, δ2=0.6976, δ3=0.8199, Log10=0.1633, MAE=0.8170"
exp357,vit_baseline,ours,pre-radial,config/baseline.yaml,logs/n2_revisit_train/exp357_vit_lr1e4_bs4.log;logs/n2_revisit_test/exp357_vit_lr1e4_bs4_test.log,checkpoints/vit_soundspaces_BS16_Lr0.0001_AdamW_exp357_vit_lr1e4_bs16;checkpoints/vit_soundspaces_BS32_Lr0.0005_AdamW_exp357_vit_lr5e4_bs32;checkpoints/vit_soundspaces_BS4_Lr0.0001_AdamW_exp357_vit_lr1e4_bs4;checkpoints/vit_soundspaces_BS8_Lr0.0001_AdamW_exp357_vit_lr1e4_bs16;checkpoints/vit_soundspaces_BS8_Lr0.0001_AdamW_exp357_vit_lr1e4_bs8,results/vit_soundspaces_BS16_Lr0.0001_AdamW_exp357_vit_lr1e4_bs16;results/vit_soundspaces_BS32_Lr0.0005_AdamW_exp357_vit_lr5e4_bs32;results/vit_soundspaces_BS4_Lr0.0001_AdamW_exp357_vit_lr1e4_bs4;results/vit_soundspaces_BS8_Lr0.0001_AdamW_exp357_vit_lr1e4_bs16;results/vit_soundspaces_BS8_Lr0.0001_AdamW_exp357_vit_lr1e4_bs8,,97b6668,delete_candidate,"pre-radial era; user rule: non-radial 실험은 전부 삭제 | metrics=RMSE=1.3107, AbsRel=0.4703, δ1=0.4574, δ2=0.6762, δ3=0.8077, Log10=0.1691, MAE=0.8403"
exp358,vit_baseline,ours,pre-radial,config/baseline.yaml,logs/n2_revisit_train/exp358_vit_lr5e4_bs8.log;logs/n2_revisit_test/exp358_vit_lr5e4_bs8_test.log,checkpoints/vit_soundspaces_BS16_Lr0.0005_AdamW_exp358_vit_lr5e4_bs16;checkpoints/vit_soundspaces_BS16_Lr0.0005_AdamW_exp358_vit_lr5e4_bs32;checkpoints/vit_soundspaces_BS32_Lr0.0005_AdamW_exp358_vit_lr5e4_bs32;checkpoints/vit_soundspaces_BS8_Lr0.0005_AdamW_exp358_vit_lr5e4_bs8,results/vit_soundspaces_BS16_Lr0.0005_AdamW_exp358_vit_lr5e4_bs16;results/vit_soundspaces_BS16_Lr0.0005_AdamW_exp358_vit_lr5e4_bs32;results/vit_soundspaces_BS32_Lr0.0005_AdamW_exp358_vit_lr5e4_bs32;results/vit_soundspaces_BS8_Lr0.0005_AdamW_exp358_vit_lr5e4_bs8,,97b6668,delete_candidate,"pre-radial era; user rule: non-radial 실험은 전부 삭제 | metrics=RMSE=1.3783, AbsRel=0.5664, δ1=0.4373, δ2=0.6512, δ3=0.7826, Log10=0.1839, MAE=0.9007"
exp359,vit_baseline,ours,pre-radial,config/baseline.yaml,logs/n2_revisit_train/exp359_vit_lr1e5_bs8.log;logs/n2_revisit_test/exp359_vit_lr1e5_bs8_test.log,checkpoints/vit_soundspaces_BS32_Lr1e-05_AdamW_exp359_vit_lr1e5_bs32;checkpoints/vit_soundspaces_BS8_Lr1e-05_AdamW_exp359_vit_lr1e5_bs8,results/vit_soundspaces_BS32_Lr1e-05_AdamW_exp359_vit_lr1e5_bs32;results/vit_soundspaces_BS8_Lr1e-05_AdamW_exp359_vit_lr1e5_bs8,,97b6668,delete_candidate,"pre-radial era; user rule: non-radial 실험은 전부 삭제 | metrics=RMSE=1.2593, AbsRel=0.5130, δ1=0.4739, δ2=0.6830, δ3=0.8111, Log10=0.1660, MAE=0.8254"
exp365,pretrained_resnet,pretrained_backbone,pre-radial,,logs/n2_revisit_test/exp365_resnet_lr1e4_bs32_test.log,checkpoints/pretrained_resnet_soundspaces_BS32_Lr0.0001_AdamW_exp365_resnet_lr1e4_bs32,results/pretrained_resnet_soundspaces_BS32_Lr0.0001_AdamW_exp365_resnet_lr1e4_bs32,,97b6668,delete_candidate,"pre-radial era; user rule: non-radial 실험은 전부 삭제 | metrics=RMSE=1.3154, AbsRel=0.5554, δ1=0.4688, δ2=0.6761, δ3=0.8044, Log10=0.1732, MAE=0.8663"
exp301,renew_single,ours,pre-radial,config/renew_single.yaml,logs/renew_train/exp301_renew_single_lr1e4_lsh0.1.log;logs/renew_test/exp301_renew_single_lr1e4_lsh0.1_test.log,checkpoints/renew_single_soundspaces_BS16_Lr0.0001_AdamW_exp301_renew_single_lr1e4_lsh0.1,results/renew_single_soundspaces_BS16_Lr0.0001_AdamW_exp301_renew_single_lr1e4_lsh0.1,,97b6668,delete_candidate,"pre-radial era; user rule: non-radial 실험은 전부 삭제 | metrics=RMSE=1.0994, AbsRel=0.4492, δ1=0.4859, Log10=0.1580, MAE=0.6847, FOA_COS=0.7346, FOA_DIR=-0.1203"
exp302,renew_single (v2),ours,pre-radial,config/renew_single.yaml,logs/renew_train/exp302_renew_v2_lr1e4_lsh0.3.log;logs/renew_test/exp302_renew_v2_lr1e4_lsh0.3_test.log,checkpoints/renew_single_soundspaces_BS32_Lr0.0001_AdamW_exp302_renew_v2_lr1e4_lsh0.3,results/renew_single_soundspaces_BS32_Lr0.0001_AdamW_exp302_renew_v2_lr1e4_lsh0.3,,97b6668,delete_candidate,"pre-radial era; user rule: non-radial 실험은 전부 삭제 | metrics=RMSE=1.0921, AbsRel=0.4615, δ1=0.5023, Log10=0.1575, MAE=0.6798, FOA_COS=0.9985, FOA_DIR=0.9963"
exp303,renew_dpt_only,ablation,pre-radial,config/renew_dpt_only.yaml,logs/renew_train/exp303_dpt_only_lr1e4_lsh0.3.log;logs/renew_test/exp303_dpt_only_lr1e4_lsh0.3_test.log,checkpoints/renew_single_soundspaces_BS32_Lr0.0001_AdamW_exp303_dpt_only_lr1e4_lsh0.3,results/renew_single_soundspaces_BS32_Lr0.0001_AdamW_exp303_dpt_only_lr1e4_lsh0.3,,97b6668,delete_candidate,"pre-radial era; user rule: non-radial 실험은 전부 삭제 | metrics=RMSE=1.0999, AbsRel=0.4685, δ1=0.4928, Log10=0.1589, MAE=0.6882, FOA_COS=0.9986, FOA_DIR=0.9964"
exp304,renew_dpt_only (no-KL),ablation,pre-radial,config/renew_dpt_only.yaml,logs/renew_train/exp304_dpt_only_nokl_lr1e4_lsh0.3.log;logs/renew_test/exp304_dpt_only_nokl_lr1e4_lsh0.3_test.log,checkpoints/renew_single_soundspaces_BS32_Lr0.0001_AdamW_exp304_dpt_only_nokl_lr1e4_lsh0.3,results/renew_single_soundspaces_BS32_Lr0.0001_AdamW_exp304_dpt_only_nokl_lr1e4_lsh0.3,,97b6668,delete_candidate,"pre-radial era; user rule: non-radial 실험은 전부 삭제 | metrics=RMSE=1.0696, AbsRel=0.5011, δ1=0.4916, Log10=0.1586, MAE=0.6845, FOA_COS=0.9985, FOA_DIR=0.9962"
exp305,renew_single (radial),ours,radial,config/renew_single.yaml,logs/renew_train/exp305_renew_single_radial_lr1e4_lsh0.1.log;logs/renew_test/exp305_renew_single_radial_lr1e4_lsh0.1_test.log,checkpoints/renew_single_soundspaces_BS32_Lr0.0001_AdamW_exp305_renew_single_radial_lr1e4_lsh0.1,results/renew_single_soundspaces_BS32_Lr0.0001_AdamW_exp305_renew_single_radial_lr1e4_lsh0.1,,97b6668,archive,"ledger KEEP + radial-era | metrics=RMSE=1.2510, AbsRel=0.4575, δ1=0.5045, Log10=0.1580, MAE=0.7936, FOA_COS=0.8347, FOA_DIR=0.6250"
exp306,renew_single (radial v2),ours,radial,config/renew_single.yaml,logs/renew_train/exp306_renew_v2_radial_lr1e4_lsh0.3.log;logs/renew_test/exp306_renew_v2_radial_lr1e4_lsh0.3_test.log,checkpoints/renew_single_soundspaces_BS32_Lr0.0001_AdamW_exp306_renew_v2_radial_lr1e4_lsh0.3,results/renew_single_soundspaces_BS32_Lr0.0001_AdamW_exp306_renew_v2_radial_lr1e4_lsh0.3,,97b6668,archive,"ledger KEEP + radial-era | metrics=RMSE=1.2233, AbsRel=0.4742, δ1=0.5033, Log10=0.1554, MAE=0.7835, FOA_COS=0.9986, FOA_DIR=0.9965"
exp307,renew_dpt_only (radial),ablation,radial,config/renew_dpt_only.yaml,logs/renew_train/exp307_dpt_only_radial_lr1e4_lsh0.3.log;logs/renew_test/exp307_dpt_only_radial_lr1e4_lsh0.3_test.log,checkpoints/renew_single_soundspaces_BS32_Lr0.0001_AdamW_exp307_dpt_only_radial_lr1e4_lsh0.3,results/renew_single_soundspaces_BS32_Lr0.0001_AdamW_exp307_dpt_only_radial_lr1e4_lsh0.3,,97b6668,archive,"ledger KEEP + radial-era | metrics=RMSE=1.2540, AbsRel=0.4414, δ1=0.4761, Log10=0.1600, MAE=0.8010, FOA_COS=0.9981, FOA_DIR=0.9956"
exp308,renew_dpt_only (radial no-KL),ablation,radial,config/renew_dpt_only.yaml,logs/renew_train/exp308_dpt_only_nokl_radial_lr1e4_lsh0.3.log;logs/renew_test/exp308_dpt_only_nokl_radial_lr1e4_lsh0.3_test.log,checkpoints/renew_single_soundspaces_BS32_Lr0.0001_AdamW_exp308_dpt_only_nokl_radial_lr1e4_lsh0.3,results/renew_single_soundspaces_BS32_Lr0.0001_AdamW_exp308_dpt_only_nokl_radial_lr1e4_lsh0.3,,97b6668,archive,"ledger KEEP + radial-era | metrics=RMSE=1.2353, AbsRel=0.4501, δ1=0.4873, Log10=0.1568, MAE=0.7895, FOA_COS=0.9984, FOA_DIR=0.9960"
exp390,n9_0424 (A),ours,unknown,,logs/renew_train/exp390_n9A_lr1e4.log;logs/renew_test/exp390_n9A_lr1e4_test.log,checkpoints/n9_0424_soundspaces_BS8_Lr0.0001_AdamW_exp390_n9A_lr1e4,results/n9_0424_soundspaces_BS8_Lr0.0001_AdamW_exp390_n9A_lr1e4,,97b6668,keep,patched: n9_0424 family era ambiguous (radial configs exist); reclassified keep
exp391,n9_0424 (A),ours,unknown,,logs/renew_train/exp391_n9A_lr5e5.log;logs/renew_test/exp391_n9A_lr5e5_test.log,checkpoints/n9_0424_soundspaces_BS32_Lr5e-05_AdamW_exp391_n9A_lr5e5;checkpoints/n9_0424_soundspaces_BS64_Lr5e-05_AdamW_exp391_n9A_lr5e5,results/n9_0424_soundspaces_BS32_Lr5e-05_AdamW_exp391_n9A_lr5e5;results/n9_0424_soundspaces_BS64_Lr5e-05_AdamW_exp391_n9A_lr5e5,,97b6668,keep,patched: n9_0424 family era ambiguous (radial configs exist); reclassified keep
exp392,"n9_0424 (B, lsh0.05)",ours,unknown,,logs/renew_train/exp392_n9B_lr1e4_lsh005.log;logs/renew_test/exp392_n9B_lr1e4_lsh005_test.log,checkpoints/n9_0424_soundspaces_BS64_Lr0.0001_AdamW_exp392_n9B_lr1e4_lsh005,results/n9_0424_soundspaces_BS64_Lr0.0001_AdamW_exp392_n9B_lr1e4_lsh005,,97b6668,keep,patched: n9_0424 family era ambiguous (radial configs exist); reclassified keep
exp396,"n9_0424 (C, lsh0.05)",ours,unknown,,logs/renew_train/exp396_n9C_lr1e4_lsh005.log;logs/renew_test/exp396_n9C_lr1e4_lsh005_test_earlypeek.log;logs/renew_test/exp396_n9C_lr1e4_lsh005_test_earlypeek_ep20.log;logs/renew_test/exp396_n9C_lr1e4_lsh005_test_fixed.log;logs/renew_test/exp396_n9C_lr1e4_lsh005_test.log,checkpoints/n9_0424_soundspaces_BS64_Lr0.0001_AdamW_exp396_n9C_lr1e4_lsh005,results/n9_0424_soundspaces_BS64_Lr0.0001_AdamW_exp396_n9C_lr1e4_lsh005,,97b6668,keep,patched: n9_0424 family era ambiguous (radial configs exist); reclassified keep
exp397,"n9_0424 (C, lsh0.1)",ours,unknown,,,,,,97b6668,keep,patched: n9_0424 family era ambiguous (radial configs exist); reclassified keep
exp398,"n9_0424 (C, lsh0.05)",ours,unknown,,logs/renew_train/exp398_n9C_lr5e5_lsh005.log;logs/renew_test/exp398_n9C_lr5e5_lsh005_test.log,checkpoints/n9_0424_soundspaces_BS64_Lr5e-05_AdamW_exp398_n9C_lr5e5_lsh005,results/n9_0424_soundspaces_BS64_Lr5e-05_AdamW_exp398_n9C_lr5e5_lsh005,,97b6668,keep,patched: n9_0424 family era ambiguous (radial configs exist); reclassified keep
exp399,"n9_0424 (C, lsh0.05)",ours,unknown,,logs/renew_train/exp399_n9C_lr3e4_lsh005.log;logs/renew_test/exp399_n9C_lr3e4_lsh005_test.log,checkpoints/n9_0424_soundspaces_BS64_Lr0.0003_AdamW_exp399_n9C_lr3e4_lsh005,results/n9_0424_soundspaces_BS64_Lr0.0003_AdamW_exp399_n9C_lr3e4_lsh005,,97b6668,keep,patched: n9_0424 family era ambiguous (radial configs exist); reclassified keep
exp400,"UNet bottleneck ⊕ MLP(g⊙rep_gt); λ=0 (no sparsity, ceiling)",ablation,radial,config/n4_0425.yaml,logs/renew_train/exp400_n9C_lr1e4_lsh005_bs128.log;logs/renew_test/exp400_n9C_lr1e4_lsh005_bs128_test.log;logs/n4_train/exp400_n4_lam0.0_lr1e4_bs64.log;logs/n4_test/exp400_n4_lam0.0_lr1e4_bs64_test.log,checkpoints/n4_0425_soundspaces_BS128_Lr0.0001_AdamW_exp400_n4_lam0.0_lr1e4_bs128;checkpoints/n4_0425_soundspaces_BS16_Lr0.0001_AdamW_exp400_n4_lam0.0_lr1e4_bs16;checkpoints/n4_0425_soundspaces_BS48_Lr0.0001_AdamW_exp400_n4_lam0.0_lr1e4_bs48;checkpoints/n4_0425_soundspaces_BS64_Lr0.0001_AdamW_exp400_n4_lam0.0_lr1e4_bs64;checkpoints/n9_0424_soundspaces_BS128_Lr0.0001_AdamW_exp400_n9C_lr1e4_lsh005_bs128;checkpoints/unet_256_soundspaces_BS128_Lr0.0005_AdamW_exp400_n2_trms_film_lr5e4_lsh0.1,results/n4_0425_soundspaces_BS128_Lr0.0001_AdamW_exp400_n4_lam0.0_lr1e4_bs128;results/n4_0425_soundspaces_BS16_Lr0.0001_AdamW_exp400_n4_lam0.0_lr1e4_bs16;results/n4_0425_soundspaces_BS48_Lr0.0001_AdamW_exp400_n4_lam0.0_lr1e4_bs48;results/n4_0425_soundspaces_BS64_Lr0.0001_AdamW_exp400_n4_lam0.0_lr1e4_bs64;results/n9_0424_soundspaces_BS128_Lr0.0001_AdamW_exp400_n9C_lr1e4_lsh005_bs128;results/unet_256_soundspaces_BS128_Lr0.0005_AdamW_exp400_n2_trms_film_lr5e4_lsh0.1,,97b6668,archive,"ledger KEEP + radial-era | metrics=RMSE=1.2230, AbsRel=0.4649, δ1=0.5006, δ2=0.7140, δ3=0.8321, Log10=0.1557, MAE=0.7851, FOA_COS=0.9997, FOA_DIR=0.9937"
exp401,UNet bottleneck ⊕ MLP(g⊙rep_gt); λ=0.01,ablation,radial,config/n4_0425.yaml,logs/n4_train/exp401_n4_lam0.01_lr1e4_bs64.log;logs/n4_test/exp401_n4_lam0.01_lr1e4_bs64_test.log,checkpoints/n4_0425_soundspaces_BS128_Lr0.0001_AdamW_exp401_n4_lam0.01_lr1e4_bs128;checkpoints/n4_0425_soundspaces_BS16_Lr0.0001_AdamW_exp401_n4_lam0.01_lr1e4_bs16;checkpoints/n4_0425_soundspaces_BS64_Lr0.0001_AdamW_exp401_n4_lam0.01_lr1e4_bs64;checkpoints/unet_256_soundspaces_BS128_Lr0.0005_AdamW_exp401_n2_temap_lr5e4_lsh0.1,results/n4_0425_soundspaces_BS128_Lr0.0001_AdamW_exp401_n4_lam0.01_lr1e4_bs128;results/n4_0425_soundspaces_BS16_Lr0.0001_AdamW_exp401_n4_lam0.01_lr1e4_bs16;results/n4_0425_soundspaces_BS64_Lr0.0001_AdamW_exp401_n4_lam0.01_lr1e4_bs64;results/unet_256_soundspaces_BS128_Lr0.0005_AdamW_exp401_n2_temap_lr5e4_lsh0.1,,97b6668,archive,"ledger KEEP + radial-era | metrics=RMSE=1.2013, AbsRel=0.4568, δ1=0.4985, δ2=0.7149, δ3=0.8329, Log10=0.1551, MAE=0.7825, FOA_COS=0.9997, FOA_DIR=0.9937"
exp402,UNet bottleneck ⊕ MLP(g⊙rep_gt); λ=0.05 (best ABS),ablation,radial,config/n4_0425.yaml,logs/n4_train/exp402_n4_lam0.05_lr1e4_bs64.log;logs/n4_test/exp402_n4_lam0.05_lr1e4_bs64_test.log,checkpoints/n4_0425_soundspaces_BS128_Lr0.0001_AdamW_exp402_n4_lam0.05_lr1e4_bs128;checkpoints/n4_0425_soundspaces_BS16_Lr0.0001_AdamW_exp402_n4_lam0.05_lr1e4_bs16;checkpoints/n4_0425_soundspaces_BS64_Lr0.0001_AdamW_exp402_n4_lam0.05_lr1e4_bs64;checkpoints/unet_256_soundspaces_BS128_Lr0.0005_AdamW_exp402_n2_xattn_lr5e4_lsh0.1,results/n4_0425_soundspaces_BS128_Lr0.0001_AdamW_exp402_n4_lam0.05_lr1e4_bs128;results/n4_0425_soundspaces_BS16_Lr0.0001_AdamW_exp402_n4_lam0.05_lr1e4_bs16;results/n4_0425_soundspaces_BS64_Lr0.0001_AdamW_exp402_n4_lam0.05_lr1e4_bs64;results/unet_256_soundspaces_BS128_Lr0.0005_AdamW_exp402_n2_xattn_lr5e4_lsh0.1,,97b6668,archive,"ledger KEEP + radial-era | metrics=RMSE=1.2225, AbsRel=0.4235, δ1=0.4966, δ2=0.7137, δ3=0.8317, Log10=0.1552, MAE=0.7836, FOA_COS=0.9997, FOA_DIR=0.9937"
exp403,UNet bottleneck ⊕ MLP(g⊙rep_gt); λ=0.1 (config default),ablation,radial,config/n4_0425.yaml,logs/n4_train/exp403_n4_lam0.1_lr1e4_bs64.log;logs/n4_test/exp403_n4_lam0.1_lr1e4_bs64_test.log,checkpoints/n4_0425_soundspaces_BS128_Lr0.0001_AdamW_exp403_n4_lam0.1_lr1e4_bs128;checkpoints/n4_0425_soundspaces_BS16_Lr0.0001_AdamW_exp403_n4_lam0.1_lr1e4_bs16;checkpoints/n4_0425_soundspaces_BS48_Lr0.0001_AdamW_exp403_n4_lam0.1_lr1e4_bs48;checkpoints/n4_0425_soundspaces_BS64_Lr0.0001_AdamW_exp403_n4_lam0.1_lr1e4_bs64;checkpoints/unet_256_soundspaces_BS128_Lr0.0005_AdamW_exp403_n2_tenergy_ov3_lr5e4_lsh0.1,results/n4_0425_soundspaces_BS128_Lr0.0001_AdamW_exp403_n4_lam0.1_lr1e4_bs128;results/n4_0425_soundspaces_BS16_Lr0.0001_AdamW_exp403_n4_lam0.1_lr1e4_bs16;results/n4_0425_soundspaces_BS48_Lr0.0001_AdamW_exp403_n4_lam0.1_lr1e4_bs48;results/n4_0425_soundspaces_BS64_Lr0.0001_AdamW_exp403_n4_lam0.1_lr1e4_bs64;results/unet_256_soundspaces_BS128_Lr0.0005_AdamW_exp403_n2_tenergy_ov3_lr5e4_lsh0.1,,97b6668,archive,"ledger KEEP + radial-era | metrics=RMSE=1.2041, AbsRel=0.4561, δ1=0.4993, δ2=0.7136, δ3=0.8324, Log10=0.1555, MAE=0.7847, FOA_COS=0.9997, FOA_DIR=0.9937"
exp404,UNet bottleneck ⊕ MLP(g⊙rep_gt); λ=0.5 (strong sparsity),ablation,radial,config/n4_0425.yaml,logs/n4_train/exp404_n4_lam0.5_lr1e4_bs64.log;logs/n4_test/exp404_n4_lam0.5_lr1e4_bs64_test.log,checkpoints/n4_0425_soundspaces_BS128_Lr0.0001_AdamW_exp404_n4_lam0.5_lr1e4_bs128;checkpoints/n4_0425_soundspaces_BS16_Lr0.0001_AdamW_exp404_n4_lam0.5_lr1e4_bs16;checkpoints/n4_0425_soundspaces_BS64_Lr0.0001_AdamW_exp404_n4_lam0.5_lr1e4_bs64,results/n4_0425_soundspaces_BS128_Lr0.0001_AdamW_exp404_n4_lam0.5_lr1e4_bs128;results/n4_0425_soundspaces_BS16_Lr0.0001_AdamW_exp404_n4_lam0.5_lr1e4_bs16;results/n4_0425_soundspaces_BS64_Lr0.0001_AdamW_exp404_n4_lam0.5_lr1e4_bs64,,97b6668,archive,"ledger KEEP + radial-era | metrics=RMSE=1.2219, AbsRel=0.4402, δ1=0.4897, δ2=0.7081, δ3=0.8298, Log10=0.1565, MAE=0.7895, FOA_COS=0.9997, FOA_DIR=0.9937"
exp405,UNet bottleneck ⊕ MLP(g⊙rep_gt); λ=0.05 lr=5e-4,ablation,radial,config/n4_0425.yaml,logs/n4_train/exp405_n4_lam0.05_lr5e4_bs64.log;logs/n4_test/exp405_n4_lam0.05_lr5e4_bs64_test.log,checkpoints/n4_0425_soundspaces_BS128_Lr0.0005_AdamW_exp405_n4_lam0.05_lr5e4_bs128;checkpoints/n4_0425_soundspaces_BS16_Lr0.0005_AdamW_exp405_n4_lam0.05_lr5e4_bs16;checkpoints/n4_0425_soundspaces_BS64_Lr0.0005_AdamW_exp405_n4_lam0.05_lr5e4_bs64,results/n4_0425_soundspaces_BS128_Lr0.0005_AdamW_exp405_n4_lam0.05_lr5e4_bs128;results/n4_0425_soundspaces_BS16_Lr0.0005_AdamW_exp405_n4_lam0.05_lr5e4_bs16;results/n4_0425_soundspaces_BS64_Lr0.0005_AdamW_exp405_n4_lam0.05_lr5e4_bs64,,97b6668,archive,"ledger KEEP + radial-era | metrics=RMSE=1.2032, AbsRel=0.4516, δ1=0.5040, δ2=0.7149, δ3=0.8322, Log10=0.1558, MAE=0.7852, FOA_COS=0.9996, FOA_DIR=0.9937"
exp406,UNet bottleneck ⊕ MLP(g⊙rep_gt); λ=0.05 lr=3e-4,ablation,radial,config/n4_0425.yaml,logs/n4_train/exp406_n4_lam0.05_lr3e4_bs64.log;logs/n4_test/exp406_n4_lam0.05_lr3e4_bs64_test.log,checkpoints/n4_0425_soundspaces_BS128_Lr0.0003_AdamW_exp406_n4_lam0.05_lr3e4_bs128;checkpoints/n4_0425_soundspaces_BS16_Lr0.0003_AdamW_exp406_n4_lam0.05_lr3e4_bs16;checkpoints/n4_0425_soundspaces_BS64_Lr0.0003_AdamW_exp406_n4_lam0.05_lr3e4_bs64,results/n4_0425_soundspaces_BS128_Lr0.0003_AdamW_exp406_n4_lam0.05_lr3e4_bs128;results/n4_0425_soundspaces_BS16_Lr0.0003_AdamW_exp406_n4_lam0.05_lr3e4_bs16;results/n4_0425_soundspaces_BS64_Lr0.0003_AdamW_exp406_n4_lam0.05_lr3e4_bs64,,97b6668,archive,"ledger KEEP + radial-era | metrics=RMSE=1.2195, AbsRel=0.4405, δ1=0.4956, δ2=0.7104, δ3=0.8298, Log10=0.1572, MAE=0.7920, FOA_COS=0.9997, FOA_DIR=0.9937"
exp407,UNet bottleneck ⊕ MLP(g⊙rep_gt); λ=0.05 lr=1e-3,ablation,radial,config/n4_0425.yaml,logs/n4_train/exp407_n4_lam0.05_lr1e3_bs64.log;logs/n4_test/exp407_n4_lam0.05_lr1e3_bs64_test.log,checkpoints/n4_0425_soundspaces_BS128_Lr0.001_AdamW_exp407_n4_lam0.05_lr1e3_bs128;checkpoints/n4_0425_soundspaces_BS16_Lr0.001_AdamW_exp407_n4_lam0.05_lr1e3_bs16;checkpoints/n4_0425_soundspaces_BS48_Lr0.001_AdamW_exp407_n4_lam0.05_lr1e3_bs48;checkpoints/n4_0425_soundspaces_BS64_Lr0.001_AdamW_exp407_n4_lam0.05_lr1e3_bs64,results/n4_0425_soundspaces_BS128_Lr0.001_AdamW_exp407_n4_lam0.05_lr1e3_bs128;results/n4_0425_soundspaces_BS16_Lr0.001_AdamW_exp407_n4_lam0.05_lr1e3_bs16;results/n4_0425_soundspaces_BS48_Lr0.001_AdamW_exp407_n4_lam0.05_lr1e3_bs48;results/n4_0425_soundspaces_BS64_Lr0.001_AdamW_exp407_n4_lam0.05_lr1e3_bs64,,97b6668,archive,"ledger KEEP + radial-era | metrics=RMSE=1.2666, AbsRel=0.5211, δ1=0.4514, δ2=0.6736, δ3=0.8053, Log10=0.1701, MAE=0.8431, FOA_COS=0.9970, FOA_DIR=0.9930"
exp408,UNet bottleneck ⊕ MLP(g⊙rep_gt); λ=0.05 lr=5e-5,ablation,radial,config/n4_0425.yaml,logs/n4_train/exp408_n4_lam0.05_lr5e5_bs64.log;logs/n4_test/exp408_n4_lam0.05_lr5e5_bs64_test.log,checkpoints/n4_0425_soundspaces_BS128_Lr5e-05_AdamW_exp408_n4_lam0.05_lr5e5_bs128;checkpoints/n4_0425_soundspaces_BS16_Lr5e-05_AdamW_exp408_n4_lam0.05_lr5e5_bs16;checkpoints/n4_0425_soundspaces_BS64_Lr5e-05_AdamW_exp408_n4_lam0.05_lr5e5_bs64,results/n4_0425_soundspaces_BS128_Lr5e-05_AdamW_exp408_n4_lam0.05_lr5e5_bs128;results/n4_0425_soundspaces_BS16_Lr5e-05_AdamW_exp408_n4_lam0.05_lr5e5_bs16;results/n4_0425_soundspaces_BS64_Lr5e-05_AdamW_exp408_n4_lam0.05_lr5e5_bs64,,97b6668,archive,"ledger KEEP + radial-era | metrics=RMSE=1.2346, AbsRel=0.4658, δ1=0.4878, δ2=0.7068, δ3=0.8284, Log10=0.1582, MAE=0.7951, FOA_COS=0.9997, FOA_DIR=0.9937"
exp409,UNet bottleneck ⊕ MLP(g⊙rep_gt); λ=0.05 lr=1e-5,ablation,radial,config/n4_0425.yaml,logs/n4_train/exp409_n4_lam0.05_lr1e5_bs64.log;logs/n4_test/exp409_n4_lam0.05_lr1e5_bs64_test.log,checkpoints/n4_0425_soundspaces_BS128_Lr1e-05_AdamW_exp409_n4_lam0.05_lr1e5_bs128;checkpoints/n4_0425_soundspaces_BS16_Lr1e-05_AdamW_exp409_n4_lam0.05_lr1e5_bs16;checkpoints/n4_0425_soundspaces_BS64_Lr1e-05_AdamW_exp409_n4_lam0.05_lr1e5_bs64,results/n4_0425_soundspaces_BS128_Lr1e-05_AdamW_exp409_n4_lam0.05_lr1e5_bs128;results/n4_0425_soundspaces_BS16_Lr1e-05_AdamW_exp409_n4_lam0.05_lr1e5_bs16;results/n4_0425_soundspaces_BS64_Lr1e-05_AdamW_exp409_n4_lam0.05_lr1e5_bs64,,97b6668,archive,"ledger KEEP + radial-era | metrics=RMSE=1.2517, AbsRel=0.4272, δ1=0.4814, δ2=0.7019, δ3=0.8242, Log10=0.1605, MAE=0.8049, FOA_COS=0.9997, FOA_DIR=0.9937"
exp410,UNet bottleneck ⊕ MLP(g⊙rep_gt); drop bin 0 (bs128),ablation,radial,config/n4_0425.yaml,logs/n4_train/exp410_n4_drop0_lr1e4_bs64.log;logs/n4_test/exp410_n4_drop0_lr1e4_bs128_test.log;logs/n4_test/exp410_n4_drop0_lr1e4_bs64_test.log,checkpoints/n4_0425_soundspaces_BS128_Lr0.0001_AdamW_exp410_n4_drop0_lr1e4_bs128;checkpoints/n4_0425_soundspaces_BS16_Lr0.0001_AdamW_exp410_n4_drop0_lr1e4_bs16;checkpoints/n4_0425_soundspaces_BS48_Lr0.0001_AdamW_exp410_n4_drop0_lr1e4_bs48;checkpoints/n4_0425_soundspaces_BS64_Lr0.0001_AdamW_exp410_n4_drop0_lr1e4_bs64,results/n4_0425_soundspaces_BS128_Lr0.0001_AdamW_exp410_n4_drop0_lr1e4_bs128;results/n4_0425_soundspaces_BS16_Lr0.0001_AdamW_exp410_n4_drop0_lr1e4_bs16;results/n4_0425_soundspaces_BS48_Lr0.0001_AdamW_exp410_n4_drop0_lr1e4_bs48;results/n4_0425_soundspaces_BS64_Lr0.0001_AdamW_exp410_n4_drop0_lr1e4_bs64,,97b6668,archive,"ledger KEEP + radial-era | metrics=RMSE=1.2527, AbsRel=0.4605, δ1=0.5039, δ2=0.7164, δ3=0.8332, Log10=0.1574, MAE=0.7919, FOA_COS=0.4736, FOA_DIR=0.4444"
exp411,UNet bottleneck ⊕ MLP(g⊙rep_gt); drop bin 1 (best δ1),ablation,radial,config/n4_0425.yaml,logs/n4_train/exp411_n4_drop1_lr1e4_bs64.log;logs/n4_test/exp411_n4_drop1_lr1e4_bs64_test.log,checkpoints/n4_0425_soundspaces_BS16_Lr0.0001_AdamW_exp411_n4_drop1_lr1e4_bs16;checkpoints/n4_0425_soundspaces_BS64_Lr0.0001_AdamW_exp411_n4_drop1_lr1e4_bs64,results/n4_0425_soundspaces_BS16_Lr0.0001_AdamW_exp411_n4_drop1_lr1e4_bs16;results/n4_0425_soundspaces_BS64_Lr0.0001_AdamW_exp411_n4_drop1_lr1e4_bs64,,97b6668,archive,"ledger KEEP + radial-era | metrics=RMSE=1.2179, AbsRel=0.4490, δ1=0.5075, δ2=0.7187, δ3=0.8345, Log10=0.1542, MAE=0.7773, FOA_COS=0.9997, FOA_DIR=0.9937"
exp412,UNet bottleneck ⊕ MLP(g⊙rep_gt); drop bin 2,ablation,radial,config/n4_0425.yaml,logs/n4_train/exp412_n4_drop2_lr1e4_bs64.log;logs/n4_test/exp412_n4_drop2_lr1e4_bs64_test.log,checkpoints/n4_0425_soundspaces_BS128_Lr0.0001_AdamW_exp412_n4_drop2_lr1e4_bs128;checkpoints/n4_0425_soundspaces_BS16_Lr0.0001_AdamW_exp412_n4_drop2_lr1e4_bs16;checkpoints/n4_0425_soundspaces_BS64_Lr0.0001_AdamW_exp412_n4_drop2_lr1e4_bs64,results/n4_0425_soundspaces_BS128_Lr0.0001_AdamW_exp412_n4_drop2_lr1e4_bs128;results/n4_0425_soundspaces_BS16_Lr0.0001_AdamW_exp412_n4_drop2_lr1e4_bs16;results/n4_0425_soundspaces_BS64_Lr0.0001_AdamW_exp412_n4_drop2_lr1e4_bs64,,97b6668,archive,"ledger KEEP + radial-era | metrics=RMSE=1.2419, AbsRel=0.4580, δ1=0.4983, δ2=0.7106, δ3=0.8311, Log10=0.1574, MAE=0.7916, FOA_COS=0.9997, FOA_DIR=0.9937"
exp413,UNet bottleneck ⊕ MLP(g⊙rep_gt); drop bin 3,ablation,radial,config/n4_0425.yaml,logs/n4_train/exp413_n4_drop3_lr1e4_bs64.log;logs/n4_test/exp413_n4_drop3_lr1e4_bs64_test.log,checkpoints/n4_0425_soundspaces_BS16_Lr0.0001_AdamW_exp413_n4_drop3_lr1e4_bs16;checkpoints/n4_0425_soundspaces_BS64_Lr0.0001_AdamW_exp413_n4_drop3_lr1e4_bs64,results/n4_0425_soundspaces_BS16_Lr0.0001_AdamW_exp413_n4_drop3_lr1e4_bs16;results/n4_0425_soundspaces_BS64_Lr0.0001_AdamW_exp413_n4_drop3_lr1e4_bs64,,97b6668,archive,"ledger KEEP + radial-era | metrics=RMSE=1.2430, AbsRel=0.4634, δ1=0.4984, δ2=0.7108, δ3=0.8290, Log10=0.1577, MAE=0.7929, FOA_COS=0.9997, FOA_DIR=0.9937"
exp414,UNet bottleneck ⊕ MLP(g⊙rep_gt); drop bin 4,ablation,radial,config/n4_0425.yaml,logs/n4_train/exp414_n4_drop4_lr1e4_bs64.log;logs/n4_test/exp414_n4_drop4_lr1e4_bs64_test.log,checkpoints/n4_0425_soundspaces_BS128_Lr0.0001_AdamW_exp414_n4_drop4_lr1e4_bs128;checkpoints/n4_0425_soundspaces_BS16_Lr0.0001_AdamW_exp414_n4_drop4_lr1e4_bs16;checkpoints/n4_0425_soundspaces_BS64_Lr0.0001_AdamW_exp414_n4_drop4_lr1e4_bs64,results/n4_0425_soundspaces_BS128_Lr0.0001_AdamW_exp414_n4_drop4_lr1e4_bs128;results/n4_0425_soundspaces_BS16_Lr0.0001_AdamW_exp414_n4_drop4_lr1e4_bs16;results/n4_0425_soundspaces_BS64_Lr0.0001_AdamW_exp414_n4_drop4_lr1e4_bs64,,97b6668,archive,"ledger KEEP + radial-era | metrics=RMSE=1.2250, AbsRel=0.4438, δ1=0.4989, δ2=0.7128, δ3=0.8312, Log10=0.1554, MAE=0.7843, FOA_COS=0.9997, FOA_DIR=0.9937"
exp418,UNet bottleneck ⊕ MLP(g⊙rep_gt); binaural-only floor (gate=…,ablation,radial,config/n4_0425.yaml,logs/n4_train/exp418_n4_binaural_lr1e4_bs64.log;logs/n4_test/exp418_n4_binaural_lr1e4_bs64_test.log,checkpoints/n4_0425_soundspaces_BS128_Lr0.0001_AdamW_exp418_n4_binaural_lr1e4_bs128;checkpoints/n4_0425_soundspaces_BS16_Lr0.0001_AdamW_exp418_n4_binaural_lr1e4_bs16;checkpoints/n4_0425_soundspaces_BS64_Lr0.0001_AdamW_exp418_n4_binaural_lr1e4_bs64,results/n4_0425_soundspaces_BS128_Lr0.0001_AdamW_exp418_n4_binaural_lr1e4_bs128;results/n4_0425_soundspaces_BS16_Lr0.0001_AdamW_exp418_n4_binaural_lr1e4_bs16;results/n4_0425_soundspaces_BS64_Lr0.0001_AdamW_exp418_n4_binaural_lr1e4_bs64,,97b6668,archive,"ledger KEEP + radial-era | metrics=RMSE=1.2902, AbsRel=0.4688, δ1=0.4896, δ2=0.7035, δ3=0.8254, Log10=0.1604, MAE=0.8059, FOA_COS=0.4736, FOA_DIR=0.4444"
exp700,config=echodiffusion_ambi; model.name=UNKNOWN,comparison_baseline,pre-radial,config/echodiffusion_ambi.yaml,logs/echodiff_ambi_train/exp700_eda_input_lr5e4_bs64.log;logs/echodiff_ambi_train/exp700_eda_input_lr5e4_bs128.log;logs/echodiff_ambi_test/exp700_eda_input_lr5e4_bs64_test.log;logs/echodiff_ambi_test/exp700_eda_input_lr5e4_bs128_test.log,checkpoints/echodiffusion_ambi_soundspaces_BS128_Lr0.0005_AdamW_exp700_eda_input_lr5e4_bs128;checkpoints/echodiffusion_ambi_soundspaces_BS64_Lr0.0005_AdamW_exp700_eda_input_lr5e4_bs64,results/echodiffusion_ambi_soundspaces_BS128_Lr0.0005_AdamW_exp700_eda_input_lr5e4_bs128;results/echodiffusion_ambi_soundspaces_BS64_Lr0.0005_AdamW_exp700_eda_input_lr5e4_bs64,,97b6668,archive,patched: comparison baseline w/ non-empty checkpoint; promoted to archive
exp701,config=echodiffusion_ambi; model.name=UNKNOWN,comparison_baseline,pre-radial,config/echodiffusion_ambi.yaml,logs/echodiff_ambi_train/exp701_eda_input_lr1e4_bs128.log;logs/echodiff_ambi_test/exp701_eda_input_lr1e4_bs128_test.log,checkpoints/echodiffusion_ambi_soundspaces_BS128_Lr0.0001_AdamW_exp701_eda_input_lr1e4_bs128;checkpoints/echodiffusion_ambi_soundspaces_BS64_Lr0.0001_AdamW_exp701_eda_input_lr1e4_bs64,results/echodiffusion_ambi_soundspaces_BS128_Lr0.0001_AdamW_exp701_eda_input_lr1e4_bs128;results/echodiffusion_ambi_soundspaces_BS64_Lr0.0001_AdamW_exp701_eda_input_lr1e4_bs64,,97b6668,archive,patched: comparison baseline w/ non-empty checkpoint; promoted to archive
exp702,config=echodiffusion_ambi; model.name=UNKNOWN,comparison_baseline,pre-radial,config/echodiffusion_ambi.yaml,logs/echodiff_ambi_train/exp702_eda_input_lr5e5_bs128.log;logs/echodiff_ambi_test/exp702_eda_input_lr5e5_bs128_test.log,checkpoints/echodiffusion_ambi_soundspaces_BS128_Lr5e-05_AdamW_exp702_eda_input_lr5e5_bs128;checkpoints/echodiffusion_ambi_soundspaces_BS128_Lr5e-05_AdamW_exp702_eda_input_lr5e5_bs64,results/echodiffusion_ambi_soundspaces_BS128_Lr5e-05_AdamW_exp702_eda_input_lr5e5_bs128;results/echodiffusion_ambi_soundspaces_BS128_Lr5e-05_AdamW_exp702_eda_input_lr5e5_bs64,,97b6668,archive,patched: comparison baseline w/ non-empty checkpoint; promoted to archive
exp703,config=echodiffusion_ambi; model.name=UNKNOWN,comparison_baseline,pre-radial,config/echodiffusion_ambi.yaml,logs/echodiff_ambi_train/exp703_eda_input_lr1e3_bs128.log;logs/echodiff_ambi_test/exp703_eda_input_lr1e3_bs128_test.log,checkpoints/echodiffusion_ambi_soundspaces_BS128_Lr0.001_AdamW_exp703_eda_input_lr1e3_bs128;checkpoints/echodiffusion_ambi_soundspaces_BS64_Lr0.001_AdamW_exp703_eda_input_lr1e3_bs64,results/echodiffusion_ambi_soundspaces_BS128_Lr0.001_AdamW_exp703_eda_input_lr1e3_bs128;results/echodiffusion_ambi_soundspaces_BS64_Lr0.001_AdamW_exp703_eda_input_lr1e3_bs64,,97b6668,archive,patched: comparison baseline w/ non-empty checkpoint; promoted to archive
exp704,config=echodiffusion_ambi; model.name=UNKNOWN,comparison_baseline,pre-radial,config/echodiffusion_ambi.yaml,logs/echodiff_ambi_train/exp704_eda_cond_lr5e4_bs128.log;logs/echodiff_ambi_test/exp704_eda_cond_lr5e4_bs128_test.log,checkpoints/echodiffusion_ambi_soundspaces_BS128_Lr0.0005_AdamW_exp704_eda_cond_lr5e4_bs128;checkpoints/echodiffusion_ambi_soundspaces_BS64_Lr0.0005_AdamW_exp704_eda_cond_lr5e4_bs64,results/echodiffusion_ambi_soundspaces_BS128_Lr0.0005_AdamW_exp704_eda_cond_lr5e4_bs128;results/echodiffusion_ambi_soundspaces_BS64_Lr0.0005_AdamW_exp704_eda_cond_lr5e4_bs64,,97b6668,archive,patched: comparison baseline w/ non-empty checkpoint; promoted to archive
exp705,config=echodiffusion_ambi; model.name=UNKNOWN,comparison_baseline,pre-radial,config/echodiffusion_ambi.yaml,logs/echodiff_ambi_train/exp705_eda_cond_lr1e4_bs128.log;logs/echodiff_ambi_test/exp705_eda_cond_lr1e4_bs128_test.log,checkpoints/echodiffusion_ambi_soundspaces_BS128_Lr0.0001_AdamW_exp705_eda_cond_lr1e4_bs128;checkpoints/echodiffusion_ambi_soundspaces_BS64_Lr0.0001_AdamW_exp705_eda_cond_lr1e4_bs64,results/echodiffusion_ambi_soundspaces_BS128_Lr0.0001_AdamW_exp705_eda_cond_lr1e4_bs128;results/echodiffusion_ambi_soundspaces_BS64_Lr0.0001_AdamW_exp705_eda_cond_lr1e4_bs64,,97b6668,archive,patched: comparison baseline w/ non-empty checkpoint; promoted to archive
exp706,config=echodiffusion_ambi; model.name=UNKNOWN,comparison_baseline,pre-radial,config/echodiffusion_ambi.yaml,logs/echodiff_ambi_train/exp706_eda_cond_lr5e5_bs128.log;logs/echodiff_ambi_test/exp706_eda_cond_lr5e5_bs128_test.log,checkpoints/echodiffusion_ambi_soundspaces_BS128_Lr5e-05_AdamW_exp706_eda_cond_lr5e5_bs128;checkpoints/echodiffusion_ambi_soundspaces_BS128_Lr5e-05_AdamW_exp706_eda_cond_lr5e5_bs64,results/echodiffusion_ambi_soundspaces_BS128_Lr5e-05_AdamW_exp706_eda_cond_lr5e5_bs128;results/echodiffusion_ambi_soundspaces_BS128_Lr5e-05_AdamW_exp706_eda_cond_lr5e5_bs64,,97b6668,archive,patched: comparison baseline w/ non-empty checkpoint; promoted to archive
exp707,config=echodiffusion_ambi; model.name=UNKNOWN,comparison_baseline,pre-radial,config/echodiffusion_ambi.yaml,logs/echodiff_ambi_train/exp707_eda_cond_lr1e3_bs128.log;logs/echodiff_ambi_test/exp707_eda_cond_lr1e3_bs128_test.log,checkpoints/echodiffusion_ambi_soundspaces_BS128_Lr0.001_AdamW_exp707_eda_cond_lr1e3_bs128;checkpoints/echodiffusion_ambi_soundspaces_BS64_Lr0.001_AdamW_exp707_eda_cond_lr1e3_bs64,results/echodiffusion_ambi_soundspaces_BS128_Lr0.001_AdamW_exp707_eda_cond_lr1e3_bs128;results/echodiffusion_ambi_soundspaces_BS64_Lr0.001_AdamW_exp707_eda_cond_lr1e3_bs64,,97b6668,archive,patched: comparison baseline w/ non-empty checkpoint; promoted to archive
exp244,config=pvit_n1_temap_rms_film; model.name=UNKNOWN,ours,pre-radial,config/pvit_n1_temap_rms_film.yaml,logs/n1_train/exp244_n1_pvit_trms_film_lr1e4.log;logs/n1_test/exp244_n1_pvit_trms_film_lr1e4_test.log,checkpoints/pvit_n1_temap_rms_film_soundspaces_BS16_Lr0.0001_AdamW_exp244_n1_pvit_trms_film_lr1e4,results/pvit_n1_temap_rms_film_soundspaces_BS16_Lr0.0001_AdamW_exp244_n1_pvit_trms_film_lr1e4,,97b6668,deprecated,ledger PLANNED/NOT REPORTED | metrics=NOT REPORTED
exp245,config=pvit_n1_temap_eattn; model.name=UNKNOWN,ours,pre-radial,config/pvit_n1_temap_eattn.yaml,logs/n1_train/exp245_n1_pvit_eattn_lr1e4.log;logs/n1_test/exp245_n1_pvit_eattn_lr1e4_test.log,checkpoints/pvit_n1_temap_eattn_soundspaces_BS16_Lr0.0001_AdamW_exp245_n1_pvit_eattn_lr1e4,results/pvit_n1_temap_eattn_soundspaces_BS16_Lr0.0001_AdamW_exp245_n1_pvit_eattn_lr1e4,,97b6668,deprecated,ledger PLANNED/NOT REPORTED | metrics=NOT REPORTED
exp246,config=pvit_n1_temap_mssh; model.name=UNKNOWN,ours,pre-radial,config/pvit_n1_temap_mssh.yaml,logs/n1_train/exp246_n1_pvit_mssh_lr1e4.log;logs/n1_test/exp246_n1_pvit_mssh_lr1e4_test.log,checkpoints/pvit_n1_temap_mssh_soundspaces_BS16_Lr0.0001_AdamW_exp246_n1_pvit_mssh_lr1e4,results/pvit_n1_temap_mssh_soundspaces_BS16_Lr0.0001_AdamW_exp246_n1_pvit_mssh_lr1e4,,97b6668,deprecated,ledger PLANNED/NOT REPORTED | metrics=NOT REPORTED
exp231,config=n2_temporal_energy_overlap3; model.name=UNKNOWN,ours,pre-radial,config/n2_temporal_energy_overlap3.yaml,logs/n2_train/exp231_n2_tenergy_ov3_lr1e3_lsh0.1.log;logs/n2_test/exp231_n2_tenergy_ov3_lr1e3_lsh0.1_test.log,checkpoints/unet_256_soundspaces_BS128_Lr0.001_AdamW_exp231_n2_tenergy_ov3_lr1e3_lsh0.1,results/unet_256_soundspaces_BS128_Lr0.001_AdamW_exp231_n2_tenergy_ov3_lr1e3_lsh0.1,,97b6668,deprecated,ledger PLANNED/NOT REPORTED | metrics=NOT REPORTED
exp232,config=n2_temporal_energy_overlap3; model.name=UNKNOWN,ours,pre-radial,config/n2_temporal_energy_overlap3.yaml,logs/n2_train/exp232_n2_tenergy_ov3_lr5e4_lsh0.1.log;logs/n2_test/exp232_n2_tenergy_ov3_lr5e4_lsh0.1_test.log,checkpoints/unet_256_soundspaces_BS128_Lr0.0005_AdamW_exp232_n2_tenergy_ov3_lr5e4_lsh0.1,results/unet_256_soundspaces_BS128_Lr0.0005_AdamW_exp232_n2_tenergy_ov3_lr5e4_lsh0.1,,97b6668,deprecated,ledger PLANNED/NOT REPORTED | metrics=NOT REPORTED
exp233,config=n2_temporal_energy_overlap3; model.name=UNKNOWN,ours,pre-radial,config/n2_temporal_energy_overlap3.yaml,logs/n2_train/exp233_n2_tenergy_ov3_lr1e3_lsh0.3.log;logs/n2_test/exp233_n2_tenergy_ov3_lr1e3_lsh0.3_test.log,checkpoints/unet_256_soundspaces_BS128_Lr0.001_AdamW_exp233_n2_tenergy_ov3_lr1e3_lsh0.3,results/unet_256_soundspaces_BS128_Lr0.001_AdamW_exp233_n2_tenergy_ov3_lr1e3_lsh0.3,,97b6668,deprecated,ledger PLANNED/NOT REPORTED | metrics=NOT REPORTED
exp234,config=n2_temap_input_overlap3; model.name=UNKNOWN,ours,pre-radial,config/n2_temap_input_overlap3.yaml,logs/n2_train/exp234_n2_temap_ov3_lr1e3_lsh0.1.log;logs/n2_test/exp234_n2_temap_ov3_lr1e3_lsh0.1_test.log,checkpoints/unet_256_soundspaces_BS128_Lr0.001_AdamW_exp234_n2_temap_ov3_lr1e3_lsh0.1,results/unet_256_soundspaces_BS128_Lr0.001_AdamW_exp234_n2_temap_ov3_lr1e3_lsh0.1,,97b6668,deprecated,ledger PLANNED/NOT REPORTED | metrics=NOT REPORTED
exp235,config=n2_temap_input_overlap3; model.name=UNKNOWN,ours,pre-radial,config/n2_temap_input_overlap3.yaml,logs/n2_train/exp235_n2_temap_ov3_lr5e4_lsh0.1.log,checkpoints/unet_256_soundspaces_BS128_Lr0.0005_AdamW_exp235_n2_temap_ov3_lr5e4_lsh0.1,results/unet_256_soundspaces_BS128_Lr0.0005_AdamW_exp235_n2_temap_ov3_lr5e4_lsh0.1,,97b6668,deprecated,ledger PLANNED/NOT REPORTED | metrics=NOT REPORTED
exp236,config=n2_temporal_energy_overlap3_signed; model.name=UNKNO…,ours,pre-radial,config/n2_temporal_energy_overlap3_signed.yaml,logs/n2_train/exp236_n2_tenergy_ov3_signed_lr1e3.log,checkpoints/unet_256_soundspaces_BS128_Lr0.001_AdamW_exp236_n2_tenergy_ov3_signed_lr1e3,results/unet_256_soundspaces_BS128_Lr0.001_AdamW_exp236_n2_tenergy_ov3_signed_lr1e3,,97b6668,deprecated,ledger PLANNED/NOT REPORTED | metrics=NOT REPORTED
exp237,config=n2_temporal_energy_overlap3_wloss; model.name=UNKNOWN,ours,pre-radial,config/n2_temporal_energy_overlap3_wloss.yaml,logs/n2_train/exp237_n2_tenergy_ov3_wloss_lr1e3.log,checkpoints/unet_256_soundspaces_BS128_Lr0.001_AdamW_exp237_n2_tenergy_ov3_wloss_lr1e3,results/unet_256_soundspaces_BS128_Lr0.001_AdamW_exp237_n2_tenergy_ov3_wloss_lr1e3,,97b6668,deprecated,ledger PLANNED/NOT REPORTED | metrics=NOT REPORTED
exp238,config=n2_temporal_energy_overlap3_deccond; model.name=UNKN…,ours,pre-radial,config/n2_temporal_energy_overlap3_deccond.yaml,logs/n2_train/exp238_n2_tenergy_ov3_deccond_lr1e3.log,checkpoints/unet_256_soundspaces_BS128_Lr0.001_AdamW_exp238_n2_tenergy_ov3_deccond_lr1e3,results/unet_256_soundspaces_BS128_Lr0.001_AdamW_exp238_n2_tenergy_ov3_deccond_lr1e3,,97b6668,deprecated,ledger PLANNED/NOT REPORTED | metrics=NOT REPORTED
exp239,config=n2_temporal_energy_overlap4; model.name=UNKNOWN,ours,pre-radial,config/n2_temporal_energy_overlap4.yaml,,,,,97b6668,deprecated,ledger PLANNED/NOT REPORTED | metrics=NOT REPORTED
exp240,config=n2_temporal_energy_overlap4; model.name=UNKNOWN,ours,pre-radial,config/n2_temporal_energy_overlap4.yaml,,,,,97b6668,deprecated,ledger PLANNED/NOT REPORTED | metrics=NOT REPORTED
exp730,config=echodiff_sh_side_plus; model.name=UNKNOWN,comparison_baseline,pre-radial,config/echodiff_sh_side_plus.yaml,logs/n2_0427_train/exp730_sideplus_baseline_lr5e4_bs128.log;logs/n2_0427_test/exp730_sideplus_baseline_lr5e4_bs128_test.log,checkpoints/echodiff_sh_side_plus_soundspaces_BS128_Lr0.0005_AdamW_exp730_sideplus_baseline_lr5e4_bs128,results/echodiff_sh_side_plus_soundspaces_BS128_Lr0.0005_AdamW_exp730_sideplus_baseline_lr5e4_bs128,,97b6668,archive,patched: comparison baseline w/ non-empty checkpoint; promoted to archive
exp731,config=echodiff_sh_side_plus; model.name=UNKNOWN,comparison_baseline,pre-radial,config/echodiff_sh_side_plus.yaml,logs/n2_0427_train/exp731_sideplus_oracleUB_gate-ones_lr5e4_bs128.log;logs/n2_0427_test/exp731_sideplus_oracleUB_gate-ones_lr5e4_bs128_test.log,checkpoints/echodiff_sh_side_plus_soundspaces_BS128_Lr0.0005_AdamW_exp731_sideplus_oracleUB_gate-ones_lr5e4_bs128,results/echodiff_sh_side_plus_soundspaces_BS128_Lr0.0005_AdamW_exp731_sideplus_oracleUB_gate-ones_lr5e4_bs128,,97b6668,archive,patched: comparison baseline w/ non-empty checkpoint; promoted to archive
exp720,config=echodiffusion_ambi_sh; model.name=UNKNOWN,comparison_baseline,pre-radial,config/echodiffusion_ambi_sh.yaml,logs/n2_echodiff_ambi_sh_train/exp720_eda_sh5_lr5e4_bs128.log;logs/n2_echodiff_ambi_sh_test/exp720_eda_sh5_lr5e4_bs128_test.log,checkpoints/echodiffusion_ambi_sh_soundspaces_BS128_Lr0.0005_AdamW_exp720_eda_sh5_lr5e4_bs128;checkpoints/echodiffusion_ambi_sh_soundspaces_BS64_Lr0.0005_AdamW_exp720_eda_sh5_lr5e4_bs64,results/echodiffusion_ambi_sh_soundspaces_BS128_Lr0.0005_AdamW_exp720_eda_sh5_lr5e4_bs128;results/echodiffusion_ambi_sh_soundspaces_BS64_Lr0.0005_AdamW_exp720_eda_sh5_lr5e4_bs64,,97b6668,archive,patched: comparison baseline w/ non-empty checkpoint; promoted to archive
exp721,config=echodiffusion_ambi_sh; model.name=UNKNOWN,comparison_baseline,pre-radial,config/echodiffusion_ambi_sh.yaml,logs/n2_echodiff_ambi_sh_train/exp721_eda_sh5_lr1e4_bs128.log;logs/n2_echodiff_ambi_sh_test/exp721_eda_sh5_lr1e4_bs128_test.log,checkpoints/echodiffusion_ambi_sh_soundspaces_BS128_Lr0.0001_AdamW_exp721_eda_sh5_lr1e4_bs128;checkpoints/echodiffusion_ambi_sh_soundspaces_BS64_Lr0.0001_AdamW_exp721_eda_sh5_lr1e4_bs64,results/echodiffusion_ambi_sh_soundspaces_BS128_Lr0.0001_AdamW_exp721_eda_sh5_lr1e4_bs128;results/echodiffusion_ambi_sh_soundspaces_BS64_Lr0.0001_AdamW_exp721_eda_sh5_lr1e4_bs64,,97b6668,archive,patched: comparison baseline w/ non-empty checkpoint; promoted to archive
exp722,config=echodiffusion_ambi_sh; model.name=UNKNOWN,comparison_baseline,pre-radial,config/echodiffusion_ambi_sh.yaml,logs/n2_echodiff_ambi_sh_train/exp722_eda_sh5_lr5e5_bs128.log,checkpoints/echodiffusion_ambi_sh_soundspaces_BS128_Lr5e-05_AdamW_exp722_eda_sh5_lr5e5_bs128;checkpoints/echodiffusion_ambi_sh_soundspaces_BS64_Lr5e-05_AdamW_exp722_eda_sh5_lr5e5_bs64,results/echodiffusion_ambi_sh_soundspaces_BS128_Lr5e-05_AdamW_exp722_eda_sh5_lr5e5_bs128;results/echodiffusion_ambi_sh_soundspaces_BS64_Lr5e-05_AdamW_exp722_eda_sh5_lr5e5_bs64,,97b6668,archive,patched: comparison baseline w/ non-empty checkpoint; promoted to archive
exp723,config=echodiffusion_ambi_sh; model.name=UNKNOWN,comparison_baseline,pre-radial,config/echodiffusion_ambi_sh.yaml,logs/n2_echodiff_ambi_sh_train/exp723_eda_sh5_lr1e3_bs128.log,checkpoints/echodiffusion_ambi_sh_soundspaces_BS128_Lr0.001_AdamW_exp723_eda_sh5_lr1e3_bs128;checkpoints/echodiffusion_ambi_sh_soundspaces_BS64_Lr0.001_AdamW_exp723_eda_sh5_lr1e3_bs64,results/echodiffusion_ambi_sh_soundspaces_BS128_Lr0.001_AdamW_exp723_eda_sh5_lr1e3_bs128;results/echodiffusion_ambi_sh_soundspaces_BS64_Lr0.001_AdamW_exp723_eda_sh5_lr1e3_bs64,,97b6668,archive,patched: comparison baseline w/ non-empty checkpoint; promoted to archive
exp360,config=echodiffusion; model.name=UNKNOWN,comparison_baseline,pre-radial,config/echodiffusion.yaml,logs/n2_revisit_train/exp360_echodiff_lr1e4_bs16.log;logs/n2_revisit_train/exp360_echodiff_lr1e4_bs48.log;logs/n2_revisit_test/exp360_echodiff_lr1e4_bs48_test.log,checkpoints/echodiffusion_soundspaces_BS16_Lr0.0001_AdamW_exp360_echodiff_lr1e4_bs16;checkpoints/echodiffusion_soundspaces_BS32_Lr0.0001_AdamW_exp360_echodiff_lr1e4_bs32;checkpoints/echodiffusion_soundspaces_BS48_Lr0.0001_AdamW_exp360_echodiff_lr1e4_bs48;checkpoints/echodiffusion_soundspaces_BS8_Lr0.0001_AdamW_exp360_echodiff_lr1e4_bs8,results/echodiffusion_soundspaces_BS16_Lr0.0001_AdamW_exp360_echodiff_lr1e4_bs16;results/echodiffusion_soundspaces_BS32_Lr0.0001_AdamW_exp360_echodiff_lr1e4_bs32;results/echodiffusion_soundspaces_BS48_Lr0.0001_AdamW_exp360_echodiff_lr1e4_bs48;results/echodiffusion_soundspaces_BS8_Lr0.0001_AdamW_exp360_echodiff_lr1e4_bs8,,97b6668,archive,patched: comparison baseline w/ non-empty checkpoint; promoted to archive
exp361,config=echodiffusion; model.name=UNKNOWN,comparison_baseline,pre-radial,config/echodiffusion.yaml,logs/n2_revisit_train/exp361_echodiff_lr5e5_bs16.log;logs/n2_revisit_train/exp361_echodiff_lr5e5_bs48.log;logs/n2_revisit_test/exp361_echodiff_lr5e5_bs48_test.log,checkpoints/echodiffusion_soundspaces_BS16_Lr5e-05_AdamW_exp361_echodiff_lr5e5_bs16;checkpoints/echodiffusion_soundspaces_BS32_Lr5e-05_AdamW_exp361_echodiff_lr5e5_bs32;checkpoints/echodiffusion_soundspaces_BS48_Lr5e-05_AdamW_exp361_echodiff_lr5e5_bs48;checkpoints/echodiffusion_soundspaces_BS8_Lr5e-05_AdamW_exp361_echodiff_lr5e5_bs8,results/echodiffusion_soundspaces_BS16_Lr5e-05_AdamW_exp361_echodiff_lr5e5_bs16;results/echodiffusion_soundspaces_BS32_Lr5e-05_AdamW_exp361_echodiff_lr5e5_bs32;results/echodiffusion_soundspaces_BS48_Lr5e-05_AdamW_exp361_echodiff_lr5e5_bs48;results/echodiffusion_soundspaces_BS8_Lr5e-05_AdamW_exp361_echodiff_lr5e5_bs8,,97b6668,archive,patched: comparison baseline w/ non-empty checkpoint; promoted to archive
exp362,config=echodiffusion; model.name=UNKNOWN,comparison_baseline,pre-radial,config/echodiffusion.yaml,logs/n2_revisit_train/exp362_echodiff_lr1e4_bs8.log;logs/n2_revisit_train/exp362_echodiff_lr1e4_bs32.log;logs/n2_revisit_test/exp362_echodiff_lr1e4_bs32_test.log,checkpoints/echodiffusion_soundspaces_BS16_Lr0.0001_AdamW_exp362_echodiff_lr1e4_bs16;checkpoints/echodiffusion_soundspaces_BS32_Lr0.0001_AdamW_exp362_echodiff_lr1e4_bs32;checkpoints/echodiffusion_soundspaces_BS4_Lr0.0001_AdamW_exp362_echodiff_lr1e4_bs4;checkpoints/echodiffusion_soundspaces_BS8_Lr0.0001_AdamW_exp362_echodiff_lr1e4_bs8,results/echodiffusion_soundspaces_BS16_Lr0.0001_AdamW_exp362_echodiff_lr1e4_bs16;results/echodiffusion_soundspaces_BS32_Lr0.0001_AdamW_exp362_echodiff_lr1e4_bs32;results/echodiffusion_soundspaces_BS4_Lr0.0001_AdamW_exp362_echodiff_lr1e4_bs4;results/echodiffusion_soundspaces_BS8_Lr0.0001_AdamW_exp362_echodiff_lr1e4_bs8,,97b6668,archive,patched: comparison baseline w/ non-empty checkpoint; promoted to archive
exp363,config=echodiffusion; model.name=UNKNOWN,comparison_baseline,pre-radial,config/echodiffusion.yaml,logs/n2_revisit_train/exp363_echodiff_lr5e4_bs16.log;logs/n2_revisit_train/exp363_echodiff_lr5e4_bs48.log;logs/n2_revisit_test/exp363_echodiff_lr5e4_bs48_test.log,checkpoints/echodiffusion_soundspaces_BS16_Lr0.0005_AdamW_exp363_echodiff_lr5e4_bs16;checkpoints/echodiffusion_soundspaces_BS32_Lr0.0005_AdamW_exp363_echodiff_lr5e4_bs32;checkpoints/echodiffusion_soundspaces_BS48_Lr0.0005_AdamW_exp363_echodiff_lr5e4_bs48;checkpoints/echodiffusion_soundspaces_BS8_Lr0.0005_AdamW_exp363_echodiff_lr5e4_bs8,results/echodiffusion_soundspaces_BS16_Lr0.0005_AdamW_exp363_echodiff_lr5e4_bs16;results/echodiffusion_soundspaces_BS32_Lr0.0005_AdamW_exp363_echodiff_lr5e4_bs32;results/echodiffusion_soundspaces_BS48_Lr0.0005_AdamW_exp363_echodiff_lr5e4_bs48;results/echodiffusion_soundspaces_BS8_Lr0.0005_AdamW_exp363_echodiff_lr5e4_bs8,,97b6668,archive,patched: comparison baseline w/ non-empty checkpoint; promoted to archive
exp364,config=echodiffusion; model.name=UNKNOWN,comparison_baseline,pre-radial,config/echodiffusion.yaml,logs/n2_revisit_train/exp364_echodiff_lr1e5_bs16.log;logs/n2_revisit_train/exp364_echodiff_lr1e5_bs48.log;logs/n2_revisit_test/exp364_echodiff_lr1e5_bs48_test.log,checkpoints/echodiffusion_soundspaces_BS16_Lr1e-05_AdamW_exp364_echodiff_lr1e5_bs16;checkpoints/echodiffusion_soundspaces_BS32_Lr1e-05_AdamW_exp364_echodiff_lr1e5_bs32;checkpoints/echodiffusion_soundspaces_BS48_Lr1e-05_AdamW_exp364_echodiff_lr1e5_bs48,results/echodiffusion_soundspaces_BS16_Lr1e-05_AdamW_exp364_echodiff_lr1e5_bs16;results/echodiffusion_soundspaces_BS32_Lr1e-05_AdamW_exp364_echodiff_lr1e5_bs32;results/echodiffusion_soundspaces_BS48_Lr1e-05_AdamW_exp364_echodiff_lr1e5_bs48,,97b6668,archive,patched: comparison baseline w/ non-empty checkpoint; promoted to archive
exp366,config=pretrain_resnet; model.name=UNKNOWN,pretrained_backbone,pre-radial,config/pretrain_resnet.yaml,logs/n2_revisit_train/exp366_resnet_lr5e5_bs32.log;logs/n2_revisit_train/exp366_resnet_lr5e5_bs160.log;logs/n2_revisit_test/exp366_resnet_lr5e5_bs32_test.log,checkpoints/pretrained_resnet_soundspaces_BS160_Lr5e-05_AdamW_exp366_resnet_lr5e5_bs160;checkpoints/pretrained_resnet_soundspaces_BS32_Lr5e-05_AdamW_exp366_resnet_lr5e5_bs32,results/pretrained_resnet_soundspaces_BS160_Lr5e-05_AdamW_exp366_resnet_lr5e5_bs160;results/pretrained_resnet_soundspaces_BS32_Lr5e-05_AdamW_exp366_resnet_lr5e5_bs32,,97b6668,deprecated,ledger PLANNED/NOT REPORTED | metrics=NOT REPORTED
exp367,config=pretrain_resnet; model.name=UNKNOWN,pretrained_backbone,pre-radial,config/pretrain_resnet.yaml,logs/n2_revisit_train/exp367_resnet_lr5e4_bs32.log;logs/n2_revisit_train/exp367_resnet_lr5e4_bs160.log;logs/n2_revisit_test/exp367_resnet_lr5e4_bs160_test.log,checkpoints/pretrained_resnet_soundspaces_BS160_Lr0.0005_AdamW_exp367_resnet_lr5e4_bs160;checkpoints/pretrained_resnet_soundspaces_BS32_Lr0.0005_AdamW_exp367_resnet_lr5e4_bs32,results/pretrained_resnet_soundspaces_BS160_Lr0.0005_AdamW_exp367_resnet_lr5e4_bs160;results/pretrained_resnet_soundspaces_BS32_Lr0.0005_AdamW_exp367_resnet_lr5e4_bs32,,97b6668,deprecated,ledger PLANNED/NOT REPORTED | metrics=NOT REPORTED
exp368,config=pretrain_resnet; model.name=UNKNOWN,pretrained_backbone,pre-radial,config/pretrain_resnet.yaml,logs/n2_revisit_train/exp368_resnet_lr1e4_bs16.log;logs/n2_revisit_train/exp368_resnet_lr1e4_bs96.log;logs/n2_revisit_test/exp368_resnet_lr1e4_bs96_test.log,checkpoints/pretrained_resnet_soundspaces_BS16_Lr0.0001_AdamW_exp368_resnet_lr1e4_bs16;checkpoints/pretrained_resnet_soundspaces_BS96_Lr0.0001_AdamW_exp368_resnet_lr1e4_bs96,results/pretrained_resnet_soundspaces_BS16_Lr0.0001_AdamW_exp368_resnet_lr1e4_bs16;results/pretrained_resnet_soundspaces_BS96_Lr0.0001_AdamW_exp368_resnet_lr1e4_bs96,,97b6668,deprecated,ledger PLANNED/NOT REPORTED | metrics=NOT REPORTED
exp369,config=pretrain_resnet; model.name=UNKNOWN,pretrained_backbone,pre-radial,config/pretrain_resnet.yaml,logs/n2_revisit_train/exp369_resnet_lr3e4_bs32.log;logs/n2_revisit_train/exp369_resnet_lr3e4_bs160.log;logs/n2_revisit_test/exp369_resnet_lr3e4_bs160_test.log,checkpoints/pretrained_resnet_soundspaces_BS160_Lr0.0003_AdamW_exp369_resnet_lr3e4_bs160;checkpoints/pretrained_resnet_soundspaces_BS32_Lr0.0003_AdamW_exp369_resnet_lr3e4_bs32,results/pretrained_resnet_soundspaces_BS160_Lr0.0003_AdamW_exp369_resnet_lr3e4_bs160;results/pretrained_resnet_soundspaces_BS32_Lr0.0003_AdamW_exp369_resnet_lr3e4_bs32,,97b6668,deprecated,ledger PLANNED/NOT REPORTED | metrics=NOT REPORTED
exp370,config=pretrain_vit; model.name=UNKNOWN,pretrained_backbone,pre-radial,config/pretrain_vit.yaml,logs/n2_revisit_train/exp370_previt_lr1e4_bs48.log;logs/n2_revisit_train/exp370_previt_lr1e4_bs16.log;logs/n2_revisit_test/exp370_previt_lr1e4_bs48_test.log,checkpoints/pretrained_vit_soundspaces_BS16_Lr0.0001_AdamW_exp370_previt_lr1e4_bs16;checkpoints/pretrained_vit_soundspaces_BS48_Lr0.0001_AdamW_exp370_previt_lr1e4_bs48,results/pretrained_vit_soundspaces_BS16_Lr0.0001_AdamW_exp370_previt_lr1e4_bs16;results/pretrained_vit_soundspaces_BS48_Lr0.0001_AdamW_exp370_previt_lr1e4_bs48,,97b6668,deprecated,ledger PLANNED/NOT REPORTED | metrics=NOT REPORTED
exp371,config=pretrain_vit; model.name=UNKNOWN,pretrained_backbone,pre-radial,config/pretrain_vit.yaml,logs/n2_revisit_train/exp371_previt_lr5e5_bs16.log;logs/n2_revisit_train/exp371_previt_lr5e5_bs48.log;logs/n2_revisit_test/exp371_previt_lr5e5_bs48_test.log,checkpoints/pretrained_vit_soundspaces_BS16_Lr5e-05_AdamW_exp371_previt_lr5e5_bs16;checkpoints/pretrained_vit_soundspaces_BS48_Lr5e-05_AdamW_exp371_previt_lr5e5_bs48,results/pretrained_vit_soundspaces_BS16_Lr5e-05_AdamW_exp371_previt_lr5e5_bs16;results/pretrained_vit_soundspaces_BS48_Lr5e-05_AdamW_exp371_previt_lr5e5_bs48,,97b6668,deprecated,ledger PLANNED/NOT REPORTED | metrics=NOT REPORTED
exp372,config=pretrain_vit; model.name=UNKNOWN,pretrained_backbone,pre-radial,config/pretrain_vit.yaml,logs/n2_revisit_train/exp372_previt_lr5e4_bs16.log;logs/n2_revisit_train/exp372_previt_lr5e4_bs48.log;logs/n2_revisit_test/exp372_previt_lr5e4_bs48_test.log,checkpoints/pretrained_vit_soundspaces_BS16_Lr0.0005_AdamW_exp372_previt_lr5e4_bs16;checkpoints/pretrained_vit_soundspaces_BS48_Lr0.0005_AdamW_exp372_previt_lr5e4_bs48,results/pretrained_vit_soundspaces_BS16_Lr0.0005_AdamW_exp372_previt_lr5e4_bs16;results/pretrained_vit_soundspaces_BS48_Lr0.0005_AdamW_exp372_previt_lr5e4_bs48,,97b6668,deprecated,ledger PLANNED/NOT REPORTED | metrics=NOT REPORTED
exp373,config=pretrain_vit; model.name=UNKNOWN,pretrained_backbone,pre-radial,config/pretrain_vit.yaml,logs/n2_revisit_train/exp373_previt_lr1e4_bs8.log;logs/n2_revisit_train/exp373_previt_lr1e4_bs24.log;logs/n2_revisit_test/exp373_previt_lr1e4_bs24_test.log,checkpoints/pretrained_vit_soundspaces_BS24_Lr0.0001_AdamW_exp373_previt_lr1e4_bs24;checkpoints/pretrained_vit_soundspaces_BS8_Lr0.0001_AdamW_exp373_previt_lr1e4_bs8,results/pretrained_vit_soundspaces_BS24_Lr0.0001_AdamW_exp373_previt_lr1e4_bs24;results/pretrained_vit_soundspaces_BS8_Lr0.0001_AdamW_exp373_previt_lr1e4_bs8,,97b6668,deprecated,ledger PLANNED/NOT REPORTED | metrics=NOT REPORTED
exp374,config=pretrain_vit; model.name=UNKNOWN,pretrained_backbone,pre-radial,config/pretrain_vit.yaml,logs/n2_revisit_train/exp374_previt_lr3e5_bs48.log;logs/n2_revisit_train/exp374_previt_lr3e5_bs16.log;logs/n2_revisit_test/exp374_previt_lr3e5_bs48_test.log,checkpoints/pretrained_vit_soundspaces_BS16_Lr3e-05_AdamW_exp374_previt_lr3e5_bs16;checkpoints/pretrained_vit_soundspaces_BS48_Lr3e-05_AdamW_exp374_previt_lr3e5_bs48,results/pretrained_vit_soundspaces_BS16_Lr3e-05_AdamW_exp374_previt_lr3e5_bs16;results/pretrained_vit_soundspaces_BS48_Lr3e-05_AdamW_exp374_previt_lr3e5_bs48,,97b6668,deprecated,ledger PLANNED/NOT REPORTED | metrics=NOT REPORTED
exp375,config=echonet; model.name=UNKNOWN,comparison_baseline,pre-radial,config/echonet.yaml,logs/n2_revisit_train/exp375_echonet_lr1e3_bs24.log;logs/n2_revisit_train/exp375_echonet_lr1e3_bs8.log,checkpoints/echonet_soundspaces_BS24_Lr0.001_AdamW_exp375_echonet_lr1e3_bs24;checkpoints/echonet_soundspaces_BS8_Lr0.001_AdamW_exp375_echonet_lr1e3_bs8,results/echonet_soundspaces_BS24_Lr0.001_AdamW_exp375_echonet_lr1e3_bs24;results/echonet_soundspaces_BS8_Lr0.001_AdamW_exp375_echonet_lr1e3_bs8,,97b6668,deprecated,ledger PLANNED/NOT REPORTED | metrics=NOT REPORTED
exp376,config=echonet; model.name=UNKNOWN,comparison_baseline,pre-radial,config/echonet.yaml,logs/n2_revisit_train/exp376_echonet_lr5e4_bs48.log;logs/n2_revisit_train/exp376_echonet_lr5e4_bs16.log,checkpoints/echonet_soundspaces_BS16_Lr0.0005_AdamW_exp376_echonet_lr5e4_bs16;checkpoints/echonet_soundspaces_BS48_Lr0.0005_AdamW_exp376_echonet_lr5e4_bs48,results/echonet_soundspaces_BS16_Lr0.0005_AdamW_exp376_echonet_lr5e4_bs16;results/echonet_soundspaces_BS48_Lr0.0005_AdamW_exp376_echonet_lr5e4_bs48,,97b6668,deprecated,ledger PLANNED/NOT REPORTED | metrics=NOT REPORTED
exp377,config=echonet; model.name=UNKNOWN,comparison_baseline,pre-radial,config/echonet.yaml,logs/n2_revisit_train/exp377_echonet_lr1e4_bs16.log;logs/n2_revisit_train/exp377_echonet_lr1e4_bs48.log,checkpoints/echonet_soundspaces_BS16_Lr0.0001_AdamW_exp377_echonet_lr1e4_bs16;checkpoints/echonet_soundspaces_BS48_Lr0.0001_AdamW_exp377_echonet_lr1e4_bs48,results/echonet_soundspaces_BS16_Lr0.0001_AdamW_exp377_echonet_lr1e4_bs16;results/echonet_soundspaces_BS48_Lr0.0001_AdamW_exp377_echonet_lr1e4_bs48,,97b6668,deprecated,ledger PLANNED/NOT REPORTED | metrics=NOT REPORTED
exp378,config=echonet; model.name=UNKNOWN,comparison_baseline,pre-radial,config/echonet.yaml,logs/n2_revisit_train/exp378_echonet_lr1e3_bs48.log;logs/n2_revisit_train/exp378_echonet_lr1e3_bs16.log,checkpoints/echonet_soundspaces_BS16_Lr0.001_AdamW_exp378_echonet_lr1e3_bs16;checkpoints/echonet_soundspaces_BS48_Lr0.001_AdamW_exp378_echonet_lr1e3_bs48,results/echonet_soundspaces_BS16_Lr0.001_AdamW_exp378_echonet_lr1e3_bs16;results/echonet_soundspaces_BS48_Lr0.001_AdamW_exp378_echonet_lr1e3_bs48,,97b6668,deprecated,ledger PLANNED/NOT REPORTED | metrics=NOT REPORTED
exp379,config=echonet; model.name=UNKNOWN,comparison_baseline,pre-radial,config/echonet.yaml,logs/n2_revisit_train/exp379_echonet_lr2e3_bs48.log,checkpoints/echonet_soundspaces_BS48_Lr0.002_AdamW_exp379_echonet_lr2e3_bs48,results/echonet_soundspaces_BS48_Lr0.002_AdamW_exp379_echonet_lr2e3_bs48,,97b6668,deprecated,ledger PLANNED/NOT REPORTED | metrics=NOT REPORTED
exp380,config=batvision; model.name=UNKNOWN,comparison_baseline,pre-radial,config/batvision.yaml,logs/n2_revisit_train/exp380_batvision_lr1e3_bs96.log;logs/n2_revisit_test/exp380_batvision_lr1e3_bs96_test.log,checkpoints/unet_256_soundspaces_BS32_Lr0.001_AdamW_exp380_batvision_lr1e3_bs32;checkpoints/unet_256_soundspaces_BS96_Lr0.001_AdamW_exp380_batvision_lr1e3_bs96,results/unet_256_soundspaces_BS32_Lr0.001_AdamW_exp380_batvision_lr1e3_bs32;results/unet_256_soundspaces_BS96_Lr0.001_AdamW_exp380_batvision_lr1e3_bs96,,97b6668,deprecated,ledger PLANNED/NOT REPORTED | metrics=NOT REPORTED
exp381,config=batvision; model.name=UNKNOWN,comparison_baseline,pre-radial,config/batvision.yaml,,,,,97b6668,deprecated,ledger PLANNED/NOT REPORTED | metrics=NOT REPORTED
exp382,config=batvision; model.name=UNKNOWN,comparison_baseline,pre-radial,config/batvision.yaml,,,,,97b6668,deprecated,ledger PLANNED/NOT REPORTED | metrics=NOT REPORTED
exp383,config=batvision; model.name=UNKNOWN,comparison_baseline,pre-radial,config/batvision.yaml,,,,,97b6668,deprecated,ledger PLANNED/NOT REPORTED | metrics=NOT REPORTED
exp384,config=batvision; model.name=UNKNOWN,comparison_baseline,pre-radial,config/batvision.yaml,logs/n2_revisit_train/exp384_batvision_lr2e3_bs96.log,checkpoints/unet_256_soundspaces_BS32_Lr0.002_AdamW_exp384_batvision_lr2e3_bs32;checkpoints/unet_256_soundspaces_BS96_Lr0.002_AdamW_exp384_batvision_lr2e3_bs96,results/unet_256_soundspaces_BS32_Lr0.002_AdamW_exp384_batvision_lr2e3_bs32;results/unet_256_soundspaces_BS96_Lr0.002_AdamW_exp384_batvision_lr2e3_bs96,,97b6668,deprecated,ledger PLANNED/NOT REPORTED | metrics=NOT REPORTED
exp385,config=echodiffusion; model.name=UNKNOWN,comparison_baseline,pre-radial,config/echodiffusion.yaml,,,,,97b6668,deprecated,ledger PLANNED/NOT REPORTED | metrics=NOT REPORTED
exp386,config=echodiffusion; model.name=UNKNOWN,comparison_baseline,pre-radial,config/echodiffusion.yaml,,,,,97b6668,deprecated,ledger PLANNED/NOT REPORTED | metrics=NOT REPORTED
exp387,config=echodiffusion; model.name=UNKNOWN,comparison_baseline,pre-radial,config/echodiffusion.yaml,,,,,97b6668,deprecated,ledger PLANNED/NOT REPORTED | metrics=NOT REPORTED
exp388,config=echodiffusion; model.name=UNKNOWN,comparison_baseline,pre-radial,config/echodiffusion.yaml,,checkpoints/echodiffusion_soundspaces_BS16_Lr5e-05_AdamW_exp388_echodiff_wav2vec_lr5e5_bs16,results/echodiffusion_soundspaces_BS16_Lr5e-05_AdamW_exp388_echodiff_wav2vec_lr5e5_bs16,,97b6668,deprecated,ledger PLANNED/NOT REPORTED | metrics=NOT REPORTED
exp389,config=echodiffusion; model.name=UNKNOWN,comparison_baseline,pre-radial,config/echodiffusion.yaml,,,,,97b6668,deprecated,ledger PLANNED/NOT REPORTED | metrics=NOT REPORTED
exp247,config=n3_emap_unet_repeat; model.name=UNKNOWN,ours,pre-radial,config/n3_emap_unet_repeat.yaml,logs/n3_train/exp247_emap_unet_repeat_lr1e3.log;logs/n3_test/exp247_emap_unet_repeat_lr1e3_test.log,checkpoints/unet_256_soundspaces_BS32_Lr0.001_AdamW_exp247_emap_unet_repeat_lr1e3,results/unet_256_soundspaces_BS32_Lr0.001_AdamW_exp247_emap_unet_repeat_lr1e3,,97b6668,deprecated,ledger PLANNED/NOT REPORTED | metrics=NOT REPORTED
exp248,config=n3_emap_unet_conv; model.name=UNKNOWN,ours,pre-radial,config/n3_emap_unet_conv.yaml,logs/n3_train/exp248_emap_unet_conv_lr1e3.log;logs/n3_test/exp248_emap_unet_conv_lr1e3_test.log,checkpoints/unet_256_soundspaces_BS32_Lr0.001_AdamW_exp248_emap_unet_conv_lr1e3,results/unet_256_soundspaces_BS32_Lr0.001_AdamW_exp248_emap_unet_conv_lr1e3,,97b6668,deprecated,ledger PLANNED/NOT REPORTED | metrics=NOT REPORTED
exp249,config=n3_emap_unet_edge; model.name=UNKNOWN,ours,pre-radial,config/n3_emap_unet_edge.yaml,logs/n3_train/exp249_emap_unet_edge_lr1e3.log;logs/n3_test/exp249_emap_unet_edge_lr1e3_test.log,checkpoints/unet_256_soundspaces_BS32_Lr0.001_AdamW_exp249_emap_unet_edge_lr1e3,results/unet_256_soundspaces_BS32_Lr0.001_AdamW_exp249_emap_unet_edge_lr1e3,,97b6668,deprecated,ledger PLANNED/NOT REPORTED | metrics=NOT REPORTED
exp250,config=n3_emap_vit_repeat; model.name=UNKNOWN,ours,pre-radial,config/n3_emap_vit_repeat.yaml,logs/n3_train/exp250_emap_vit_repeat_lr1e4.log;logs/n3_test/exp250_emap_vit_repeat_lr1e4_test.log,checkpoints/unet_256_soundspaces_BS32_Lr0.0001_AdamW_exp250_emap_vit_repeat_lr1e4,results/unet_256_soundspaces_BS32_Lr0.0001_AdamW_exp250_emap_vit_repeat_lr1e4,,97b6668,deprecated,ledger PLANNED/NOT REPORTED | metrics=NOT REPORTED
exp251,config=n3_emap_vit_conv; model.name=UNKNOWN,ours,pre-radial,config/n3_emap_vit_conv.yaml,,,,,97b6668,deprecated,ledger PLANNED/NOT REPORTED | metrics=NOT REPORTED
exp252,config=n3_emap_vit_edge; model.name=UNKNOWN,ours,pre-radial,config/n3_emap_vit_edge.yaml,,,,,97b6668,deprecated,ledger PLANNED/NOT REPORTED | metrics=NOT REPORTED
exp253,config=n3_emap_unet_temporal; model.name=UNKNOWN,ours,pre-radial,config/n3_emap_unet_temporal.yaml,,,,,97b6668,deprecated,ledger PLANNED/NOT REPORTED | metrics=NOT REPORTED
exp254,config=n3_emap_vit_temporal; model.name=UNKNOWN,ours,pre-radial,config/n3_emap_vit_temporal.yaml,,,,,97b6668,deprecated,ledger PLANNED/NOT REPORTED | metrics=NOT REPORTED
exp255,config=n3_emap_unet_temporal_ov; model.name=UNKNOWN,ours,pre-radial,config/n3_emap_unet_temporal_ov.yaml,,,,,97b6668,deprecated,ledger PLANNED/NOT REPORTED | metrics=NOT REPORTED
exp256,config=n3_emap_vit_temporal_ov; model.name=UNKNOWN,ours,pre-radial,config/n3_emap_vit_temporal_ov.yaml,,,,,97b6668,deprecated,ledger PLANNED/NOT REPORTED | metrics=NOT REPORTED
exp500,config=n3_0425; model.name=UNKNOWN,ours,pre-radial,config/n3_0425.yaml,logs/n3_0425_train/exp500_n3_rms1_lr1e4_bs128.log;logs/n3_0425_test/exp500_n3_rms1_lr1e4_bs128_test.log,checkpoints/n3_0425_soundspaces_BS128_Lr0.0001_AdamW_exp500_n3_rms1_lr1e4_bs128,results/n3_0425_soundspaces_BS128_Lr0.0001_AdamW_exp500_n3_rms1_lr1e4_bs128,,97b6668,deprecated,ledger PLANNED/NOT REPORTED | metrics=NOT REPORTED
exp501,config=n3_0425; model.name=UNKNOWN,ours,pre-radial,config/n3_0425.yaml,logs/n3_0425_train/exp501_n3_rms8_lr1e4_bs128.log;logs/n3_0425_test/exp501_n3_rms8_lr1e4_bs128_test.log,checkpoints/n3_0425_soundspaces_BS128_Lr0.0001_AdamW_exp501_n3_rms8_lr1e4_bs128,results/n3_0425_soundspaces_BS128_Lr0.0001_AdamW_exp501_n3_rms8_lr1e4_bs128,,97b6668,deprecated,ledger PLANNED/NOT REPORTED | metrics=NOT REPORTED
exp502,config=n3_0425; model.name=UNKNOWN,ours,pre-radial,config/n3_0425.yaml,logs/n3_0425_train/exp502_n3_eigen1_lr1e4_bs128.log;logs/n3_0425_test/exp502_n3_eigen1_lr1e4_bs128_test.log,checkpoints/n3_0425_soundspaces_BS128_Lr0.0001_AdamW_exp502_n3_eigen1_lr1e4_bs128,results/n3_0425_soundspaces_BS128_Lr0.0001_AdamW_exp502_n3_eigen1_lr1e4_bs128,,97b6668,deprecated,ledger PLANNED/NOT REPORTED | metrics=NOT REPORTED
exp503,config=n3_0425; model.name=UNKNOWN,ours,pre-radial,config/n3_0425.yaml,logs/n3_0425_train/exp503_n3_eigen8_lr1e4_bs128.log;logs/n3_0425_test/exp503_n3_eigen8_lr1e4_bs128_test.log,checkpoints/n3_0425_soundspaces_BS128_Lr0.0001_AdamW_exp503_n3_eigen8_lr1e4_bs128,results/n3_0425_soundspaces_BS128_Lr0.0001_AdamW_exp503_n3_eigen8_lr1e4_bs128,,97b6668,deprecated,ledger PLANNED/NOT REPORTED | metrics=NOT REPORTED
exp504,config=n3_0425; model.name=UNKNOWN,ours,pre-radial,config/n3_0425.yaml,logs/n3_0425_train/exp504_n3_eigen8_ldir0_lr1e4.log;logs/n3_0425_test/exp504_n3_eigen8_ldir0_lr1e4_test.log,checkpoints/n3_0425_soundspaces_BS128_Lr0.0001_AdamW_exp504_n3_eigen8_ldir0_lr1e4,results/n3_0425_soundspaces_BS128_Lr0.0001_AdamW_exp504_n3_eigen8_ldir0_lr1e4,,97b6668,deprecated,ledger PLANNED/NOT REPORTED | metrics=NOT REPORTED
exp505,config=n3_0425; model.name=UNKNOWN,ours,pre-radial,config/n3_0425.yaml,logs/n3_0425_train/exp505_n3_eigen8_lr5e4_bs128.log;logs/n3_0425_test/exp505_n3_eigen8_lr5e4_bs128_test.log,checkpoints/n3_0425_soundspaces_BS128_Lr0.0005_AdamW_exp505_n3_eigen8_lr5e4_bs128,results/n3_0425_soundspaces_BS128_Lr0.0005_AdamW_exp505_n3_eigen8_lr5e4_bs128,,97b6668,deprecated,ledger PLANNED/NOT REPORTED | metrics=NOT REPORTED
exp415,config=n4_0425; model.name=UNKNOWN,ours,pre-radial,config/n4_0425.yaml,logs/n4_train/exp415_n4_drop5_lr1e4_bs64.log;logs/n4_test/exp415_n4_drop5_lr1e4_bs64_test.log,checkpoints/n4_0425_soundspaces_BS16_Lr0.0001_AdamW_exp415_n4_drop5_lr1e4_bs16;checkpoints/n4_0425_soundspaces_BS64_Lr0.0001_AdamW_exp415_n4_drop5_lr1e4_bs64,results/n4_0425_soundspaces_BS16_Lr0.0001_AdamW_exp415_n4_drop5_lr1e4_bs16;results/n4_0425_soundspaces_BS64_Lr0.0001_AdamW_exp415_n4_drop5_lr1e4_bs64,,97b6668,deprecated,ledger PLANNED/NOT REPORTED | metrics=NOT REPORTED
exp416,config=n4_0425; model.name=UNKNOWN,ours,pre-radial,config/n4_0425.yaml,logs/n4_train/exp416_n4_drop6_lr1e4_bs64.log;logs/n4_test/exp416_n4_drop6_lr1e4_bs64_test.log,checkpoints/n4_0425_soundspaces_BS16_Lr0.0001_AdamW_exp416_n4_drop6_lr1e4_bs16;checkpoints/n4_0425_soundspaces_BS64_Lr0.0001_AdamW_exp416_n4_drop6_lr1e4_bs64,results/n4_0425_soundspaces_BS16_Lr0.0001_AdamW_exp416_n4_drop6_lr1e4_bs16;results/n4_0425_soundspaces_BS64_Lr0.0001_AdamW_exp416_n4_drop6_lr1e4_bs64,,97b6668,deprecated,ledger PLANNED/NOT REPORTED | metrics=NOT REPORTED
exp417,config=n4_0425; model.name=UNKNOWN,ours,pre-radial,config/n4_0425.yaml,logs/n4_train/exp417_n4_drop7_lr1e4_bs64.log;logs/n4_test/exp417_n4_drop7_lr1e4_bs64_test.log,checkpoints/n4_0425_soundspaces_BS16_Lr0.0001_AdamW_exp417_n4_drop7_lr1e4_bs16;checkpoints/n4_0425_soundspaces_BS64_Lr0.0001_AdamW_exp417_n4_drop7_lr1e4_bs64,results/n4_0425_soundspaces_BS16_Lr0.0001_AdamW_exp417_n4_drop7_lr1e4_bs16;results/n4_0425_soundspaces_BS64_Lr0.0001_AdamW_exp417_n4_drop7_lr1e4_bs64,,97b6668,deprecated,ledger PLANNED/NOT REPORTED | metrics=NOT REPORTED
exp419,config=n4_0425; model.name=UNKNOWN,ours,pre-radial,config/n4_0425.yaml,logs/n4_train/exp419_n4_alt_K4_lr1e4_bs64.log;logs/n4_test/exp419_n4_alt_K4_lr1e4_bs64_test.log,checkpoints/n4_0425_soundspaces_BS16_Lr0.0001_AdamW_exp419_n4_alt_K4_lr1e4_bs16;checkpoints/n4_0425_soundspaces_BS64_Lr0.0001_AdamW_exp419_n4_alt_K4_lr1e4_bs64,results/n4_0425_soundspaces_BS16_Lr0.0001_AdamW_exp419_n4_alt_K4_lr1e4_bs16;results/n4_0425_soundspaces_BS64_Lr0.0001_AdamW_exp419_n4_alt_K4_lr1e4_bs64,,97b6668,deprecated,ledger PLANNED/NOT REPORTED | metrics=NOT REPORTED
exp601,config=n9_0425; model.name=UNKNOWN,ours,pre-radial,config/n9_0425.yaml,logs/n9_train/exp601_n9_K8_finetune_lr1e4_bs256.log;logs/n9_test/exp601_n9_K8_finetune_lr1e4_bs256_test.log;logs/n9_0426_train/exp601_n9_0426_vit_finetune_lr1e4_bs64.log;logs/n9_0426_test/exp601_n9_0426_vit_finetune_lr1e4_bs64_test.log,checkpoints/n9_0425_soundspaces_BS256_Lr0.0001_AdamW_exp601_n9_K8_finetune_lr1e4_bs256;checkpoints/n9_0426_soundspaces_BS64_Lr0.0001_AdamW_exp601_n9_0426_vit_finetune_lr1e4_bs64,results/n9_0425_soundspaces_BS256_Lr0.0001_AdamW_exp601_n9_K8_finetune_lr1e4_bs256;results/n9_0426_soundspaces_BS64_Lr0.0001_AdamW_exp601_n9_0426_vit_finetune_lr1e4_bs64,,97b6668,deprecated,ledger PLANNED/NOT REPORTED | metrics=NOT REPORTED
exp602,config=n9_0425; model.name=UNKNOWN,ours,pre-radial,config/n9_0425.yaml,logs/n9_train/exp602_n9_K1_freeze_lr1e4_bs256.log;logs/n9_test/exp602_n9_K1_freeze_lr1e4_bs256_test.log;logs/n9_0426_train/exp602_n9_0426_resnet_freeze_lr1e4_bs64.log;logs/n9_0426_test/exp602_n9_0426_resnet_freeze_lr1e4_bs64_test.log,checkpoints/n9_0425_soundspaces_BS256_Lr0.0001_AdamW_exp602_n9_K1_freeze_lr1e4_bs256;checkpoints/n9_0426_soundspaces_BS64_Lr0.0001_AdamW_exp602_n9_0426_resnet_freeze_lr1e4_bs64,results/n9_0425_soundspaces_BS256_Lr0.0001_AdamW_exp602_n9_K1_freeze_lr1e4_bs256;results/n9_0426_soundspaces_BS64_Lr0.0001_AdamW_exp602_n9_0426_resnet_freeze_lr1e4_bs64,,97b6668,deprecated,ledger PLANNED/NOT REPORTED | metrics=NOT REPORTED
exp603,config=n9_0425; model.name=UNKNOWN,ours,pre-radial,config/n9_0425.yaml,logs/n9_train/exp603_n9_K1_finetune_lr1e4_bs256.log;logs/n9_test/exp603_n9_K1_finetune_lr1e4_bs256_test.log;logs/n9_0426_train/exp603_n9_0426_resnet_finetune_lr1e4_bs64.log,checkpoints/n9_0425_soundspaces_BS256_Lr0.0001_AdamW_exp603_n9_K1_finetune_lr1e4_bs256;checkpoints/n9_0426_soundspaces_BS64_Lr0.0001_AdamW_exp603_n9_0426_resnet_finetune_lr1e4_bs64,results/n9_0425_soundspaces_BS256_Lr0.0001_AdamW_exp603_n9_K1_finetune_lr1e4_bs256;results/n9_0426_soundspaces_BS64_Lr0.0001_AdamW_exp603_n9_0426_resnet_finetune_lr1e4_bs64,,97b6668,deprecated,ledger PLANNED/NOT REPORTED | metrics=NOT REPORTED
exp604,config=n9_0425; model.name=UNKNOWN,ours,pre-radial,config/n9_0425.yaml,logs/n9_train/exp604_n9_K8_freeze_lam0_lr1e4_bs256.log;logs/n9_test/exp604_n9_K8_freeze_lam0_lr1e4_bs256_test.log,checkpoints/n9_0425_soundspaces_BS256_Lr0.0001_AdamW_exp604_n9_K8_freeze_lam0_lr1e4_bs256,results/n9_0425_soundspaces_BS256_Lr0.0001_AdamW_exp604_n9_K8_freeze_lam0_lr1e4_bs256,,97b6668,deprecated,ledger PLANNED/NOT REPORTED | metrics=NOT REPORTED
exp605,config=n9_0425; model.name=UNKNOWN,ours,pre-radial,config/n9_0425.yaml,logs/n9_train/exp605_n9_K8_freeze_lam0.05_lr1e4_bs256.log;logs/n9_test/exp605_n9_K8_freeze_lam0.05_lr1e4_bs256_test.log,checkpoints/n9_0425_soundspaces_BS256_Lr0.0001_AdamW_exp605_n9_K8_freeze_lam0.05_lr1e4_bs256,results/n9_0425_soundspaces_BS256_Lr0.0001_AdamW_exp605_n9_K8_freeze_lam0.05_lr1e4_bs256,,97b6668,deprecated,ledger PLANNED/NOT REPORTED | metrics=NOT REPORTED
exp606,config=n9_0425; model.name=UNKNOWN,ours,pre-radial,config/n9_0425.yaml,logs/n9_train/exp606_n9_K8_freeze_lam0.5_lr1e4_bs256.log;logs/n9_test/exp606_n9_K8_freeze_lam0.5_lr1e4_bs256_test.log,checkpoints/n9_0425_soundspaces_BS256_Lr0.0001_AdamW_exp606_n9_K8_freeze_lam0.5_lr1e4_bs256,results/n9_0425_soundspaces_BS256_Lr0.0001_AdamW_exp606_n9_K8_freeze_lam0.5_lr1e4_bs256,,97b6668,deprecated,ledger PLANNED/NOT REPORTED | metrics=NOT REPORTED
exp607,config=n9_0425; model.name=UNKNOWN,ours,pre-radial,config/n9_0425.yaml,logs/n9_train/exp607_n9_K8_finetune_lsh0_lr1e4_bs256.log;logs/n9_test/exp607_n9_K8_finetune_lsh0_lr1e4_bs256_test.log,checkpoints/n9_0425_soundspaces_BS256_Lr0.0001_AdamW_exp607_n9_K8_finetune_lsh0_lr1e4_bs256,results/n9_0425_soundspaces_BS256_Lr0.0001_AdamW_exp607_n9_K8_finetune_lsh0_lr1e4_bs256,,97b6668,deprecated,ledger PLANNED/NOT REPORTED | metrics=NOT REPORTED
exp608,config=n9_0425; model.name=UNKNOWN,ours,pre-radial,config/n9_0425.yaml,logs/n9_train/exp608_n9_K8_finetune_lsh0.01_lr1e4_bs256.log;logs/n9_test/exp608_n9_K8_finetune_lsh0.01_lr1e4_bs256_test.log,checkpoints/n9_0425_soundspaces_BS256_Lr0.0001_AdamW_exp608_n9_K8_finetune_lsh0.01_lr1e4_bs256,results/n9_0425_soundspaces_BS256_Lr0.0001_AdamW_exp608_n9_K8_finetune_lsh0.01_lr1e4_bs256,,97b6668,deprecated,ledger PLANNED/NOT REPORTED | metrics=NOT REPORTED
exp609,config=n9_0425; model.name=UNKNOWN,ours,pre-radial,config/n9_0425.yaml,logs/n9_train/exp609_n9_K8_finetune_lsh0.1_lr1e4_bs256.log;logs/n9_test/exp609_n9_K8_finetune_lsh0.1_lr1e4_bs256_test.log,checkpoints/n9_0425_soundspaces_BS256_Lr0.0001_AdamW_exp609_n9_K8_finetune_lsh0.1_lr1e4_bs256,results/n9_0425_soundspaces_BS256_Lr0.0001_AdamW_exp609_n9_K8_finetune_lsh0.1_lr1e4_bs256,,97b6668,deprecated,ledger PLANNED/NOT REPORTED | metrics=NOT REPORTED
exp610,config=n9_0425; model.name=UNKNOWN,ours,pre-radial,config/n9_0425.yaml,logs/n9_train/exp610_n9_K8_finetune_lr5e5_bs256.log;logs/n9_test/exp610_n9_K8_finetune_lr5e5_bs256_test.log,checkpoints/n9_0425_soundspaces_BS256_Lr5e-05_AdamW_exp610_n9_K8_finetune_lr5e5_bs256,results/n9_0425_soundspaces_BS256_Lr5e-05_AdamW_exp610_n9_K8_finetune_lr5e5_bs256,,97b6668,deprecated,ledger PLANNED/NOT REPORTED | metrics=NOT REPORTED
exp611,config=n9_0425; model.name=UNKNOWN,ours,pre-radial,config/n9_0425.yaml,logs/n9_train/exp611_n9_K8_finetune_lr3e4_bs256.log;logs/n9_test/exp611_n9_K8_finetune_lr3e4_bs256_test.log,checkpoints/n9_0425_soundspaces_BS256_Lr0.0003_AdamW_exp611_n9_K8_finetune_lr3e4_bs256,results/n9_0425_soundspaces_BS256_Lr0.0003_AdamW_exp611_n9_K8_finetune_lr3e4_bs256,,97b6668,deprecated,ledger PLANNED/NOT REPORTED | metrics=NOT REPORTED
exp600,config=n9_0426; model.name=UNKNOWN,ours,pre-radial,config/n9_0426.yaml,logs/n9_train/exp600_n9_K8_freeze_lr1e4_bs256.log;logs/n9_test/exp600_n9_K8_freeze_lr1e4_bs256_test.log;logs/n9_0426_train/exp600_n9_0426_vit_freeze_lr1e4_bs64.log;logs/n9_0426_test/exp600_n9_0426_vit_freeze_lr1e4_bs64_test.log,checkpoints/n9_0425_soundspaces_BS256_Lr0.0001_AdamW_exp600_n9_K8_freeze_lr1e4_bs256;checkpoints/n9_0426_soundspaces_BS64_Lr0.0001_AdamW_exp600_n9_0426_vit_freeze_lr1e4_bs64,results/n9_0425_soundspaces_BS256_Lr0.0001_AdamW_exp600_n9_K8_freeze_lr1e4_bs256;results/n9_0426_soundspaces_BS64_Lr0.0001_AdamW_exp600_n9_0426_vit_freeze_lr1e4_bs64,,97b6668,deprecated,ledger PLANNED/NOT REPORTED | metrics=NOT REPORTED
exp711,config=echodiffusion_ambi_cide; model.name=UNKNOWN,comparison_baseline,pre-radial,config/echodiffusion_ambi_cide.yaml,logs/echodiff_ambi_cide_train/exp711_eda_cide_input_lr1e4_bs32.log,checkpoints/echodiffusion_ambi_soundspaces_BS12_Lr0.0001_AdamW_exp711_eda_cide_input_lr1e4_bs32;checkpoints/echodiffusion_ambi_soundspaces_BS32_Lr0.0001_AdamW_exp711_eda_cide_input_lr1e4_bs32;checkpoints/echodiffusion_ambi_soundspaces_BS64_Lr0.0001_AdamW_exp711_eda_cide_input_lr1e4_bs64,results/echodiffusion_ambi_soundspaces_BS12_Lr0.0001_AdamW_exp711_eda_cide_input_lr1e4_bs32;results/echodiffusion_ambi_soundspaces_BS32_Lr0.0001_AdamW_exp711_eda_cide_input_lr1e4_bs32;results/echodiffusion_ambi_soundspaces_BS64_Lr0.0001_AdamW_exp711_eda_cide_input_lr1e4_bs64,,97b6668,archive,patched: comparison baseline w/ non-empty checkpoint; promoted to archive
exp712,config=echodiffusion_ambi_cide; model.name=UNKNOWN,comparison_baseline,pre-radial,config/echodiffusion_ambi_cide.yaml,logs/echodiff_ambi_cide_train/exp712_eda_cide_cond_lr5e4_bs32.log,checkpoints/echodiffusion_ambi_soundspaces_BS12_Lr0.0005_AdamW_exp712_eda_cide_cond_lr5e4_bs32;checkpoints/echodiffusion_ambi_soundspaces_BS32_Lr0.0005_AdamW_exp712_eda_cide_cond_lr5e4_bs32;checkpoints/echodiffusion_ambi_soundspaces_BS64_Lr0.0005_AdamW_exp712_eda_cide_cond_lr5e4_bs64,results/echodiffusion_ambi_soundspaces_BS12_Lr0.0005_AdamW_exp712_eda_cide_cond_lr5e4_bs32;results/echodiffusion_ambi_soundspaces_BS32_Lr0.0005_AdamW_exp712_eda_cide_cond_lr5e4_bs32;results/echodiffusion_ambi_soundspaces_BS64_Lr0.0005_AdamW_exp712_eda_cide_cond_lr5e4_bs64,,97b6668,archive,patched: comparison baseline w/ non-empty checkpoint; promoted to archive
exp713,config=echodiffusion_ambi_cide; model.name=UNKNOWN,comparison_baseline,pre-radial,config/echodiffusion_ambi_cide.yaml,logs/echodiff_ambi_cide_train/exp713_eda_cide_cond_lr1e4_bs32.log,checkpoints/echodiffusion_ambi_soundspaces_BS12_Lr0.0001_AdamW_exp713_eda_cide_cond_lr1e4_bs32;checkpoints/echodiffusion_ambi_soundspaces_BS32_Lr0.0001_AdamW_exp713_eda_cide_cond_lr1e4_bs32;checkpoints/echodiffusion_ambi_soundspaces_BS64_Lr0.0001_AdamW_exp713_eda_cide_cond_lr1e4_bs64,results/echodiffusion_ambi_soundspaces_BS12_Lr0.0001_AdamW_exp713_eda_cide_cond_lr1e4_bs32;results/echodiffusion_ambi_soundspaces_BS32_Lr0.0001_AdamW_exp713_eda_cide_cond_lr1e4_bs32;results/echodiffusion_ambi_soundspaces_BS64_Lr0.0001_AdamW_exp713_eda_cide_cond_lr1e4_bs64,,97b6668,deprecated,ledger PLANNED/NOT REPORTED | metrics=NOT REPORTED
exp130,,unknown,pre-radial,,logs/summary_train/exp130_foa0415v1_lr1e3_lsh0.1.log;logs/summary_test/exp130_foa0415v1_lr1e3_lsh0.1.log,,results/unet_256_soundspaces_BS32_Lr0.001_AdamW_exp130_foa0415v1_lr1e3_lsh0.1,,97b6668,keep,orphan run dir; not in ledger (conservative keep)
exp131,,unknown,pre-radial,,logs/summary_train/exp131_foa0415v1_lr1e3_lsh0.3.log;logs/summary_test/exp131_foa0415v1_lr1e3_lsh0.3.log,,results/unet_256_soundspaces_BS32_Lr0.001_AdamW_exp131_foa0415v1_lr1e3_lsh0.3,,97b6668,keep,orphan run dir; not in ledger (conservative keep)
exp132,,unknown,pre-radial,,logs/summary_train/exp132_foa0415v1_lr5e4_lsh0.1.log;logs/summary_test/exp132_foa0415v1_lr5e4_lsh0.1.log,,results/unet_256_soundspaces_BS32_Lr0.0005_AdamW_exp132_foa0415v1_lr5e4_lsh0.1,,97b6668,keep,orphan run dir; not in ledger (conservative keep)
exp133,,unknown,pre-radial,,logs/summary_train/exp133_foa0415v1_lr5e4_lsh0.5.log;logs/summary_test/exp133_foa0415v1_lr5e4_lsh0.5.log,,results/unet_256_soundspaces_BS32_Lr0.0005_AdamW_exp133_foa0415v1_lr5e4_lsh0.5,,97b6668,keep,orphan run dir; not in ledger (conservative keep)
exp134,,unknown,pre-radial,,logs/summary_train/exp134_foa0415v1_lr1e4_lsh0.1.log;logs/summary_test/exp134_foa0415v1_lr1e4_lsh0.1.log,,results/unet_256_soundspaces_BS32_Lr0.0001_AdamW_exp134_foa0415v1_lr1e4_lsh0.1,,97b6668,keep,orphan run dir; not in ledger (conservative keep)
exp135,,unknown,pre-radial,,logs/summary_train/exp135_foa0415v2_lr1e3_lsh0.1.log;logs/summary_test/exp135_foa0415v2_lr1e3_lsh0.1.log,,results/unet_256_soundspaces_BS32_Lr0.001_AdamW_exp135_foa0415v2_lr1e3_lsh0.1,,97b6668,keep,orphan run dir; not in ledger (conservative keep)
exp136,,unknown,pre-radial,,logs/summary_train/exp136_foa0415v2_lr1e3_lsh0.3.log,,results/unet_256_soundspaces_BS32_Lr0.001_AdamW_exp136_foa0415v2_lr1e3_lsh0.3,,97b6668,keep,orphan run dir; not in ledger (conservative keep)
exp137,,unknown,pre-radial,,logs/summary_train/exp137_foa0415v2_lr5e4_lsh0.1.log,,results/unet_256_soundspaces_BS32_Lr0.0005_AdamW_exp137_foa0415v2_lr5e4_lsh0.1,,97b6668,keep,orphan run dir; not in ledger (conservative keep)
exp138,,unknown,pre-radial,,logs/summary_train/exp138_foa0415v2_lr5e4_lsh0.5.log,,results/unet_256_soundspaces_BS32_Lr0.0005_AdamW_exp138_foa0415v2_lr5e4_lsh0.5,,97b6668,keep,orphan run dir; not in ledger (conservative keep)
exp139,,unknown,pre-radial,,logs/summary_train/exp139_foa0415v2_lr1e4_lsh0.1.log,,results/unet_256_soundspaces_BS32_Lr0.0001_AdamW_exp139_foa0415v2_lr1e4_lsh0.1,,97b6668,keep,orphan run dir; not in ledger (conservative keep)
exp140,,unknown,pre-radial,,logs/summary_train/exp140_foa0415v3_lr1e3_lsh0.1.log;logs/summary_test/exp140_foa0415v3_lr1e3_lsh0.1.log,,results/unet_256_soundspaces_BS32_Lr0.001_AdamW_exp140_foa0415v3_lr1e3_lsh0.1,,97b6668,keep,orphan run dir; not in ledger (conservative keep)
exp141,,unknown,pre-radial,,logs/summary_train/exp141_foa0415v3_lr1e3_lsh0.3.log,,results/unet_256_soundspaces_BS32_Lr0.001_AdamW_exp141_foa0415v3_lr1e3_lsh0.3,,97b6668,keep,orphan run dir; not in ledger (conservative keep)
exp142,,unknown,pre-radial,,logs/summary_train/exp142_foa0415v3_lr5e4_lsh0.1.log,,results/unet_256_soundspaces_BS32_Lr0.0005_AdamW_exp142_foa0415v3_lr5e4_lsh0.1,,97b6668,keep,orphan run dir; not in ledger (conservative keep)
exp143,,unknown,pre-radial,,logs/summary_train/exp143_foa0415v3_lr5e4_lsh0.5.log,,results/unet_256_soundspaces_BS32_Lr0.0005_AdamW_exp143_foa0415v3_lr5e4_lsh0.5,,97b6668,keep,orphan run dir; not in ledger (conservative keep)
exp144,,unknown,pre-radial,,logs/summary_train/exp144_foa0415v3_lr1e4_lsh0.1.log,,results/unet_256_soundspaces_BS32_Lr0.0001_AdamW_exp144_foa0415v3_lr1e4_lsh0.1,,97b6668,keep,orphan run dir; not in ledger (conservative keep)
exp145,,unknown,pre-radial,,logs/summary_train/exp145_foa0415v4_lr1e3_lsh0.1.log;logs/summary_test/exp145_foa0415v4_lr1e3_lsh0.1.log,,results/unet_256_soundspaces_BS32_Lr0.001_AdamW_exp145_foa0415v4_lr1e3_lsh0.1,,97b6668,keep,orphan run dir; not in ledger (conservative keep)
exp146,,unknown,pre-radial,,logs/summary_train/exp146_foa0415v4_lr1e3_lsh0.3.log,,results/unet_256_soundspaces_BS32_Lr0.001_AdamW_exp146_foa0415v4_lr1e3_lsh0.3,,97b6668,keep,orphan run dir; not in ledger (conservative keep)
exp147,,unknown,pre-radial,,logs/summary_train/exp147_foa0415v4_lr5e4_lsh0.1.log,,results/unet_256_soundspaces_BS32_Lr0.0005_AdamW_exp147_foa0415v4_lr5e4_lsh0.1,,97b6668,keep,orphan run dir; not in ledger (conservative keep)
exp148,,unknown,pre-radial,,logs/summary_train/exp148_foa0415v4_lr5e4_lsh0.5.log,,results/unet_256_soundspaces_BS32_Lr0.0005_AdamW_exp148_foa0415v4_lr5e4_lsh0.5,,97b6668,keep,orphan run dir; not in ledger (conservative keep)
exp149,,unknown,pre-radial,,logs/summary_train/exp149_foa0415v4_lr1e4_lsh0.1.log,,results/unet_256_soundspaces_BS32_Lr0.0001_AdamW_exp149_foa0415v4_lr1e4_lsh0.1,,97b6668,keep,orphan run dir; not in ledger (conservative keep)
exp150,,unknown,pre-radial,,logs/summary_train/exp150_foa0415v5_lr1e3_lsh0.1.log;logs/summary_test/exp150_foa0415v5_lr1e3_lsh0.1.log,,results/unet_256_soundspaces_BS32_Lr0.001_AdamW_exp150_foa0415v5_lr1e3_lsh0.1,,97b6668,keep,orphan run dir; not in ledger (conservative keep)
exp151,,unknown,pre-radial,,logs/summary_train/exp151_foa0415v5_lr1e3_lsh0.3.log,,results/unet_256_soundspaces_BS32_Lr0.001_AdamW_exp151_foa0415v5_lr1e3_lsh0.3,,97b6668,keep,orphan run dir; not in ledger (conservative keep)
exp152,,unknown,pre-radial,,logs/summary_train/exp152_foa0415v5_lr5e4_lsh0.1.log,,results/unet_256_soundspaces_BS32_Lr0.0005_AdamW_exp152_foa0415v5_lr5e4_lsh0.1,,97b6668,keep,orphan run dir; not in ledger (conservative keep)
exp153,,unknown,pre-radial,,logs/summary_train/exp153_foa0415v5_lr5e4_lsh0.5.log,,results/unet_256_soundspaces_BS32_Lr0.0005_AdamW_exp153_foa0415v5_lr5e4_lsh0.5,,97b6668,keep,orphan run dir; not in ledger (conservative keep)
exp154,,unknown,pre-radial,,logs/summary_train/exp154_foa0415v5_lr1e4_lsh0.1.log,,results/unet_256_soundspaces_BS32_Lr0.0001_AdamW_exp154_foa0415v5_lr1e4_lsh0.1,,97b6668,keep,orphan run dir; not in ledger (conservative keep)
exp224,,unknown,pre-radial,,logs/n3_train/exp224_n3mssh_sh9_lr1e3_lsh0.3.log;logs/n3_test/exp224_n3mssh_sh9_lr1e3_lsh0.3_test.log,checkpoints/unet_256_soundspaces_BS32_Lr0.001_AdamW_exp224_n3mssh_sh9_lr1e3_lsh0.3,results/unet_256_soundspaces_BS32_Lr0.001_AdamW_exp224_n3mssh_sh9_lr1e3_lsh0.3,,97b6668,keep,orphan run dir; not in ledger (conservative keep)
exp393,,unknown,pre-radial,,logs/renew_train/exp393_n9B_lr1e4_lsh01.log,checkpoints/n9_0424_soundspaces_BS64_Lr0.0001_AdamW_exp393_n9B_lr1e4_lsh01,results/n9_0424_soundspaces_BS64_Lr0.0001_AdamW_exp393_n9B_lr1e4_lsh01,,97b6668,keep,orphan run dir; not in ledger (conservative keep)
exp710,,unknown,pre-radial,,logs/echodiff_ambi_cide_train/exp710_eda_cide_input_lr5e4_bs32.log;logs/echodiff_ambi_cide_test/exp710_eda_cide_input_lr5e4_bs32_test.log,checkpoints/echodiffusion_ambi_soundspaces_BS32_Lr0.0005_AdamW_exp710_eda_cide_input_lr5e4_bs32;checkpoints/echodiffusion_ambi_soundspaces_BS64_Lr0.0005_AdamW_exp710_eda_cide_input_lr5e4_bs64,results/echodiffusion_ambi_soundspaces_BS32_Lr0.0005_AdamW_exp710_eda_cide_input_lr5e4_bs32;results/echodiffusion_ambi_soundspaces_BS64_Lr0.0005_AdamW_exp710_eda_cide_input_lr5e4_bs64,,97b6668,keep,orphan run dir; not in ledger (conservative keep)
exp900,,unknown,pre-radial,,,,results/echorange_soundspaces_BS64_Lr0.0001_AdamW_exp900_echorange_scalar_lr1e4_bs64,,97b6668,keep,orphan run dir; not in ledger (conservative keep)
exp901,,unknown,pre-radial,,,,results/echorange_soundspaces_BS16_Lr0.0001_AdamW_exp901_echorange_4log_d10_lr1e4_bs16;results/echorange_soundspaces_BS64_Lr0.0001_AdamW_exp901_echorange_4log_d10_lr1e4_bs64;results/echorange_soundspaces_BS64_Lr0.0001_AdamW_exp901_echorange_64log_lr1e4_bs64,,97b6668,keep,orphan run dir; not in ledger (conservative keep)
exp902,,unknown,pre-radial,,,,results/echorange_soundspaces_BS16_Lr0.0001_AdamW_exp902_echorange_8log_d10_lr1e4_bs16;results/echorange_soundspaces_BS64_Lr0.0001_AdamW_exp902_echorange_48log_lr1e4_bs64;results/echorange_soundspaces_BS64_Lr0.0001_AdamW_exp902_echorange_8log_d10_lr1e4_bs64,,97b6668,keep,orphan run dir; not in ledger (conservative keep)
exp903,,unknown,pre-radial,,,,results/echorange_soundspaces_BS16_Lr0.0001_AdamW_exp903_echorange_16log_d10_lr1e4_bs16;results/echorange_soundspaces_BS64_Lr0.0001_AdamW_exp903_echorange_16log_d10_lr1e4_bs64;results/echorange_soundspaces_BS64_Lr0.0001_AdamW_exp903_echorange_64log_median_lr1e4_bs64,,97b6668,keep,orphan run dir; not in ledger (conservative keep)
exp904,,unknown,pre-radial,,,,results/echorange_soundspaces_BS16_Lr0.0001_AdamW_exp904_echorange_32log_d10_lr1e4_bs16;results/echorange_soundspaces_BS64_Lr0.0001_AdamW_exp904_echorange_32log_d10_lr1e4_bs64,,97b6668,keep,orphan run dir; not in ledger (conservative keep)
exp905,,unknown,pre-radial,,,,results/echorange_soundspaces_BS16_Lr0.0001_AdamW_exp905_echorange_32log_d10_sig30_lr1e4_bs16;results/echorange_soundspaces_BS64_Lr0.0001_AdamW_exp905_echorange_32log_d10_sig30_lr1e4_bs64,,97b6668,keep,orphan run dir; not in ledger (conservative keep)
exp906,,unknown,pre-radial,,,,results/echorange_soundspaces_BS16_Lr0.0001_AdamW_exp906_echorange_32log_d10_coslat_farmask_lr1e4_bs16;results/echorange_soundspaces_BS64_Lr0.0001_AdamW_exp906_echorange_32log_d10_coslat_farmask_lr1e4_bs64,,97b6668,keep,orphan run dir; not in ledger (conservative keep)
exp907,,unknown,pre-radial,,,,results/echorange_soundspaces_BS32_Lr0.0001_AdamW_exp907_echorange_32log_d10_coslat_farmask_lr1e4_bs32,,97b6668,keep,orphan run dir; not in ledger (conservative keep)
exp908,,unknown,pre-radial,,,,results/echorange_soundspaces_BS32_Lr0.0001_AdamW_exp908_echorange_32log_d10_coslat_lr1e4_bs32,,97b6668,keep,orphan run dir; not in ledger (conservative keep)
exp909,,unknown,pre-radial,,,,results/echorange_soundspaces_BS32_Lr0.0001_AdamW_exp909_echorange_32log_d10_farmask_lr1e4_bs32,,97b6668,keep,orphan run dir; not in ledger (conservative keep)
exp910,,unknown,pre-radial,,,,results/echorange_soundspaces_BS32_Lr0.0001_AdamW_exp910_echorange_32log_d10_median_full_lr1e4_bs32,,97b6668,keep,orphan run dir; not in ledger (conservative keep)
exp911,,unknown,pre-radial,,,,results/echorange_soundspaces_BS32_Lr0.0001_AdamW_exp911_echorange_scalar_lr1e4_bs32,,97b6668,keep,orphan run dir; not in ledger (conservative keep)
exp912,,unknown,pre-radial,,,,results/echodiffusion_soundspaces_BS32_Lr0.0001_AdamW_exp912_echodiffusion_lr1e4_bs32,,97b6668,keep,orphan run dir; not in ledger (conservative keep)
exp913,,unknown,pre-radial,,,,results/echorange_soundspaces_BS48_Lr0.0001_AdamW_exp913_echorange_haz32log_d10_full_lr1e4_bs48,,97b6668,keep,orphan run dir; not in ledger (conservative keep)
exp914,,unknown,pre-radial,,,,results/echorange_soundspaces_BS48_Lr0.0001_AdamW_exp914_echorange_haz32log_d10_nofree_lr1e4_bs48,,97b6668,keep,orphan run dir; not in ledger (conservative keep)
exp915,,unknown,pre-radial,,,,results/echorange_soundspaces_BS48_Lr0.0001_AdamW_exp915_echorange_haz32log_d10_nohit_lr1e4_bs48,,97b6668,keep,orphan run dir; not in ledger (conservative keep)
exp916,,unknown,pre-radial,,,,results/echorange_soundspaces_BS48_Lr0.0001_AdamW_exp916_echorange_haz32log_d10_depthonly_lr1e4_bs48,,97b6668,keep,orphan run dir; not in ledger (conservative keep)
exp917,,unknown,pre-radial,,logs/n9_0427_test/exp917_echorange_haz32log_d10_strong_lr1e4_bs48_r2_test.log;logs/n9_0427_train/exp917_echorange_haz32log_d10_strong_lr1e4_bs48_r2.log,checkpoints/echorange_soundspaces_BS48_Lr0.0001_AdamW_exp917_echorange_haz32log_d10_strong_lr1e4_bs48_r2,results/echorange_soundspaces_BS48_Lr0.0001_AdamW_exp917_echorange_haz32log_d10_strong_lr1e4_bs48;results/echorange_soundspaces_BS48_Lr0.0001_AdamW_exp917_echorange_haz32log_d10_strong_lr1e4_bs48_r2,,97b6668,keep,orphan run dir; not in ledger (conservative keep)
exp919,,unknown,pre-radial,,,,results/echorange_soundspaces_BS48_Lr0.0001_AdamW_exp919_echorange_32log_d10_lnll0.3_lr1e4_bs48,,97b6668,keep,orphan run dir; not in ledger (conservative keep)
exp920,,unknown,pre-radial,,,,results/echodiffusion_soundspaces_BS48_Lr0.0001_AdamW_exp920_echodiff_lr1e4_bs48_seed2,,97b6668,keep,orphan run dir; not in ledger (conservative keep)
exp930,,unknown,radial,,logs/n9_0427_test/exp930_haz_R4_00_rawhit_repro_lr1e4_bs48_r2_test.log;logs/n9_0427_train/exp930_haz_R4_00_rawhit_repro_lr1e4_bs48_r2.log,checkpoints/echorange_soundspaces_BS48_Lr0.0001_AdamW_exp930_haz_R4_00_rawhit_repro_lr1e4_bs48_r2,results/echorange_soundspaces_BS48_Lr0.0001_AdamW_exp930_haz_R4_00_rawhit_repro_lr1e4_bs48_r2,,97b6668,keep,orphan run dir; not in ledger (conservative keep)
exp931,,unknown,radial,,logs/n9_0427_test/exp931_haz_R4_01_eventnll_free_lr1e4_bs48_r2_test.log;logs/n9_0427_train/exp931_haz_R4_01_eventnll_free_lr1e4_bs48_r2.log,checkpoints/echorange_soundspaces_BS48_Lr0.0001_AdamW_exp931_haz_R4_01_eventnll_free_lr1e4_bs48_r2,results/echorange_soundspaces_BS48_Lr0.0001_AdamW_exp931_haz_R4_01_eventnll_free_lr1e4_bs48_r2,,97b6668,keep,orphan run dir; not in ledger (conservative keep)
exp932,,unknown,radial,,logs/n9_0427_test/exp932_haz_R4_02_eventnll_only_lr1e4_bs48_r2_test.log;logs/n9_0427_train/exp932_haz_R4_02_eventnll_only_lr1e4_bs48_r2.log,checkpoints/echorange_soundspaces_BS48_Lr0.0001_AdamW_exp932_haz_R4_02_eventnll_only_lr1e4_bs48_r2,results/echorange_soundspaces_BS48_Lr0.0001_AdamW_exp932_haz_R4_02_eventnll_only_lr1e4_bs48_r2,,97b6668,keep,orphan run dir; not in ledger (conservative keep)
exp933,,unknown,radial,,logs/n9_0427_test/exp933_haz_R4_03_survival_lr1e4_bs48_r2_test.log;logs/n9_0427_train/exp933_haz_R4_03_survival_lr1e4_bs48_r2.log,checkpoints/echorange_soundspaces_BS48_Lr0.0001_AdamW_exp933_haz_R4_03_survival_lr1e4_bs48_r2,results/echorange_soundspaces_BS48_Lr0.0001_AdamW_exp933_haz_R4_03_survival_lr1e4_bs48_r2,,97b6668,keep,orphan run dir; not in ledger (conservative keep)
exp934,,unknown,radial,,logs/n9_0427_test/exp934_haz_R4_04_softhit_t075_lr1e4_bs48_r2_test.log;logs/n9_0427_train/exp934_haz_R4_04_softhit_t075_lr1e4_bs48_r2.log,checkpoints/echorange_soundspaces_BS48_Lr0.0001_AdamW_exp934_haz_R4_04_softhit_t075_lr1e4_bs48_r2,results/echorange_soundspaces_BS48_Lr0.0001_AdamW_exp934_haz_R4_04_softhit_t075_lr1e4_bs48_r2,,97b6668,keep,orphan run dir; not in ledger (conservative keep)
exp936,,unknown,pre-radial,,logs/n9_0427_test/exp936_R5A_sq_q050_t005_l025_bs48_r3_test.log;logs/n9_0427_test/exp936_R5A_sq_q050_t005_l025_bs48_r3_test_delta1.log;logs/n9_0427_train/exp936_R5A_sq_q050_t005_l025_bs48_r3.log,checkpoints/echorange_soundspaces_BS48_Lr0.0001_AdamW_exp936_R5A_sq_q050_t005_l025_bs48_r3,results/echorange_soundspaces_BS48_Lr0.0001_AdamW_exp936_R5A_sq_q050_t005_l025_bs48_r3,,97b6668,keep,orphan run dir; not in ledger (conservative keep)
exp937,,unknown,pre-radial,,logs/n9_0427_test/exp937_R5A_sq_q045_t005_l025_bs48_r3_test.log;logs/n9_0427_test/exp937_R5A_sq_q045_t005_l025_bs48_r3_test_absrel.log;logs/n9_0427_test/exp937_R5A_sq_q045_t005_l025_bs48_r3_test_delta1.log;logs/n9_0427_train/exp937_R5A_sq_q045_t005_l025_bs48_r3.log,checkpoints/echorange_soundspaces_BS48_Lr0.0001_AdamW_exp937_R5A_sq_q045_t005_l025_bs48_r3,results/echorange_soundspaces_BS48_Lr0.0001_AdamW_exp937_R5A_sq_q045_t005_l025_bs48_r3,,97b6668,keep,orphan run dir; not in ledger (conservative keep)
exp938,,unknown,pre-radial,,logs/n9_0427_test/exp938_R5A_sq_q055_t005_l025_bs48_r3_test.log;logs/n9_0427_test/exp938_R5A_sq_q055_t005_l025_bs48_r3_test_delta1.log;logs/n9_0427_train/exp938_R5A_sq_q055_t005_l025_bs48_r3.log,checkpoints/echorange_soundspaces_BS48_Lr0.0001_AdamW_exp938_R5A_sq_q055_t005_l025_bs48_r3,results/echorange_soundspaces_BS48_Lr0.0001_AdamW_exp938_R5A_sq_q055_t005_l025_bs48_r3,,97b6668,keep,orphan run dir; not in ledger (conservative keep)
exp939,,unknown,pre-radial,,logs/n9_0427_test/exp939_R5A_sq_q050_t003_l025_bs48_r3_test.log;logs/n9_0427_test/exp939_R5A_sq_q050_t003_l025_bs48_r3_test_rmse.log;logs/n9_0427_test/exp939_R5A_sq_q050_t003_l025_bs48_r3_test_delta1.log;logs/n9_0427_train/exp939_R5A_sq_q050_t003_l025_bs48_r3.log,checkpoints/echorange_soundspaces_BS48_Lr0.0001_AdamW_exp939_R5A_sq_q050_t003_l025_bs48_r3,results/echorange_soundspaces_BS48_Lr0.0001_AdamW_exp939_R5A_sq_q050_t003_l025_bs48_r3,,97b6668,keep,orphan run dir; not in ledger (conservative keep)
exp940,,unknown,pre-radial,,logs/n9_0427_test/exp940_R5A_sq_q045_t003_l025_bs48_r3_test.log;logs/n9_0427_test/exp940_R5A_sq_q045_t003_l025_bs48_r3_test_absrel.log;logs/n9_0427_test/exp940_R5A_sq_q045_t003_l025_bs48_r3_test_rmse.log;logs/n9_0427_test/exp940_R5A_sq_q045_t003_l025_bs48_r3_test_delta1.log;logs/n9_0427_train/exp940_R5A_sq_q045_t003_l025_bs48_r3.log,checkpoints/echorange_soundspaces_BS48_Lr0.0001_AdamW_exp940_R5A_sq_q045_t003_l025_bs48_r3,results/echorange_soundspaces_BS48_Lr0.0001_AdamW_exp940_R5A_sq_q045_t003_l025_bs48_r3,,97b6668,keep,orphan run dir; not in ledger (conservative keep)
exp941,,unknown,pre-radial,,logs/n9_0427_test/exp941_R5A_sq_q050_t005_l050_bs48_r3_test.log;logs/n9_0427_test/exp941_R5A_sq_q050_t005_l050_bs48_r3_test_absrel.log;logs/n9_0427_test/exp941_R5A_sq_q050_t005_l050_bs48_r3_test_delta1.log;logs/n9_0427_train/exp941_R5A_sq_q050_t005_l050_bs48_r3.log,checkpoints/echorange_soundspaces_BS48_Lr0.0001_AdamW_exp941_R5A_sq_q050_t005_l050_bs48_r3,results/echorange_soundspaces_BS48_Lr0.0001_AdamW_exp941_R5A_sq_q050_t005_l050_bs48_r3,,97b6668,keep,orphan run dir; not in ledger (conservative keep)
exp942,,unknown,pre-radial,,logs/n9_0427_test/exp942_R5A_sq_q045_t005_l050_bs48_r3_test.log;logs/n9_0427_test/exp942_R5A_sq_q045_t005_l050_bs48_r3_test_absrel.log;logs/n9_0427_test/exp942_R5A_sq_q045_t005_l050_bs48_r3_test_delta1.log;logs/n9_0427_train/exp942_R5A_sq_q045_t005_l050_bs48_r3.log,checkpoints/echorange_soundspaces_BS48_Lr0.0001_AdamW_exp942_R5A_sq_q045_t005_l050_bs48_r3,results/echorange_soundspaces_BS48_Lr0.0001_AdamW_exp942_R5A_sq_q045_t005_l050_bs48_r3,,97b6668,keep,orphan run dir; not in ledger (conservative keep)
exp943,,unknown,pre-radial,,logs/n9_0427_test/exp943_R5A_sq_q050_t003_l050_bs48_r3_test.log;logs/n9_0427_test/exp943_R5A_sq_q050_t003_l050_bs48_r3_test_absrel.log;logs/n9_0427_test/exp943_R5A_sq_q050_t003_l050_bs48_r3_test_delta1.log;logs/n9_0427_train/exp943_R5A_sq_q050_t003_l050_bs48_r3.log,checkpoints/echorange_soundspaces_BS48_Lr0.0001_AdamW_exp943_R5A_sq_q050_t003_l050_bs48_r3,results/echorange_soundspaces_BS48_Lr0.0001_AdamW_exp943_R5A_sq_q050_t003_l050_bs48_r3,,97b6668,keep,orphan run dir; not in ledger (conservative keep)
exp944,,unknown,pre-radial,,logs/n9_0427_test/exp944_R5B_sh_L2_l002_logd_bs48_r3_test.log;logs/n9_0427_test/exp944_R5B_sh_L2_l002_logd_bs48_r3_test_absrel.log;logs/n9_0427_test/exp944_R5B_sh_L2_l002_logd_bs48_r3_test_delta1.log;logs/n9_0427_train/exp944_R5B_sh_L2_l002_logd_bs48_r3.log,checkpoints/echorange_soundspaces_BS48_Lr0.0001_AdamW_exp944_R5B_sh_L2_l002_logd_bs48_r3,results/echorange_soundspaces_BS48_Lr0.0001_AdamW_exp944_R5B_sh_L2_l002_logd_bs48_r3,,97b6668,keep,orphan run dir; not in ledger (conservative keep)
exp945,,unknown,pre-radial,,logs/n9_0427_test/exp945_R5B_sh_L2_l005_logd_bs48_r3_test.log;logs/n9_0427_test/exp945_R5B_sh_L2_l005_logd_bs48_r3_test_absrel.log;logs/n9_0427_test/exp945_R5B_sh_L2_l005_logd_bs48_r3_test_delta1.log;logs/n9_0427_train/exp945_R5B_sh_L2_l005_logd_bs48_r3.log,checkpoints/echorange_soundspaces_BS48_Lr0.0001_AdamW_exp945_R5B_sh_L2_l005_logd_bs48_r3,results/echorange_soundspaces_BS48_Lr0.0001_AdamW_exp945_R5B_sh_L2_l005_logd_bs48_r3,,97b6668,keep,orphan run dir; not in ledger (conservative keep)
exp946,,unknown,pre-radial,,logs/n9_0427_test/exp946_R5B_sh_L2_l010_logd_bs48_r3_test.log;logs/n9_0427_test/exp946_R5B_sh_L2_l010_logd_bs48_r3_test_rmse.log;logs/n9_0427_test/exp946_R5B_sh_L2_l010_logd_bs48_r3_test_delta1.log;logs/n9_0427_train/exp946_R5B_sh_L2_l010_logd_bs48_r3.log,checkpoints/echorange_soundspaces_BS48_Lr0.0001_AdamW_exp946_R5B_sh_L2_l010_logd_bs48_r3,results/echorange_soundspaces_BS48_Lr0.0001_AdamW_exp946_R5B_sh_L2_l010_logd_bs48_r3,,97b6668,keep,orphan run dir; not in ledger (conservative keep)
exp947,,unknown,pre-radial,,logs/n9_0427_test/exp947_R5B_sh_L3_l002_logd_bs48_r3_test.log;logs/n9_0427_test/exp947_R5B_sh_L3_l002_logd_bs48_r3_test_absrel.log;logs/n9_0427_test/exp947_R5B_sh_L3_l002_logd_bs48_r3_test_delta1.log;logs/n9_0427_train/exp947_R5B_sh_L3_l002_logd_bs48_r3.log,checkpoints/echorange_soundspaces_BS48_Lr0.0001_AdamW_exp947_R5B_sh_L3_l002_logd_bs48_r3,results/echorange_soundspaces_BS48_Lr0.0001_AdamW_exp947_R5B_sh_L3_l002_logd_bs48_r3,,97b6668,keep,orphan run dir; not in ledger (conservative keep)
exp948,,unknown,pre-radial,,logs/n9_0427_test/exp948_R5B_sh_L3_l005_logd_bs48_r3_test.log;logs/n9_0427_test/exp948_R5B_sh_L3_l005_logd_bs48_r3_test_absrel.log;logs/n9_0427_test/exp948_R5B_sh_L3_l005_logd_bs48_r3_test_delta1.log;logs/n9_0427_train/exp948_R5B_sh_L3_l005_logd_bs48_r3.log,checkpoints/echorange_soundspaces_BS48_Lr0.0001_AdamW_exp948_R5B_sh_L3_l005_logd_bs48_r3,results/echorange_soundspaces_BS48_Lr0.0001_AdamW_exp948_R5B_sh_L3_l005_logd_bs48_r3,,97b6668,keep,orphan run dir; not in ledger (conservative keep)
exp949,,unknown,pre-radial,,logs/n9_0427_test/exp949_R5B_sh_L2_l002_lin_bs48_r3_test.log;logs/n9_0427_test/exp949_R5B_sh_L2_l002_lin_bs48_r3_test_rmse.log;logs/n9_0427_test/exp949_R5B_sh_L2_l002_lin_bs48_r3_test_delta1.log;logs/n9_0427_train/exp949_R5B_sh_L2_l002_lin_bs48_r3.log,checkpoints/echorange_soundspaces_BS48_Lr0.0001_AdamW_exp949_R5B_sh_L2_l002_lin_bs48_r3,results/echorange_soundspaces_BS48_Lr0.0001_AdamW_exp949_R5B_sh_L2_l002_lin_bs48_r3,,97b6668,keep,orphan run dir; not in ledger (conservative keep)
exp950,,unknown,pre-radial,,logs/n9_0427_test/exp950_R5C_combo_q050_sh002_bs48_r3_test.log;logs/n9_0427_test/exp950_R5C_combo_q050_sh002_bs48_r3_test_delta1.log;logs/n9_0427_train/exp950_R5C_combo_q050_sh002_bs48_r3.log,checkpoints/echorange_soundspaces_BS48_Lr0.0001_AdamW_exp950_R5C_combo_q050_sh002_bs48_r3,results/echorange_soundspaces_BS48_Lr0.0001_AdamW_exp950_R5C_combo_q050_sh002_bs48_r3,,97b6668,keep,orphan run dir; not in ledger (conservative keep)
exp951,,unknown,pre-radial,,logs/n9_0427_test/exp951_R5C_combo_q050_sh005_bs48_r3_test.log;logs/n9_0427_test/exp951_R5C_combo_q050_sh005_bs48_r3_test_rmse.log;logs/n9_0427_test/exp951_R5C_combo_q050_sh005_bs48_r3_test_delta1.log;logs/n9_0427_train/exp951_R5C_combo_q050_sh005_bs48_r3.log,checkpoints/echorange_soundspaces_BS48_Lr0.0001_AdamW_exp951_R5C_combo_q050_sh005_bs48_r3,results/echorange_soundspaces_BS48_Lr0.0001_AdamW_exp951_R5C_combo_q050_sh005_bs48_r3,,97b6668,keep,orphan run dir; not in ledger (conservative keep)
exp952,,unknown,pre-radial,,logs/n9_0427_test/exp952_R5C_combo_q045_sh002_bs48_r3_test.log;logs/n9_0427_test/exp952_R5C_combo_q045_sh002_bs48_r3_test_absrel.log;logs/n9_0427_test/exp952_R5C_combo_q045_sh002_bs48_r3_test_delta1.log;logs/n9_0427_train/exp952_R5C_combo_q045_sh002_bs48_r3.log,checkpoints/echorange_soundspaces_BS48_Lr0.0001_AdamW_exp952_R5C_combo_q045_sh002_bs48_r3,results/echorange_soundspaces_BS48_Lr0.0001_AdamW_exp952_R5C_combo_q045_sh002_bs48_r3,,97b6668,keep,orphan run dir; not in ledger (conservative keep)
exp953,,unknown,pre-radial,,logs/n9_0427_test/exp953_R5C_combo_q055_sh002_bs48_r3_test.log;logs/n9_0427_test/exp953_R5C_combo_q055_sh002_bs48_r3_test_rmse.log;logs/n9_0427_test/exp953_R5C_combo_q055_sh002_bs48_r3_test_delta1.log;logs/n9_0427_train/exp953_R5C_combo_q055_sh002_bs48_r3.log,checkpoints/echorange_soundspaces_BS48_Lr0.0001_AdamW_exp953_R5C_combo_q055_sh002_bs48_r3,results/echorange_soundspaces_BS48_Lr0.0001_AdamW_exp953_R5C_combo_q055_sh002_bs48_r3,,97b6668,keep,orphan run dir; not in ledger (conservative keep)
exp954,,unknown,pre-radial,,logs/n9_0427_test/exp954_R5D_cyl_horiz_base_bs48_r3_test.log;logs/n9_0427_test/exp954_R5D_cyl_horiz_base_bs48_r3_test_absrel.log;logs/n9_0427_test/exp954_R5D_cyl_horiz_base_bs48_r3_test_delta1.log;logs/n9_0427_train/exp954_R5D_cyl_horiz_base_bs48_r3.log,checkpoints/echorange_soundspaces_BS48_Lr0.0001_AdamW_exp954_R5D_cyl_horiz_base_bs48_r3,results/echorange_soundspaces_BS48_Lr0.0001_AdamW_exp954_R5D_cyl_horiz_base_bs48_r3,,97b6668,keep,orphan run dir; not in ledger (conservative keep)
exp955,,unknown,pre-radial,,logs/n9_0427_test/exp955_R5D_cyl_horiz_sq_bs48_r3_test.log;logs/n9_0427_test/exp955_R5D_cyl_horiz_sq_bs48_r3_test_absrel.log;logs/n9_0427_test/exp955_R5D_cyl_horiz_sq_bs48_r3_test_delta1.log;logs/n9_0427_train/exp955_R5D_cyl_horiz_sq_bs48_r3.log,checkpoints/echorange_soundspaces_BS48_Lr0.0001_AdamW_exp955_R5D_cyl_horiz_sq_bs48_r3,results/echorange_soundspaces_BS48_Lr0.0001_AdamW_exp955_R5D_cyl_horiz_sq_bs48_r3,,97b6668,keep,orphan run dir; not in ledger (conservative keep)
exp956,,unknown,pre-radial,,logs/n9_0427_test/exp956_R5D_cyl_horiz_sh_bs48_r3_test.log;logs/n9_0427_test/exp956_R5D_cyl_horiz_sh_bs48_r3_test_absrel.log;logs/n9_0427_test/exp956_R5D_cyl_horiz_sh_bs48_r3_test_rmse.log;logs/n9_0427_test/exp956_R5D_cyl_horiz_sh_bs48_r3_test_delta1.log;logs/n9_0427_train/exp956_R5D_cyl_horiz_sh_bs48_r3.log,checkpoints/echorange_soundspaces_BS48_Lr0.0001_AdamW_exp956_R5D_cyl_horiz_sh_bs48_r3,results/echorange_soundspaces_BS48_Lr0.0001_AdamW_exp956_R5D_cyl_horiz_sh_bs48_r3,,97b6668,keep,orphan run dir; not in ledger (conservative keep)
exp957,,unknown,pre-radial,,logs/n9_0427_test/exp957_R5E_haz_softhit075_bs48_r3_test.log;logs/n9_0427_test/exp957_R5E_haz_softhit075_bs48_r3_test_absrel.log;logs/n9_0427_test/exp957_R5E_haz_softhit075_bs48_r3_test_delta1.log;logs/n9_0427_train/exp957_R5E_haz_softhit075_bs48_r3.log,checkpoints/echorange_soundspaces_BS48_Lr0.0001_AdamW_exp957_R5E_haz_softhit075_bs48_r3,results/echorange_soundspaces_BS48_Lr0.0001_AdamW_exp957_R5E_haz_softhit075_bs48_r3,,97b6668,keep,orphan run dir; not in ledger (conservative keep)
exp958,,unknown,pre-radial,,logs/n9_0427_test/exp958_R5F_S40_echodiff_bs32_r3_ep40_test.log;logs/n9_0427_test/exp958_R5F_S40_echodiff_bs32_r3_ep40_test_rmse.log;logs/n9_0427_test/exp958_R5F_S40_echodiff_bs32_r3_ep40_test_delta1.log;logs/n9_0427_train/exp958_R5F_S40_echodiff_bs32_r3_ep40.log,checkpoints/echodiffusion_soundspaces_BS32_Lr0.0001_AdamW_exp958_R5F_S40_echodiff_bs32_r3_ep40,results/echodiffusion_soundspaces_BS32_Lr0.0001_AdamW_exp958_R5F_S40_echodiff_bs32_r3_ep40,,97b6668,keep,orphan run dir; not in ledger (conservative keep)
exp959,,unknown,pre-radial,,logs/n9_0427_test/exp959_R5F_S40_echorange_scalar_bs32_r3_ep40_test.log;logs/n9_0427_test/exp959_R5F_S40_echorange_scalar_bs32_r3_ep40_test_absrel.log;logs/n9_0427_test/exp959_R5F_S40_echorange_scalar_bs32_r3_ep40_test_delta1.log;logs/n9_0427_train/exp959_R5F_S40_echorange_scalar_bs32_r3_ep40.log,checkpoints/echorange_soundspaces_BS32_Lr0.0001_AdamW_exp959_R5F_S40_echorange_scalar_bs32_r3_ep40,results/echorange_soundspaces_BS32_Lr0.0001_AdamW_exp959_R5F_S40_echorange_scalar_bs32_r3_ep40,,97b6668,keep,orphan run dir; not in ledger (conservative keep)
exp960,,unknown,pre-radial,,logs/n9_0427_test/exp960_R5F_R40_expect_bs32_r3_ep40_test.log;logs/n9_0427_test/exp960_R5F_R40_expect_bs32_r3_ep40_test_rmse.log;logs/n9_0427_test/exp960_R5F_R40_expect_bs32_r3_ep40_test_delta1.log;logs/n9_0427_train/exp960_R5F_R40_expect_bs32_r3_ep40.log,checkpoints/echorange_soundspaces_BS32_Lr0.0001_AdamW_exp960_R5F_R40_expect_bs32_r3_ep40,results/echorange_soundspaces_BS32_Lr0.0001_AdamW_exp960_R5F_R40_expect_bs32_r3_ep40,,97b6668,keep,orphan run dir; not in ledger (conservative keep)
exp961,,unknown,pre-radial,,logs/n9_0427_test/exp961_R5F_R40_median_bs32_r3_ep40_test.log;logs/n9_0427_test/exp961_R5F_R40_median_bs32_r3_ep40_test_absrel.log;logs/n9_0427_test/exp961_R5F_R40_median_bs32_r3_ep40_test_rmse.log;logs/n9_0427_test/exp961_R5F_R40_median_bs32_r3_ep40_test_delta1.log;logs/n9_0427_train/exp961_R5F_R40_median_bs32_r3_ep40.log,checkpoints/echorange_soundspaces_BS32_Lr0.0001_AdamW_exp961_R5F_R40_median_bs32_r3_ep40,results/echorange_soundspaces_BS32_Lr0.0001_AdamW_exp961_R5F_R40_median_bs32_r3_ep40,,97b6668,keep,orphan run dir; not in ledger (conservative keep)
exp962,,unknown,pre-radial,,logs/n9_0427_test/exp962_R5G_R20_sq_q050_bs32_r3_test.log;logs/n9_0427_test/exp962_R5G_R20_sq_q050_bs32_r3_test_absrel.log;logs/n9_0427_test/exp962_R5G_R20_sq_q050_bs32_r3_test_rmse.log;logs/n9_0427_test/exp962_R5G_R20_sq_q050_bs32_r3_test_delta1.log;logs/n9_0427_train/exp962_R5G_R20_sq_q050_bs32_r3.log,checkpoints/echorange_soundspaces_BS32_Lr0.0001_AdamW_exp962_R5G_R20_sq_q050_bs32_r3,results/echorange_soundspaces_BS32_Lr0.0001_AdamW_exp962_R5G_R20_sq_q050_bs32_r3,,97b6668,keep,orphan run dir; not in ledger (conservative keep)
exp963,,unknown,pre-radial,,logs/n9_0427_test/exp963_R5H_R20_sh_L2_l002_bs32_r3_test.log;logs/n9_0427_test/exp963_R5H_R20_sh_L2_l002_bs32_r3_test_absrel.log;logs/n9_0427_test/exp963_R5H_R20_sh_L2_l002_bs32_r3_test_rmse.log;logs/n9_0427_test/exp963_R5H_R20_sh_L2_l002_bs32_r3_test_delta1.log;logs/n9_0427_train/exp963_R5H_R20_sh_L2_l002_bs32_r3.log,checkpoints/echorange_soundspaces_BS32_Lr0.0001_AdamW_exp963_R5H_R20_sh_L2_l002_bs32_r3,results/echorange_soundspaces_BS32_Lr0.0001_AdamW_exp963_R5H_R20_sh_L2_l002_bs32_r3,,97b6668,keep,orphan run dir; not in ledger (conservative keep)
exp964,,unknown,pre-radial,,logs/n9_0427_test/exp964_R5I_R20_combo_bs32_r3_test.log;logs/n9_0427_test/exp964_R5I_R20_combo_bs32_r3_test_delta1.log;logs/n9_0427_train/exp964_R5I_R20_combo_bs32_r3.log,checkpoints/echorange_soundspaces_BS32_Lr0.0001_AdamW_exp964_R5I_R20_combo_bs32_r3,results/echorange_soundspaces_BS32_Lr0.0001_AdamW_exp964_R5I_R20_combo_bs32_r3,,97b6668,keep,orphan run dir; not in ledger (conservative keep)
exp965,,unknown,pre-radial,,logs/n9_0427_test/exp965_R5J_R20_exp907_repro_bs32_r3_test.log;logs/n9_0427_test/exp965_R5J_R20_exp907_repro_bs32_r3_test_absrel.log;logs/n9_0427_test/exp965_R5J_R20_exp907_repro_bs32_r3_test_delta1.log;logs/n9_0427_train/exp965_R5J_R20_exp907_repro_bs32_r3.log,checkpoints/echorange_soundspaces_BS32_Lr0.0001_AdamW_exp965_R5J_R20_exp907_repro_bs32_r3,results/echorange_soundspaces_BS32_Lr0.0001_AdamW_exp965_R5J_R20_exp907_repro_bs32_r3,,97b6668,keep,orphan run dir; not in ledger (conservative keep)
exp966,,unknown,pre-radial,,logs/n9_0427_test/exp966_R5J_R20_cyl_horiz_base_bs32_r3_test.log;logs/n9_0427_test/exp966_R5J_R20_cyl_horiz_base_bs32_r3_test_delta1.log;logs/n9_0427_train/exp966_R5J_R20_cyl_horiz_base_bs32_r3.log,checkpoints/echorange_soundspaces_BS32_Lr0.0001_AdamW_exp966_R5J_R20_cyl_horiz_base_bs32_r3,results/echorange_soundspaces_BS32_Lr0.0001_AdamW_exp966_R5J_R20_cyl_horiz_base_bs32_r3,,97b6668,keep,orphan run dir; not in ledger (conservative keep)
exp967,,unknown,pre-radial,,logs/n9_0427_test/exp967_R5J_R20_cyl_horiz_sq_bs32_r3_test.log;logs/n9_0427_test/exp967_R5J_R20_cyl_horiz_sq_bs32_r3_test_absrel.log;logs/n9_0427_test/exp967_R5J_R20_cyl_horiz_sq_bs32_r3_test_delta1.log;logs/n9_0427_train/exp967_R5J_R20_cyl_horiz_sq_bs32_r3.log,checkpoints/echorange_soundspaces_BS32_Lr0.0001_AdamW_exp967_R5J_R20_cyl_horiz_sq_bs32_r3,results/echorange_soundspaces_BS32_Lr0.0001_AdamW_exp967_R5J_R20_cyl_horiz_sq_bs32_r3,,97b6668,keep,orphan run dir; not in ledger (conservative keep)
exp968,,unknown,pre-radial,,logs/n9_0427_test/exp968_R4B_sh_L2_l008_logd_bs48_r4_test.log;logs/n9_0427_test/exp968_R4B_sh_L2_l008_logd_bs48_r4_test_absrel.log;logs/n9_0427_test/exp968_R4B_sh_L2_l008_logd_bs48_r4_test_delta1.log;logs/n9_0427_train/exp968_R4B_sh_L2_l008_logd_bs48_r4.log,checkpoints/echorange_soundspaces_BS48_Lr0.0001_AdamW_exp968_R4B_sh_L2_l008_logd_bs48_r4,results/echorange_soundspaces_BS48_Lr0.0001_AdamW_exp968_R4B_sh_L2_l008_logd_bs48_r4,,97b6668,keep,orphan run dir; not in ledger (conservative keep)
exp969,,unknown,pre-radial,,logs/n9_0427_test/exp969_R4B_sh_L2_l015_logd_bs48_r4_test.log;logs/n9_0427_test/exp969_R4B_sh_L2_l015_logd_bs48_r4_test_absrel.log;logs/n9_0427_test/exp969_R4B_sh_L2_l015_logd_bs48_r4_test_delta1.log;logs/n9_0427_train/exp969_R4B_sh_L2_l015_logd_bs48_r4.log,checkpoints/echorange_soundspaces_BS48_Lr0.0001_AdamW_exp969_R4B_sh_L2_l015_logd_bs48_r4,results/echorange_soundspaces_BS48_Lr0.0001_AdamW_exp969_R4B_sh_L2_l015_logd_bs48_r4,,97b6668,keep,orphan run dir; not in ledger (conservative keep)
exp970,,unknown,pre-radial,,logs/n9_0427_test/exp970_R4B_sh_L2_l020_logd_bs48_r4_test.log;logs/n9_0427_test/exp970_R4B_sh_L2_l020_logd_bs48_r4_test_rmse.log;logs/n9_0427_test/exp970_R4B_sh_L2_l020_logd_bs48_r4_test_delta1.log;logs/n9_0427_train/exp970_R4B_sh_L2_l020_logd_bs48_r4.log,checkpoints/echorange_soundspaces_BS48_Lr0.0001_AdamW_exp970_R4B_sh_L2_l020_logd_bs48_r4,results/echorange_soundspaces_BS48_Lr0.0001_AdamW_exp970_R4B_sh_L2_l020_logd_bs48_r4,,97b6668,keep,orphan run dir; not in ledger (conservative keep)
exp971,,unknown,pre-radial,,logs/n9_0427_test/exp971_R4B_sh_l010_sq_q050_t003_bs48_r4_test.log;logs/n9_0427_test/exp971_R4B_sh_l010_sq_q050_t003_bs48_r4_test_absrel.log;logs/n9_0427_test/exp971_R4B_sh_l010_sq_q050_t003_bs48_r4_test_delta1.log;logs/n9_0427_train/exp971_R4B_sh_l010_sq_q050_t003_bs48_r4.log,checkpoints/echorange_soundspaces_BS48_Lr0.0001_AdamW_exp971_R4B_sh_l010_sq_q050_t003_bs48_r4,results/echorange_soundspaces_BS48_Lr0.0001_AdamW_exp971_R4B_sh_l010_sq_q050_t003_bs48_r4,,97b6668,keep,orphan run dir; not in ledger (conservative keep)
exp972,,unknown,pre-radial,,logs/n9_0427_test/exp972_R4B_sh_l010_no_farmask_bs48_r4_test.log;logs/n9_0427_test/exp972_R4B_sh_l010_no_farmask_bs48_r4_test_rmse.log;logs/n9_0427_test/exp972_R4B_sh_l010_no_farmask_bs48_r4_test_delta1.log;logs/n9_0427_train/exp972_R4B_sh_l010_no_farmask_bs48_r4.log,checkpoints/echorange_soundspaces_BS48_Lr0.0001_AdamW_exp972_R4B_sh_l010_no_farmask_bs48_r4,results/echorange_soundspaces_BS48_Lr0.0001_AdamW_exp972_R4B_sh_l010_no_farmask_bs48_r4,,97b6668,keep,orphan run dir; not in ledger (conservative keep)
exp973,,unknown,pre-radial,,logs/n9_0427_test/exp973_R4G_sq_q050_t002_l025_bs48_r4_test.log;logs/n9_0427_test/exp973_R4G_sq_q050_t002_l025_bs48_r4_test_absrel.log;logs/n9_0427_test/exp973_R4G_sq_q050_t002_l025_bs48_r4_test_delta1.log;logs/n9_0427_train/exp973_R4G_sq_q050_t002_l025_bs48_r4.log,checkpoints/echorange_soundspaces_BS48_Lr0.0001_AdamW_exp973_R4G_sq_q050_t002_l025_bs48_r4,results/echorange_soundspaces_BS48_Lr0.0001_AdamW_exp973_R4G_sq_q050_t002_l025_bs48_r4,,97b6668,keep,orphan run dir; not in ledger (conservative keep)
exp974,,unknown,pre-radial,,logs/n9_0427_test/exp974_R4G_sq_q050_t003_l050_sh010_bs48_r4_test.log;logs/n9_0427_test/exp974_R4G_sq_q050_t003_l050_sh010_bs48_r4_test_absrel.log;logs/n9_0427_test/exp974_R4G_sq_q050_t003_l050_sh010_bs48_r4_test_delta1.log;logs/n9_0427_train/exp974_R4G_sq_q050_t003_l050_sh010_bs48_r4.log,checkpoints/echorange_soundspaces_BS48_Lr0.0001_AdamW_exp974_R4G_sq_q050_t003_l050_sh010_bs48_r4,results/echorange_soundspaces_BS48_Lr0.0001_AdamW_exp974_R4G_sq_q050_t003_l050_sh010_bs48_r4,,97b6668,keep,orphan run dir; not in ledger (conservative keep)
exp975,,unknown,pre-radial,,logs/n9_0427_test/exp975_R4G_sq_q050_t003_l100_bs48_r4_test.log;logs/n9_0427_test/exp975_R4G_sq_q050_t003_l100_bs48_r4_test_absrel.log;logs/n9_0427_test/exp975_R4G_sq_q050_t003_l100_bs48_r4_test_delta1.log;logs/n9_0427_train/exp975_R4G_sq_q050_t003_l100_bs48_r4.log,checkpoints/echorange_soundspaces_BS48_Lr0.0001_AdamW_exp975_R4G_sq_q050_t003_l100_bs48_r4,results/echorange_soundspaces_BS48_Lr0.0001_AdamW_exp975_R4G_sq_q050_t003_l100_bs48_r4,,97b6668,keep,orphan run dir; not in ledger (conservative keep)
exp976,,unknown,pre-radial,,logs/n9_0427_test/exp976_R4H_haz_event_nll_sh010_bs48_r4_test.log;logs/n9_0427_test/exp976_R4H_haz_event_nll_sh010_bs48_r4_test_absrel.log;logs/n9_0427_test/exp976_R4H_haz_event_nll_sh010_bs48_r4_test_delta1.log;logs/n9_0427_train/exp976_R4H_haz_event_nll_sh010_bs48_r4.log,checkpoints/echorange_soundspaces_BS48_Lr0.0001_AdamW_exp976_R4H_haz_event_nll_sh010_bs48_r4,results/echorange_soundspaces_BS48_Lr0.0001_AdamW_exp976_R4H_haz_event_nll_sh010_bs48_r4,,97b6668,keep,orphan run dir; not in ledger (conservative keep)
exp977,,unknown,pre-radial,,logs/n9_0427_test/exp977_R4H_haz_softhit075_sh010_bs48_r4_test.log;logs/n9_0427_test/exp977_R4H_haz_softhit075_sh010_bs48_r4_test_absrel.log;logs/n9_0427_test/exp977_R4H_haz_softhit075_sh010_bs48_r4_test_delta1.log;logs/n9_0427_train/exp977_R4H_haz_softhit075_sh010_bs48_r4.log,checkpoints/echorange_soundspaces_BS48_Lr0.0001_AdamW_exp977_R4H_haz_softhit075_sh010_bs48_r4,results/echorange_soundspaces_BS48_Lr0.0001_AdamW_exp977_R4H_haz_softhit075_sh010_bs48_r4,,97b6668,keep,orphan run dir; not in ledger (conservative keep)
exp978,,unknown,pre-radial,,logs/n9_0427_test/exp978_R4F_R40_sh_l010_bs32_r4_ep40_test.log;logs/n9_0427_test/exp978_R4F_R40_sh_l010_bs32_r4_ep40_test_rmse.log;logs/n9_0427_test/exp978_R4F_R40_sh_l010_bs32_r4_ep40_test_delta1.log;logs/n9_0427_train/exp978_R4F_R40_sh_l010_bs32_r4_ep40.log,checkpoints/echorange_soundspaces_BS32_Lr0.0001_AdamW_exp978_R4F_R40_sh_l010_bs32_r4_ep40,results/echorange_soundspaces_BS32_Lr0.0001_AdamW_exp978_R4F_R40_sh_l010_bs32_r4_ep40,,97b6668,keep,orphan run dir; not in ledger (conservative keep)
exp979,,unknown,pre-radial,,logs/n9_0427_test/exp979_R4F_R40_sq_q050_t003_bs32_r4_ep40_test.log;logs/n9_0427_test/exp979_R4F_R40_sq_q050_t003_bs32_r4_ep40_test_rmse.log;logs/n9_0427_test/exp979_R4F_R40_sq_q050_t003_bs32_r4_ep40_test_delta1.log;logs/n9_0427_train/exp979_R4F_R40_sq_q050_t003_bs32_r4_ep40.log,checkpoints/echorange_soundspaces_BS32_Lr0.0001_AdamW_exp979_R4F_R40_sq_q050_t003_bs32_r4_ep40,results/echorange_soundspaces_BS32_Lr0.0001_AdamW_exp979_R4F_R40_sq_q050_t003_bs32_r4_ep40,,97b6668,keep,orphan run dir; not in ledger (conservative keep)
exp980,,unknown,pre-radial,,logs/n9_0427_test/exp980_R4F_R40_sh_sq_combo_bs32_r4_ep40_test.log;logs/n9_0427_test/exp980_R4F_R40_sh_sq_combo_bs32_r4_ep40_test_absrel.log;logs/n9_0427_test/exp980_R4F_R40_sh_sq_combo_bs32_r4_ep40_test_delta1.log;logs/n9_0427_train/exp980_R4F_R40_sh_sq_combo_bs32_r4_ep40.log,checkpoints/echorange_soundspaces_BS32_Lr0.0001_AdamW_exp980_R4F_R40_sh_sq_combo_bs32_r4_ep40,results/echorange_soundspaces_BS32_Lr0.0001_AdamW_exp980_R4F_R40_sh_sq_combo_bs32_r4_ep40,,97b6668,keep,orphan run dir; not in ledger (conservative keep)
exp981,,unknown,pre-radial,,logs/n9_0427_test/exp981_R4F_R40_expect_cosineLR_bs32_r4_ep40_test.log;logs/n9_0427_test/exp981_R4F_R40_expect_cosineLR_bs32_r4_ep40_test_delta1.log;logs/n9_0427_train/exp981_R4F_R40_expect_cosineLR_bs32_r4_ep40.log,checkpoints/echorange_soundspaces_BS32_Lr0.0001_AdamW_exp981_R4F_R40_expect_cosineLR_bs32_r4_ep40,results/echorange_soundspaces_BS32_Lr0.0001_AdamW_exp981_R4F_R40_expect_cosineLR_bs32_r4_ep40,,97b6668,keep,orphan run dir; not in ledger (conservative keep)
exp982,,unknown,pre-radial,,logs/n9_0427_test/exp982_R4F_R40_full_stack_bs32_r4_ep40_test.log;logs/n9_0427_test/exp982_R4F_R40_full_stack_bs32_r4_ep40_test_delta1.log;logs/n9_0427_train/exp982_R4F_R40_full_stack_bs32_r4_ep40.log,checkpoints/echorange_soundspaces_BS32_Lr0.0001_AdamW_exp982_R4F_R40_full_stack_bs32_r4_ep40,results/echorange_soundspaces_BS32_Lr0.0001_AdamW_exp982_R4F_R40_full_stack_bs32_r4_ep40,,97b6668,keep,orphan run dir; not in ledger (conservative keep)
exp983,,unknown,pre-radial,,logs/n9_0427_test/exp983_R4F_S40_echodiff_cosineLR_bs32_r4_ep40_test.log;logs/n9_0427_test/exp983_R4F_S40_echodiff_cosineLR_bs32_r4_ep40_test_absrel.log;logs/n9_0427_test/exp983_R4F_S40_echodiff_cosineLR_bs32_r4_ep40_test_delta1.log;logs/n9_0427_train/exp983_R4F_S40_echodiff_cosineLR_bs32_r4_ep40.log,checkpoints/echodiffusion_soundspaces_BS32_Lr0.0001_AdamW_exp983_R4F_S40_echodiff_cosineLR_bs32_r4_ep40,results/echodiffusion_soundspaces_BS32_Lr0.0001_AdamW_exp983_R4F_S40_echodiff_cosineLR_bs32_r4_ep40,,97b6668,keep,orphan run dir; not in ledger (conservative keep)
exp984,,unknown,pre-radial,,logs/n9_0427_test/exp984_R4S_sh_L0_l010_logd_bs32_r4_test.log;logs/n9_0427_test/exp984_R4S_sh_L0_l010_logd_bs32_r4_test_absrel.log;logs/n9_0427_test/exp984_R4S_sh_L0_l010_logd_bs32_r4_test_rmse.log;logs/n9_0427_test/exp984_R4S_sh_L0_l010_logd_bs32_r4_test_delta1.log;logs/n9_0427_train/exp984_R4S_sh_L0_l010_logd_bs32_r4.log,checkpoints/echorange_soundspaces_BS32_Lr0.0001_AdamW_exp984_R4S_sh_L0_l010_logd_bs32_r4,results/echorange_soundspaces_BS32_Lr0.0001_AdamW_exp984_R4S_sh_L0_l010_logd_bs32_r4,,97b6668,keep,orphan run dir; not in ledger (conservative keep)
exp985,,unknown,pre-radial,,logs/n9_0427_test/exp985_R4S_sh_L1_l010_logd_bs32_r4_test.log;logs/n9_0427_test/exp985_R4S_sh_L1_l010_logd_bs32_r4_test_absrel.log;logs/n9_0427_test/exp985_R4S_sh_L1_l010_logd_bs32_r4_test_delta1.log;logs/n9_0427_train/exp985_R4S_sh_L1_l010_logd_bs32_r4.log,checkpoints/echorange_soundspaces_BS32_Lr0.0001_AdamW_exp985_R4S_sh_L1_l010_logd_bs32_r4,results/echorange_soundspaces_BS32_Lr0.0001_AdamW_exp985_R4S_sh_L1_l010_logd_bs32_r4,,97b6668,keep,orphan run dir; not in ledger (conservative keep)
exp986,,unknown,pre-radial,,logs/n9_0427_test/exp986_R4S_sh_L2_l010_logd_bs32_r4_test.log;logs/n9_0427_test/exp986_R4S_sh_L2_l010_logd_bs32_r4_test_absrel.log;logs/n9_0427_test/exp986_R4S_sh_L2_l010_logd_bs32_r4_test_rmse.log;logs/n9_0427_test/exp986_R4S_sh_L2_l010_logd_bs32_r4_test_delta1.log;logs/n9_0427_train/exp986_R4S_sh_L2_l010_logd_bs32_r4.log,checkpoints/echorange_soundspaces_BS32_Lr0.0001_AdamW_exp986_R4S_sh_L2_l010_logd_bs32_r4,results/echorange_soundspaces_BS32_Lr0.0001_AdamW_exp986_R4S_sh_L2_l010_logd_bs32_r4,,97b6668,keep,orphan run dir; not in ledger (conservative keep)
exp987,,unknown,pre-radial,,logs/n9_0427_test/exp987_R4S_sh_L3_l010_logd_bs32_r4_test.log;logs/n9_0427_test/exp987_R4S_sh_L3_l010_logd_bs32_r4_test_absrel.log;logs/n9_0427_test/exp987_R4S_sh_L3_l010_logd_bs32_r4_test_delta1.log;logs/n9_0427_train/exp987_R4S_sh_L3_l010_logd_bs32_r4.log,checkpoints/echorange_soundspaces_BS32_Lr0.0001_AdamW_exp987_R4S_sh_L3_l010_logd_bs32_r4,results/echorange_soundspaces_BS32_Lr0.0001_AdamW_exp987_R4S_sh_L3_l010_logd_bs32_r4,,97b6668,keep,orphan run dir; not in ledger (conservative keep)
exp988,,unknown,pre-radial,,logs/n9_0427_test/exp988_R4S_sh_L4_l010_logd_bs32_r4_test.log;logs/n9_0427_test/exp988_R4S_sh_L4_l010_logd_bs32_r4_test_rmse.log;logs/n9_0427_test/exp988_R4S_sh_L4_l010_logd_bs32_r4_test_delta1.log;logs/n9_0427_train/exp988_R4S_sh_L4_l010_logd_bs32_r4.log,checkpoints/echorange_soundspaces_BS32_Lr0.0001_AdamW_exp988_R4S_sh_L4_l010_logd_bs32_r4,results/echorange_soundspaces_BS32_Lr0.0001_AdamW_exp988_R4S_sh_L4_l010_logd_bs32_r4,,97b6668,keep,orphan run dir; not in ledger (conservative keep)
exp989,,unknown,pre-radial,,logs/n9_0427_test/exp989_R4S_sh_L2_l015_logd_bs32_r4_test.log;logs/n9_0427_test/exp989_R4S_sh_L2_l015_logd_bs32_r4_test_absrel.log;logs/n9_0427_test/exp989_R4S_sh_L2_l015_logd_bs32_r4_test_delta1.log;logs/n9_0427_train/exp989_R4S_sh_L2_l015_logd_bs32_r4.log,checkpoints/echorange_soundspaces_BS32_Lr0.0001_AdamW_exp989_R4S_sh_L2_l015_logd_bs32_r4,results/echorange_soundspaces_BS32_Lr0.0001_AdamW_exp989_R4S_sh_L2_l015_logd_bs32_r4,,97b6668,keep,orphan run dir; not in ledger (conservative keep)
exp990,,unknown,pre-radial,,logs/n9_0427_test/exp990_R4S_sh_L2_l020_logd_bs32_r4_test.log;logs/n9_0427_test/exp990_R4S_sh_L2_l020_logd_bs32_r4_test_rmse.log;logs/n9_0427_test/exp990_R4S_sh_L2_l020_logd_bs32_r4_test_delta1.log;logs/n9_0427_train/exp990_R4S_sh_L2_l020_logd_bs32_r4.log,checkpoints/echorange_soundspaces_BS32_Lr0.0001_AdamW_exp990_R4S_sh_L2_l020_logd_bs32_r4,results/echorange_soundspaces_BS32_Lr0.0001_AdamW_exp990_R4S_sh_L2_l020_logd_bs32_r4,,97b6668,keep,orphan run dir; not in ledger (conservative keep)
exp991,,unknown,pre-radial,,logs/n9_0427_test/exp991_R4S_sh_L2_l030_logd_bs32_r4_test.log;logs/n9_0427_test/exp991_R4S_sh_L2_l030_logd_bs32_r4_test_absrel.log;logs/n9_0427_test/exp991_R4S_sh_L2_l030_logd_bs32_r4_test_rmse.log;logs/n9_0427_test/exp991_R4S_sh_L2_l030_logd_bs32_r4_test_delta1.log;logs/n9_0427_train/exp991_R4S_sh_L2_l030_logd_bs32_r4.log,checkpoints/echorange_soundspaces_BS32_Lr0.0001_AdamW_exp991_R4S_sh_L2_l030_logd_bs32_r4,results/echorange_soundspaces_BS32_Lr0.0001_AdamW_exp991_R4S_sh_L2_l030_logd_bs32_r4,,97b6668,keep,orphan run dir; not in ledger (conservative keep)
exp992,,unknown,pre-radial,,logs/n9_0427_test/exp992_R4S_sh_L2_l010_lin_bs32_r4_test.log;logs/n9_0427_test/exp992_R4S_sh_L2_l010_lin_bs32_r4_test_rmse.log;logs/n9_0427_test/exp992_R4S_sh_L2_l010_lin_bs32_r4_test_delta1.log;logs/n9_0427_train/exp992_R4S_sh_L2_l010_lin_bs32_r4.log,checkpoints/echorange_soundspaces_BS32_Lr0.0001_AdamW_exp992_R4S_sh_L2_l010_lin_bs32_r4,results/echorange_soundspaces_BS32_Lr0.0001_AdamW_exp992_R4S_sh_L2_l010_lin_bs32_r4,,97b6668,keep,orphan run dir; not in ledger (conservative keep)
exp993,,unknown,pre-radial,,logs/n9_0427_test/exp993_R4S_sh_L1_l030_logd_bs32_r4_test.log;logs/n9_0427_test/exp993_R4S_sh_L1_l030_logd_bs32_r4_test_absrel.log;logs/n9_0427_test/exp993_R4S_sh_L1_l030_logd_bs32_r4_test_delta1.log;logs/n9_0427_train/exp993_R4S_sh_L1_l030_logd_bs32_r4.log,checkpoints/echorange_soundspaces_BS32_Lr0.0001_AdamW_exp993_R4S_sh_L1_l030_logd_bs32_r4,results/echorange_soundspaces_BS32_Lr0.0001_AdamW_exp993_R4S_sh_L1_l030_logd_bs32_r4,,97b6668,keep,orphan run dir; not in ledger (conservative keep)
exp994,,unknown,pre-radial,,logs/n9_0427_test/exp994_R4S_sh_L4_l005_logd_bs32_r4_test.log;logs/n9_0427_test/exp994_R4S_sh_L4_l005_logd_bs32_r4_test_absrel.log;logs/n9_0427_test/exp994_R4S_sh_L4_l005_logd_bs32_r4_test_delta1.log;logs/n9_0427_train/exp994_R4S_sh_L4_l005_logd_bs32_r4.log,checkpoints/echorange_soundspaces_BS32_Lr0.0001_AdamW_exp994_R4S_sh_L4_l005_logd_bs32_r4,results/echorange_soundspaces_BS32_Lr0.0001_AdamW_exp994_R4S_sh_L4_l005_logd_bs32_r4,,97b6668,keep,orphan run dir; not in ledger (conservative keep)
exp995,,unknown,pre-radial,,logs/n9_0427_test/exp995_R4S_sh_L3_l005_logd_bs32_r4_test.log;logs/n9_0427_test/exp995_R4S_sh_L3_l005_logd_bs32_r4_test_delta1.log;logs/n9_0427_train/exp995_R4S_sh_L3_l005_logd_bs32_r4.log,checkpoints/echorange_soundspaces_BS32_Lr0.0001_AdamW_exp995_R4S_sh_L3_l005_logd_bs32_r4,results/echorange_soundspaces_BS32_Lr0.0001_AdamW_exp995_R4S_sh_L3_l005_logd_bs32_r4,,97b6668,keep,orphan run dir; not in ledger (conservative keep)
